KPI,Value
Total Rides,50000
Completed Rides,44964
Cancelled Rides,5036
Completion Rate (%),89.93
Cancellation Rate (%),10.07
Total Revenue,27357200.17
Average Fare,547.14
Maximum Fare,1048.8
Minimum Fare,50.58
Average Distance,25.53
Maximum Distance,50.0
Minimum Distance,1.0
Average Duration,64.32
Maximum Duration,119
Minimum Duration,10
Average Speed,35.31
High Value Rides,22482
Peak Hour Rides,Non-PeakNon-PeakNon-PeakNon-PeakNon-PeakNon-PeakNon-PeakNon-PeakNon-PeakNon-PeakNon-PeakNon-PeakNon-PeakNon-PeakNon-PeakNon-PeakNon-PeakNon-PeakNon-PeakNon-PeakNon-PeakNon-PeakNon-PeakNon-PeakNon-PeakNon-PeakNon-PeakNon-PeakNon-PeakNon-PeakNon-PeakNon-PeakNon-PeakNon-PeakNon-PeakNon-PeakNon-PeakNon-PeakNon-PeakNon-PeakNon-PeakNon-PeakNon-PeakNon-PeakNon-PeakNon-PeakNon-PeakNon-PeakNon-PeakNon-PeakNon-PeakNon-PeakNon-PeakNon-PeakNon-PeakNon-PeakNon-PeakNon-PeakNon-PeakNon-PeakNon-PeakNon-PeakNon-PeakNon-PeakNon-PeakNon-PeakNon-PeakNon-PeakNon-PeakNon-PeakNon-PeakNon-PeakNon-PeakNon-PeakNon-PeakNon-PeakNon-PeakNon-PeakNon-PeakNon-PeakNon-PeakNon-PeakNon-PeakNon-PeakNon-PeakNon-PeakNon-PeakNon-PeakNon-PeakNon-PeakNon-PeakNon-PeakNon-PeakNon-PeakNon-PeakNon-PeakNon-PeakNon-PeakNon-PeakNon-PeakNon-PeakNon-PeakNon-PeakNon-PeakNon-PeakNon-PeakNon-PeakNon-PeakNon-PeakNon-PeakNon-PeakNon-PeakNon-PeakNon-PeakNon-PeakNon-PeakNon-PeakNon-PeakNon-PeakNon-PeakNon-PeakNon-PeakNon-PeakNon-PeakNon-PeakNon-PeakNon-PeakNon-PeakNon-PeakNon-PeakNon-PeakNon-PeakNon-PeakNon-PeakNon-PeakNon-PeakNon-PeakNon-PeakNon-PeakNon-PeakNon-PeakNon-PeakNon-PeakNon-PeakNon-PeakNon-PeakNon-PeakNon-PeakNon-PeakNon-PeakNon-PeakNon-PeakNon-PeakNon-PeakNon-PeakNon-PeakNon-PeakNon-PeakNon-PeakNon-PeakNon-PeakNon-PeakNon-PeakNon-PeakNon-PeakNon-PeakNon-PeakNon-PeakNon-PeakNon-PeakNon-PeakNon-PeakNon-PeakNon-PeakNon-PeakNon-PeakNon-PeakNon-PeakNon-PeakNon-PeakNon-PeakNon-PeakNon-PeakNon-PeakNon-PeakNon-PeakNon-PeakNon-PeakNon-PeakNon-PeakNon-PeakNon-PeakNon-PeakNon-PeakNon-PeakNon-PeakNon-PeakNon-PeakNon-PeakNon-PeakNon-PeakNon-PeakNon-PeakNon-PeakNon-PeakNon-PeakNon-PeakNon-PeakNon-PeakNon-PeakNon-PeakPeakPeakPeakPeakPeakPeakPeakPeakPeakPeakPeakPeakPeakPeakPeakPeakPeakPeakPeakPeakPeakPeakPeakPeakPeakPeakPeakPeakPeakPeakPeakPeakPeakPeakPeakPeakPeakPeakPeakPeakPeakPeakPeakPeakPeakPeakPeakPeakPeakPeakPeakPeakPeakPeakPeakPeakPeakPeakPeakPeakPeakPeakPeakPeakPeakPeakPeakPeakPeakPeakPeakPeakPeakPeakPeakPeakPeakPeakPeakPeakPeakPeakPeakPeakPeakPeakPeakPeakPeakPeakPeakPeakPeakPeakPeakPeakPeakPeakPeakPeakPeakPeakPeakPeakPeakPeakPeakPeakPeakPeakPeakPeakPeakPeakPeakPeakPeakPeakPeakPeakPeakPeakPeakPeakPeakPeakPeakPeakPeakPeakPeakPeakPeakPeakPeakPeakPeakPeakPeakPeakPeakPeakPeakPeakPeakPeakPeakPeakNon-PeakNon-PeakNon-PeakNon-PeakNon-PeakNon-PeakNon-PeakNon-PeakNon-PeakNon-PeakNon-PeakNon-PeakNon-PeakNon-PeakNon-PeakNon-PeakNon-PeakNon-PeakNon-PeakNon-PeakNon-PeakNon-PeakNon-PeakNon-PeakNon-PeakNon-PeakNon-PeakNon-PeakNon-PeakNon-PeakNon-PeakNon-PeakNon-PeakNon-PeakNon-PeakNon-PeakNon-PeakNon-PeakNon-PeakNon-PeakNon-PeakNon-PeakNon-PeakNon-PeakNon-PeakNon-PeakNon-PeakNon-PeakNon-PeakNon-PeakNon-PeakNon-PeakNon-PeakNon-PeakNon-PeakNon-PeakNon-PeakNon-PeakNon-PeakNon-PeakNon-PeakNon-PeakNon-PeakNon-PeakNon-PeakNon-PeakNon-PeakNon-PeakNon-PeakNon-PeakNon-PeakNon-PeakNon-PeakNon-PeakNon-PeakNon-PeakNon-PeakNon-PeakNon-PeakNon-PeakNon-PeakNon-PeakNon-PeakNon-PeakNon-PeakNon-PeakNon-PeakNon-PeakNon-PeakNon-PeakNon-PeakNon-PeakNon-PeakNon-PeakNon-PeakNon-PeakNon-PeakNon-PeakNon-PeakNon-PeakNon-PeakNon-PeakNon-PeakNon-PeakNon-PeakNon-PeakNon-PeakNon-PeakNon-PeakNon-PeakNon-PeakNon-PeakNon-PeakNon-PeakNon-PeakNon-PeakNon-PeakNon-PeakNon-PeakNon-PeakNon-PeakNon-PeakNon-PeakNon-PeakNon-PeakNon-PeakNon-PeakNon-PeakNon-PeakNon-PeakNon-PeakNon-PeakNon-PeakNon-PeakNon-PeakNon-PeakNon-PeakNon-PeakNon-PeakNon-PeakNon-PeakNon-PeakNon-PeakNon-PeakNon-PeakNon-PeakNon-PeakNon-PeakNon-PeakNon-PeakNon-PeakNon-PeakNon-PeakNon-PeakNon-PeakNon-PeakNon-PeakNon-PeakNon-PeakNon-PeakNon-PeakNon-PeakNon-PeakNon-PeakNon-PeakNon-PeakNon-PeakNon-PeakNon-PeakNon-PeakNon-PeakNon-PeakNon-PeakNon-PeakNon-PeakNon-PeakNon-PeakNon-PeakNon-PeakNon-PeakPeakPeakPeakPeakPeakPeakPeakPeakPeakPeakPeakPeakPeakPeakPeakPeakPeakPeakPeakPeakPeakPeakPeakPeakPeakPeakPeakPeakPeakPeakPeakPeakPeakPeakPeakPeakPeakPeakPeakPeakPeakPeakPeakPeakPeakPeakPeakPeakPeakPeakPeakPeakPeakPeakPeakPeakPeakPeakPeakPeakPeakPeakPeakPeakPeakPeakPeakPeakPeakPeakPeakPeakPeakPeakPeakPeakPeakPeakPeakPeakPeakPeakPeakPeakPeakPeakPeakPeakPeakPeakPeakPeakPeakPeakPeakPeakPeakPeakPeakPeakPeakPeakPeakPeakPeakPeakPeakPeakPeakPeakPeakPeakPeakPeakPeakPeakPeakPeakPeakPeakPeakPeakPeakPeakPeakPeakPeakPeakPeakPeakPeakPeakPeakPeakPeakPeakPeakPeakPeakPeakPeakPeakPeakPeakPeakPeakPeakPeakPeakPeakPeakPeakPeakPeakNon-PeakNon-PeakNon-PeakNon-PeakNon-PeakNon-PeakNon-PeakNon-PeakNon-PeakNon-PeakNon-PeakNon-PeakNon-PeakNon-PeakNon-PeakNon-PeakNon-PeakNon-PeakNon-PeakNon-PeakNon-PeakNon-PeakNon-PeakNon-PeakNon-PeakNon-PeakNon-PeakNon-PeakNon-PeakNon-PeakNon-PeakNon-PeakNon-PeakNon-PeakNon-PeakNon-PeakNon-PeakNon-PeakNon-PeakNon-PeakNon-PeakNon-PeakNon-PeakNon-PeakNon-PeakNon-PeakNon-PeakNon-PeakNon-PeakNon-PeakNon-PeakNon-PeakNon-PeakNon-PeakNon-PeakNon-PeakNon-PeakNon-PeakNon-PeakNon-PeakNon-PeakNon-PeakNon-PeakNon-PeakNon-PeakNon-PeakNon-PeakNon-PeakNon-PeakNon-PeakNon-PeakNon-PeakNon-PeakNon-PeakNon-PeakNon-PeakNon-PeakNon-PeakNon-PeakNon-PeakNon-PeakNon-PeakNon-PeakNon-PeakNon-PeakNon-PeakNon-PeakNon-PeakNon-PeakNon-PeakNon-PeakNon-PeakNon-PeakNon-PeakNon-PeakNon-PeakNon-PeakNon-PeakNon-PeakNon-PeakNon-PeakNon-PeakNon-PeakNon-PeakNon-PeakNon-PeakNon-PeakNon-PeakNon-PeakNon-PeakNon-PeakNon-PeakNon-PeakNon-PeakNon-PeakNon-PeakNon-PeakNon-PeakNon-PeakNon-PeakNon-PeakNon-PeakNon-PeakNon-PeakNon-PeakNon-PeakNon-PeakNon-PeakNon-PeakNon-PeakNon-PeakNon-PeakNon-PeakNon-PeakNon-PeakNon-PeakNon-PeakNon-PeakNon-PeakNon-PeakNon-PeakNon-PeakNon-PeakNon-PeakNon-PeakNon-PeakNon-PeakNon-PeakNon-PeakNon-PeakNon-PeakNon-PeakNon-PeakNon-PeakNon-PeakNon-PeakNon-PeakNon-PeakNon-PeakNon-PeakNon-PeakNon-PeakNon-PeakNon-PeakNon-PeakNon-PeakNon-PeakNon-PeakNon-PeakNon-PeakNon-PeakNon-PeakNon-PeakNon-PeakNon-PeakNon-PeakNon-PeakNon-PeakNon-PeakNon-PeakNon-PeakNon-PeakNon-PeakNon-PeakNon-PeakNon-PeakNon-PeakNon-PeakNon-PeakNon-PeakNon-PeakNon-PeakNon-PeakNon-PeakNon-PeakNon-PeakNon-PeakNon-PeakNon-PeakNon-PeakNon-PeakNon-PeakNon-PeakNon-PeakNon-PeakNon-PeakNon-PeakNon-PeakNon-PeakNon-PeakNon-PeakNon-PeakNon-PeakNon-PeakNon-PeakNon-PeakNon-PeakNon-PeakNon-PeakNon-PeakNon-PeakNon-PeakNon-PeakNon-PeakNon-PeakNon-PeakNon-PeakNon-PeakNon-PeakNon-PeakNon-PeakNon-PeakNon-PeakNon-PeakNon-PeakNon-PeakNon-PeakNon-PeakNon-PeakNon-PeakNon-PeakNon-PeakNon-PeakNon-PeakNon-PeakNon-PeakNon-PeakNon-PeakNon-PeakNon-PeakNon-PeakNon-PeakNon-PeakNon-PeakNon-PeakNon-PeakNon-PeakNon-PeakNon-PeakNon-PeakNon-PeakNon-PeakNon-PeakNon-PeakNon-PeakNon-PeakNon-PeakNon-PeakNon-PeakNon-PeakPeakPeakPeakPeakPeakPeakPeakPeakPeakPeakPeakPeakPeakPeakPeakPeakPeakPeakPeakPeakPeakPeakPeakPeakPeakPeakPeakPeakPeakPeakPeakPeakPeakPeakPeakPeakPeakPeakPeakPeakPeakPeakPeakPeakPeakPeakPeakPeakPeakPeakPeakPeakPeakPeakPeakPeakPeakPeakPeakPeakPeakPeakPeakPeakPeakPeakPeakPeakPeakPeakPeakPeakPeakPeakPeakPeakPeakPeakPeakPeakPeakPeakPeakPeakPeakPeakPeakPeakPeakPeakPeakPeakPeakPeakPeakPeakPeakPeakPeakPeakPeakPeakPeakPeakPeakPeakPeakPeakPeakPeakPeakPeakPeakPeakPeakPeakPeakPeakPeakNon-PeakNon-PeakNon-PeakNon-PeakNon-PeakNon-PeakNon-PeakNon-PeakNon-PeakNon-PeakNon-PeakNon-PeakNon-PeakNon-PeakNon-PeakNon-PeakNon-PeakNon-PeakNon-PeakNon-PeakNon-PeakNon-PeakNon-PeakNon-PeakNon-PeakNon-PeakNon-PeakNon-PeakNon-PeakNon-PeakNon-PeakNon-PeakNon-PeakNon-PeakNon-PeakNon-PeakNon-PeakNon-PeakNon-PeakNon-PeakNon-PeakNon-PeakNon-PeakNon-PeakNon-PeakNon-PeakNon-PeakNon-PeakNon-PeakNon-PeakNon-PeakNon-PeakNon-PeakNon-PeakNon-PeakNon-PeakNon-PeakNon-PeakNon-PeakNon-PeakNon-PeakNon-PeakNon-PeakNon-PeakNon-PeakNon-PeakNon-PeakNon-PeakNon-PeakNon-PeakNon-PeakNon-PeakNon-PeakNon-PeakNon-PeakNon-PeakNon-PeakNon-PeakNon-PeakNon-PeakNon-PeakNon-PeakNon-PeakNon-PeakNon-PeakNon-PeakNon-PeakNon-PeakNon-PeakNon-PeakNon-PeakNon-PeakNon-PeakNon-PeakNon-PeakNon-PeakNon-PeakNon-PeakNon-PeakNon-PeakNon-PeakNon-PeakNon-PeakNon-PeakNon-PeakNon-PeakNon-PeakNon-PeakNon-PeakNon-PeakNon-PeakNon-PeakNon-PeakNon-PeakNon-PeakNon-PeakNon-PeakNon-PeakNon-PeakNon-PeakNon-PeakNon-PeakNon-PeakNon-PeakNon-PeakNon-PeakNon-PeakNon-PeakNon-PeakNon-PeakNon-PeakNon-PeakNon-PeakNon-PeakNon-PeakNon-PeakNon-PeakNon-PeakNon-PeakNon-PeakNon-PeakNon-PeakNon-PeakNon-PeakNon-PeakNon-PeakNon-PeakNon-PeakNon-PeakNon-PeakNon-PeakNon-PeakNon-PeakNon-PeakNon-PeakNon-PeakNon-PeakNon-PeakNon-PeakNon-PeakNon-PeakNon-PeakNon-PeakNon-PeakNon-PeakNon-PeakNon-PeakNon-PeakNon-PeakNon-PeakNon-PeakNon-PeakNon-PeakNon-PeakNon-PeakNon-PeakNon-PeakNon-PeakNon-PeakNon-PeakNon-PeakNon-PeakNon-PeakNon-PeakNon-PeakNon-PeakNon-PeakNon-PeakNon-PeakNon-PeakNon-PeakNon-PeakNon-PeakNon-PeakNon-PeakPeakPeakPeakPeakPeakPeakPeakPeakPeakPeakPeakPeakPeakPeakPeakPeakPeakPeakPeakPeakPeakPeakPeakPeakPeakPeakPeakPeakPeakPeakPeakPeakPeakPeakPeakPeakPeakPeakPeakPeakPeakPeakPeakPeakPeakPeakPeakPeakPeakPeakPeakPeakPeakPeakPeakPeakPeakPeakPeakPeakPeakPeakPeakPeakPeakPeakPeakPeakPeakPeakPeakPeakPeakPeakPeakPeakPeakPeakPeakPeakPeakPeakPeakPeakPeakPeakPeakPeakPeakPeakPeakPeakPeakPeakPeakPeakPeakPeakPeakPeakPeakPeakPeakPeakPeakPeakPeakPeakPeakPeakPeakPeakPeakPeakPeakPeakPeakPeakPeakPeakPeakPeakPeakPeakPeakPeakPeakPeakPeakPeakPeakPeakPeakPeakPeakPeakPeakPeakPeakPeakPeakPeakPeakPeakPeakPeakPeakPeakPeakPeakPeakPeakPeakPeakPeakPeakPeakPeakPeakPeakPeakPeakPeakPeakPeakPeakPeakPeakPeakPeakPeakPeakPeakPeakPeakPeakPeakPeakPeakPeakPeakPeakPeakPeakPeakPeakNon-PeakNon-PeakNon-PeakNon-PeakNon-PeakNon-PeakNon-PeakNon-PeakNon-PeakNon-PeakNon-PeakNon-PeakNon-PeakNon-PeakNon-PeakNon-PeakNon-PeakNon-PeakNon-PeakNon-PeakNon-PeakNon-PeakNon-PeakNon-PeakNon-PeakNon-PeakNon-PeakNon-PeakNon-PeakNon-PeakNon-PeakNon-PeakNon-PeakNon-PeakNon-PeakNon-PeakNon-PeakNon-PeakNon-PeakNon-PeakNon-PeakNon-PeakNon-PeakNon-PeakNon-PeakNon-PeakNon-PeakNon-PeakNon-PeakNon-PeakNon-PeakNon-PeakNon-PeakNon-PeakNon-PeakNon-PeakNon-PeakNon-PeakNon-PeakNon-PeakNon-PeakNon-PeakNon-PeakNon-PeakNon-PeakNon-PeakNon-PeakNon-PeakNon-PeakNon-PeakNon-PeakNon-PeakNon-PeakNon-PeakNon-PeakNon-PeakNon-PeakNon-PeakNon-PeakNon-PeakNon-PeakNon-PeakNon-PeakNon-PeakNon-PeakNon-PeakNon-PeakNon-PeakNon-PeakNon-PeakNon-PeakNon-PeakNon-PeakNon-PeakNon-PeakNon-PeakNon-PeakNon-PeakNon-PeakNon-PeakNon-PeakNon-PeakNon-PeakNon-PeakNon-PeakNon-PeakNon-PeakNon-PeakNon-PeakNon-PeakNon-PeakNon-PeakNon-PeakNon-PeakNon-PeakNon-PeakNon-PeakNon-PeakNon-PeakNon-PeakNon-PeakNon-PeakNon-PeakNon-PeakNon-PeakNon-PeakNon-PeakNon-PeakNon-PeakNon-PeakNon-PeakNon-PeakNon-PeakNon-PeakNon-PeakNon-PeakNon-PeakNon-PeakNon-PeakNon-PeakNon-PeakNon-PeakNon-PeakNon-PeakNon-PeakNon-PeakNon-PeakNon-PeakNon-PeakNon-PeakNon-PeakNon-PeakNon-PeakNon-PeakNon-PeakNon-PeakNon-PeakNon-PeakNon-PeakNon-PeakNon-PeakNon-PeakNon-PeakNon-PeakNon-PeakNon-PeakNon-PeakNon-PeakNon-PeakNon-PeakNon-PeakNon-PeakNon-PeakNon-PeakNon-PeakNon-PeakNon-PeakNon-PeakNon-PeakNon-PeakNon-PeakNon-PeakNon-PeakNon-PeakNon-PeakNon-PeakNon-PeakNon-PeakNon-PeakNon-PeakNon-PeakNon-PeakNon-PeakNon-PeakNon-PeakNon-PeakNon-PeakNon-PeakNon-PeakNon-PeakNon-PeakNon-PeakNon-PeakNon-PeakNon-PeakNon-PeakNon-PeakNon-PeakNon-PeakNon-PeakNon-PeakNon-PeakNon-PeakNon-PeakNon-PeakNon-PeakNon-PeakNon-PeakNon-PeakNon-PeakNon-PeakNon-PeakNon-PeakNon-PeakNon-PeakNon-PeakNon-PeakNon-PeakNon-PeakNon-PeakNon-PeakNon-PeakNon-PeakNon-PeakNon-PeakNon-PeakNon-PeakNon-PeakNon-PeakNon-PeakNon-PeakNon-PeakNon-PeakNon-PeakNon-PeakNon-PeakNon-PeakNon-PeakNon-PeakNon-PeakNon-PeakNon-PeakNon-PeakNon-PeakNon-PeakNon-PeakNon-PeakNon-PeakNon-PeakNon-PeakNon-PeakNon-PeakNon-PeakNon-PeakNon-PeakNon-PeakNon-PeakNon-PeakNon-PeakNon-PeakNon-PeakNon-PeakNon-PeakNon-PeakNon-PeakNon-PeakNon-PeakNon-PeakNon-PeakNon-PeakNon-PeakNon-PeakNon-PeakNon-PeakNon-PeakNon-PeakNon-PeakNon-PeakNon-PeakNon-PeakNon-PeakNon-PeakNon-PeakNon-PeakNon-PeakNon-PeakNon-PeakNon-PeakNon-PeakNon-PeakNon-PeakNon-PeakNon-PeakNon-PeakNon-PeakNon-PeakNon-PeakNon-PeakNon-PeakNon-PeakNon-PeakNon-PeakNon-PeakNon-PeakNon-PeakNon-PeakPeakPeakPeakPeakPeakPeakPeakPeakPeakPeakPeakPeakPeakPeakPeakPeakPeakPeakPeakPeakPeakPeakPeakPeakPeakPeakPeakPeakPeakPeakPeakPeakPeakPeakPeakPeakPeakPeakPeakPeakPeakPeakPeakPeakPeakPeakPeakPeakPeakPeakPeakPeakPeakPeakPeakPeakPeakPeakPeakPeakPeakPeakPeakPeakPeakPeakPeakPeakPeakPeakPeakPeakPeakPeakPeakPeakPeakPeakPeakPeakPeakPeakPeakPeakPeakPeakPeakPeakPeakPeakPeakPeakPeakPeakPeakPeakPeakPeakPeakPeakPeakPeakPeakPeakPeakPeakPeakPeakPeakPeakPeakPeakPeakPeakPeakPeakPeakPeakPeakPeakNon-PeakNon-PeakNon-PeakNon-PeakNon-PeakNon-PeakNon-PeakNon-PeakNon-PeakNon-PeakNon-PeakNon-PeakNon-PeakNon-PeakNon-PeakNon-PeakNon-PeakNon-PeakNon-PeakNon-PeakNon-PeakNon-PeakNon-PeakNon-PeakNon-PeakNon-PeakNon-PeakNon-PeakNon-PeakNon-PeakNon-PeakNon-PeakNon-PeakNon-PeakNon-PeakNon-PeakNon-PeakNon-PeakNon-PeakNon-PeakNon-PeakNon-PeakNon-PeakNon-PeakNon-PeakNon-PeakNon-PeakNon-PeakNon-PeakNon-PeakNon-PeakNon-PeakNon-PeakNon-PeakNon-PeakNon-PeakNon-PeakNon-PeakNon-PeakNon-PeakNon-PeakNon-PeakNon-PeakNon-PeakNon-PeakNon-PeakNon-PeakNon-PeakNon-PeakNon-PeakNon-PeakNon-PeakNon-PeakNon-PeakNon-PeakNon-PeakNon-PeakNon-PeakNon-PeakNon-PeakNon-PeakNon-PeakNon-PeakNon-PeakNon-PeakNon-PeakNon-PeakNon-PeakNon-PeakNon-PeakNon-PeakNon-PeakNon-PeakNon-PeakNon-PeakNon-PeakNon-PeakNon-PeakNon-PeakNon-PeakNon-PeakNon-PeakNon-PeakNon-PeakNon-PeakNon-PeakNon-PeakNon-PeakNon-PeakNon-PeakNon-PeakNon-PeakNon-PeakNon-PeakNon-PeakNon-PeakNon-PeakNon-PeakNon-PeakNon-PeakNon-PeakNon-PeakNon-PeakNon-PeakNon-PeakNon-PeakNon-PeakNon-PeakNon-PeakNon-PeakNon-PeakNon-PeakNon-PeakNon-PeakNon-PeakNon-PeakNon-PeakNon-PeakNon-PeakNon-PeakNon-PeakNon-PeakNon-PeakNon-PeakNon-PeakNon-PeakNon-PeakNon-PeakNon-PeakNon-PeakNon-PeakNon-PeakNon-PeakNon-PeakNon-PeakNon-PeakNon-PeakNon-PeakNon-PeakNon-PeakNon-PeakNon-PeakNon-PeakNon-PeakNon-PeakNon-PeakNon-PeakNon-PeakNon-PeakNon-PeakNon-PeakNon-PeakNon-PeakNon-PeakNon-PeakNon-PeakNon-PeakNon-PeakNon-PeakNon-PeakNon-PeakNon-PeakNon-PeakNon-PeakNon-PeakNon-PeakNon-PeakNon-PeakNon-PeakNon-PeakNon-PeakNon-PeakNon-PeakNon-PeakNon-PeakNon-PeakNon-PeakNon-PeakPeakPeakPeakPeakPeakPeakPeakPeakPeakPeakPeakPeakPeakPeakPeakPeakPeakPeakPeakPeakPeakPeakPeakPeakPeakPeakPeakPeakPeakPeakPeakPeakPeakPeakPeakPeakPeakPeakPeakPeakPeakPeakPeakPeakPeakPeakPeakPeakPeakPeakPeakPeakPeakPeakPeakPeakPeakPeakPeakPeakPeakPeakPeakPeakPeakPeakPeakPeakPeakPeakPeakPeakPeakPeakPeakPeakPeakPeakPeakPeakPeakPeakPeakPeakPeakPeakPeakPeakPeakPeakPeakPeakPeakPeakPeakPeakPeakPeakPeakPeakPeakPeakPeakPeakPeakPeakPeakPeakPeakPeakPeakPeakPeakPeakPeakPeakPeakPeakPeakPeakPeakPeakPeakPeakPeakPeakPeakPeakPeakPeakPeakPeakPeakPeakPeakPeakPeakPeakPeakPeakPeakPeakPeakPeakPeakPeakPeakPeakPeakPeakPeakPeakPeakPeakPeakPeakPeakPeakPeakPeakPeakPeakPeakPeakPeakPeakPeakPeakPeakPeakPeakPeakNon-PeakNon-PeakNon-PeakNon-PeakNon-PeakNon-PeakNon-PeakNon-PeakNon-PeakNon-PeakNon-PeakNon-PeakNon-PeakNon-PeakNon-PeakNon-PeakNon-PeakNon-PeakNon-PeakNon-PeakNon-PeakNon-PeakNon-PeakNon-PeakNon-PeakNon-PeakNon-PeakNon-PeakNon-PeakNon-PeakNon-PeakNon-PeakNon-PeakNon-PeakNon-PeakNon-PeakNon-PeakNon-PeakNon-PeakNon-PeakNon-PeakNon-PeakNon-PeakNon-PeakNon-PeakNon-PeakNon-PeakNon-PeakNon-PeakNon-PeakNon-PeakNon-PeakNon-PeakNon-PeakNon-PeakNon-PeakNon-PeakNon-PeakNon-PeakNon-PeakNon-PeakNon-PeakNon-PeakNon-PeakNon-PeakNon-PeakNon-PeakNon-PeakNon-PeakNon-PeakNon-PeakNon-PeakNon-PeakNon-PeakNon-PeakNon-PeakNon-PeakNon-PeakNon-PeakNon-PeakNon-PeakNon-PeakNon-PeakNon-PeakNon-PeakNon-PeakNon-PeakNon-PeakNon-PeakNon-PeakNon-PeakNon-PeakNon-PeakNon-PeakNon-PeakNon-PeakNon-PeakNon-PeakNon-PeakNon-PeakNon-PeakNon-PeakNon-PeakNon-PeakNon-PeakNon-PeakNon-PeakNon-PeakNon-PeakNon-PeakNon-PeakNon-PeakNon-PeakNon-PeakNon-PeakNon-PeakNon-PeakNon-PeakNon-PeakNon-PeakNon-PeakNon-PeakNon-PeakNon-PeakNon-PeakNon-PeakNon-PeakNon-PeakNon-PeakNon-PeakNon-PeakNon-PeakNon-PeakNon-PeakNon-PeakNon-PeakNon-PeakNon-PeakNon-PeakNon-PeakNon-PeakNon-PeakNon-PeakNon-PeakNon-PeakNon-PeakNon-PeakNon-PeakNon-PeakNon-PeakNon-PeakNon-PeakNon-PeakNon-PeakNon-PeakNon-PeakNon-PeakNon-PeakNon-PeakNon-PeakNon-PeakNon-PeakNon-PeakNon-PeakNon-PeakNon-PeakNon-PeakNon-PeakNon-PeakNon-PeakNon-PeakNon-PeakNon-PeakNon-PeakNon-PeakNon-PeakNon-PeakNon-PeakNon-PeakNon-PeakNon-PeakNon-PeakNon-PeakNon-PeakNon-PeakNon-PeakNon-PeakNon-PeakNon-PeakNon-PeakNon-PeakNon-PeakNon-PeakNon-PeakNon-PeakNon-PeakNon-PeakNon-PeakNon-PeakNon-PeakNon-PeakNon-PeakNon-PeakNon-PeakNon-PeakNon-PeakNon-PeakNon-PeakNon-PeakNon-PeakNon-PeakNon-PeakNon-PeakNon-PeakNon-PeakNon-PeakNon-PeakNon-PeakNon-PeakNon-PeakNon-PeakNon-PeakNon-PeakNon-PeakNon-PeakNon-PeakNon-PeakNon-PeakNon-PeakNon-PeakNon-PeakNon-PeakNon-PeakNon-PeakNon-PeakNon-PeakNon-PeakNon-PeakNon-PeakNon-PeakNon-PeakNon-PeakNon-PeakNon-PeakNon-PeakNon-PeakNon-PeakNon-PeakNon-PeakNon-PeakNon-PeakNon-PeakNon-PeakNon-PeakNon-PeakNon-PeakNon-PeakNon-PeakNon-PeakNon-PeakNon-PeakNon-PeakNon-PeakNon-PeakNon-PeakNon-PeakNon-PeakNon-PeakPeakPeakPeakPeakPeakPeakPeakPeakPeakPeakPeakPeakPeakPeakPeakPeakPeakPeakPeakPeakPeakPeakPeakPeakPeakPeakPeakPeakPeakPeakPeakPeakPeakPeakPeakPeakPeakPeakPeakPeakPeakPeakPeakPeakPeakPeakPeakPeakPeakPeakPeakPeakPeakPeakPeakPeakPeakPeakPeakPeakPeakPeakPeakPeakPeakPeakPeakPeakPeakPeakPeakPeakPeakPeakPeakPeakPeakPeakPeakPeakPeakPeakPeakPeakPeakPeakPeakPeakPeakPeakPeakPeakPeakPeakPeakPeakPeakPeakPeakPeakPeakPeakPeakPeakPeakPeakPeakPeakPeakPeakPeakPeakPeakPeakPeakPeakPeakPeakPeakPeakPeakPeakPeakPeakPeakPeakPeakPeakNon-PeakNon-PeakNon-PeakNon-PeakNon-PeakNon-PeakNon-PeakNon-PeakNon-PeakNon-PeakNon-PeakNon-PeakNon-PeakNon-PeakNon-PeakNon-PeakNon-PeakNon-PeakNon-PeakNon-PeakNon-PeakNon-PeakNon-PeakNon-PeakNon-PeakNon-PeakNon-PeakNon-PeakNon-PeakNon-PeakNon-PeakNon-PeakNon-PeakNon-PeakNon-PeakNon-PeakNon-PeakNon-PeakNon-PeakNon-PeakNon-PeakNon-PeakNon-PeakNon-PeakNon-PeakNon-PeakNon-PeakNon-PeakNon-PeakNon-PeakNon-PeakNon-PeakNon-PeakNon-PeakNon-PeakNon-PeakNon-PeakNon-PeakNon-PeakNon-PeakNon-PeakNon-PeakNon-PeakNon-PeakNon-PeakNon-PeakNon-PeakNon-PeakNon-PeakNon-PeakNon-PeakNon-PeakNon-PeakNon-PeakNon-PeakNon-PeakNon-PeakNon-PeakNon-PeakNon-PeakNon-PeakNon-PeakNon-PeakNon-PeakNon-PeakNon-PeakNon-PeakNon-PeakNon-PeakNon-PeakNon-PeakNon-PeakNon-PeakNon-PeakNon-PeakNon-PeakNon-PeakNon-PeakNon-PeakNon-PeakNon-PeakNon-PeakNon-PeakNon-PeakNon-PeakNon-PeakNon-PeakNon-PeakNon-PeakNon-PeakNon-PeakNon-PeakNon-PeakNon-PeakNon-PeakNon-PeakNon-PeakNon-PeakNon-PeakNon-PeakNon-PeakNon-PeakNon-PeakNon-PeakNon-PeakNon-PeakNon-PeakNon-PeakNon-PeakNon-PeakNon-PeakNon-PeakNon-PeakNon-PeakNon-PeakNon-PeakNon-PeakNon-PeakNon-PeakNon-PeakNon-PeakNon-PeakNon-PeakNon-PeakNon-PeakNon-PeakNon-PeakNon-PeakNon-PeakNon-PeakNon-PeakNon-PeakNon-PeakNon-PeakNon-PeakNon-PeakNon-PeakNon-PeakNon-PeakNon-PeakNon-PeakNon-PeakNon-PeakNon-PeakNon-PeakNon-PeakNon-PeakNon-PeakNon-PeakNon-PeakNon-PeakNon-PeakNon-PeakNon-PeakNon-PeakNon-PeakNon-PeakNon-PeakNon-PeakNon-PeakNon-PeakNon-PeakNon-PeakNon-PeakNon-PeakNon-PeakNon-PeakNon-PeakNon-PeakNon-PeakNon-PeakNon-PeakNon-PeakNon-PeakNon-PeakNon-PeakNon-PeakNon-PeakNon-PeakNon-PeakNon-PeakNon-PeakNon-PeakNon-PeakNon-PeakNon-PeakNon-PeakNon-PeakNon-PeakNon-PeakNon-PeakNon-PeakNon-PeakNon-PeakNon-PeakNon-PeakNon-PeakPeakPeakPeakPeakPeakPeakPeakPeakPeakPeakPeakPeakPeakPeakPeakPeakPeakPeakPeakPeakPeakPeakPeakPeakPeakPeakPeakPeakPeakPeakPeakPeakPeakPeakPeakPeakPeakPeakPeakPeakPeakPeakPeakPeakPeakPeakPeakPeakPeakPeakPeakPeakPeakPeakPeakPeakPeakPeakPeakPeakPeakPeakPeakPeakPeakPeakPeakPeakPeakPeakPeakPeakPeakPeakPeakPeakPeakPeakPeakPeakPeakPeakPeakPeakPeakPeakPeakPeakPeakPeakPeakPeakPeakPeakPeakPeakPeakPeakPeakPeakPeakPeakPeakPeakPeakPeakPeakPeakPeakPeakPeakPeakPeakPeakPeakPeakPeakPeakPeakPeakPeakPeakPeakPeakPeakPeakPeakPeakPeakPeakPeakPeakPeakPeakPeakPeakPeakPeakPeakPeakPeakPeakPeakPeakPeakPeakPeakPeakPeakPeakPeakPeakPeakPeakPeakPeakPeakPeakPeakPeakPeakPeakPeakPeakPeakPeakPeakPeakNon-PeakNon-PeakNon-PeakNon-PeakNon-PeakNon-PeakNon-PeakNon-PeakNon-PeakNon-PeakNon-PeakNon-PeakNon-PeakNon-PeakNon-PeakNon-PeakNon-PeakNon-PeakNon-PeakNon-PeakNon-PeakNon-PeakNon-PeakNon-PeakNon-PeakNon-PeakNon-PeakNon-PeakNon-PeakNon-PeakNon-PeakNon-PeakNon-PeakNon-PeakNon-PeakNon-PeakNon-PeakNon-PeakNon-PeakNon-PeakNon-PeakNon-PeakNon-PeakNon-PeakNon-PeakNon-PeakNon-PeakNon-PeakNon-PeakNon-PeakNon-PeakNon-PeakNon-PeakNon-PeakNon-PeakNon-PeakNon-PeakNon-PeakNon-PeakNon-PeakNon-PeakNon-PeakNon-PeakNon-PeakNon-PeakNon-PeakNon-PeakNon-PeakNon-PeakNon-PeakNon-PeakNon-PeakNon-PeakNon-PeakNon-PeakNon-PeakNon-PeakNon-PeakNon-PeakNon-PeakNon-PeakNon-PeakNon-PeakNon-PeakNon-PeakNon-PeakNon-PeakNon-PeakNon-PeakNon-PeakNon-PeakNon-PeakNon-PeakNon-PeakNon-PeakNon-PeakNon-PeakNon-PeakNon-PeakNon-PeakNon-PeakNon-PeakNon-PeakNon-PeakNon-PeakNon-PeakNon-PeakNon-PeakNon-PeakNon-PeakNon-PeakNon-PeakNon-PeakNon-PeakNon-PeakNon-PeakNon-PeakNon-PeakNon-PeakNon-PeakNon-PeakNon-PeakNon-PeakNon-PeakNon-PeakNon-PeakNon-PeakNon-PeakNon-PeakNon-PeakNon-PeakNon-PeakNon-PeakNon-PeakNon-PeakNon-PeakNon-PeakNon-PeakNon-PeakNon-PeakNon-PeakNon-PeakNon-PeakNon-PeakNon-PeakNon-PeakNon-PeakNon-PeakNon-PeakNon-PeakNon-PeakNon-PeakNon-PeakNon-PeakNon-PeakNon-PeakNon-PeakNon-PeakNon-PeakNon-PeakNon-PeakNon-PeakNon-PeakNon-PeakNon-PeakNon-PeakNon-PeakNon-PeakNon-PeakNon-PeakNon-PeakNon-PeakNon-PeakNon-PeakNon-PeakNon-PeakNon-PeakNon-PeakNon-PeakNon-PeakNon-PeakNon-PeakNon-PeakNon-PeakNon-PeakNon-PeakNon-PeakNon-PeakNon-PeakNon-PeakNon-PeakNon-PeakNon-PeakNon-PeakNon-PeakNon-PeakNon-PeakNon-PeakNon-PeakNon-PeakNon-PeakNon-PeakNon-PeakNon-PeakNon-PeakNon-PeakNon-PeakNon-PeakNon-PeakNon-PeakNon-PeakNon-PeakNon-PeakNon-PeakNon-PeakNon-PeakNon-PeakNon-PeakNon-PeakNon-PeakNon-PeakNon-PeakNon-PeakNon-PeakNon-PeakNon-PeakNon-PeakNon-PeakNon-PeakNon-PeakNon-PeakNon-PeakNon-PeakNon-PeakNon-PeakNon-PeakNon-PeakNon-PeakNon-PeakNon-PeakNon-PeakNon-PeakNon-PeakNon-PeakNon-PeakNon-PeakNon-PeakNon-PeakNon-PeakNon-PeakNon-PeakNon-PeakNon-PeakNon-PeakNon-PeakNon-PeakNon-PeakNon-PeakNon-PeakNon-PeakNon-PeakNon-PeakNon-PeakNon-PeakNon-PeakNon-PeakNon-PeakNon-PeakNon-PeakNon-PeakNon-PeakNon-PeakNon-PeakNon-PeakNon-PeakNon-PeakNon-PeakNon-PeakNon-PeakNon-PeakNon-PeakNon-PeakNon-PeakNon-PeakNon-PeakNon-PeakNon-PeakNon-PeakNon-PeakNon-PeakNon-PeakNon-PeakNon-PeakNon-PeakNon-PeakNon-PeakNon-PeakNon-PeakNon-PeakNon-PeakNon-PeakNon-PeakNon-PeakPeakPeakPeakPeakPeakPeakPeakPeakPeakPeakPeakPeakPeakPeakPeakPeakPeakPeakPeakPeakPeakPeakPeakPeakPeakPeakPeakPeakPeakPeakPeakPeakPeakPeakPeakPeakPeakPeakPeakPeakPeakPeakPeakPeakPeakPeakPeakPeakPeakPeakPeakPeakPeakPeakPeakPeakPeakPeakPeakPeakPeakPeakPeakPeakPeakPeakPeakPeakPeakPeakPeakPeakPeakPeakPeakPeakPeakPeakPeakPeakPeakPeakPeakPeakPeakPeakPeakPeakPeakPeakPeakPeakPeakPeakPeakPeakPeakPeakPeakPeakPeakPeakPeakPeakPeakPeakPeakPeakPeakPeakPeakPeakPeakPeakPeakPeakPeakPeakPeakPeakPeakPeakPeakPeakPeakPeakPeakPeakPeakPeakPeakPeakPeakPeakPeakPeakPeakPeakPeakPeakPeakPeakPeakPeakPeakPeakPeakPeakPeakPeakPeakPeakPeakPeakPeakPeakPeakPeakPeakPeakPeakPeakNon-PeakNon-PeakNon-PeakNon-PeakNon-PeakNon-PeakNon-PeakNon-PeakNon-PeakNon-PeakNon-PeakNon-PeakNon-PeakNon-PeakNon-PeakNon-PeakNon-PeakNon-PeakNon-PeakNon-PeakNon-PeakNon-PeakNon-PeakNon-PeakNon-PeakNon-PeakNon-PeakNon-PeakNon-PeakNon-PeakNon-PeakNon-PeakNon-PeakNon-PeakNon-PeakNon-PeakNon-PeakNon-PeakNon-PeakNon-PeakNon-PeakNon-PeakNon-PeakNon-PeakNon-PeakNon-PeakNon-PeakNon-PeakNon-PeakNon-PeakNon-PeakNon-PeakNon-PeakNon-PeakNon-PeakNon-PeakNon-PeakNon-PeakNon-PeakNon-PeakNon-PeakNon-PeakNon-PeakNon-PeakNon-PeakNon-PeakNon-PeakNon-PeakNon-PeakNon-PeakNon-PeakNon-PeakNon-PeakNon-PeakNon-PeakNon-PeakNon-PeakNon-PeakNon-PeakNon-PeakNon-PeakNon-PeakNon-PeakNon-PeakNon-PeakNon-PeakNon-PeakNon-PeakNon-PeakNon-PeakNon-PeakNon-PeakNon-PeakNon-PeakNon-PeakNon-PeakNon-PeakNon-PeakNon-PeakNon-PeakNon-PeakNon-PeakNon-PeakNon-PeakNon-PeakNon-PeakNon-PeakNon-PeakNon-PeakNon-PeakNon-PeakNon-PeakNon-PeakNon-PeakNon-PeakNon-PeakNon-PeakNon-PeakNon-PeakNon-PeakNon-PeakNon-PeakNon-PeakNon-PeakNon-PeakNon-PeakNon-PeakNon-PeakNon-PeakNon-PeakNon-PeakNon-PeakNon-PeakNon-PeakNon-PeakNon-PeakNon-PeakNon-PeakNon-PeakNon-PeakNon-PeakNon-PeakNon-PeakNon-PeakNon-PeakNon-PeakNon-PeakNon-PeakNon-PeakNon-PeakNon-PeakNon-PeakNon-PeakNon-PeakNon-PeakNon-PeakNon-PeakNon-PeakNon-PeakNon-PeakNon-PeakNon-PeakNon-PeakNon-PeakNon-PeakNon-PeakNon-PeakNon-PeakNon-PeakNon-PeakNon-PeakNon-PeakNon-PeakNon-PeakNon-PeakNon-PeakNon-PeakNon-PeakNon-PeakNon-PeakNon-PeakNon-PeakNon-PeakNon-PeakNon-PeakNon-PeakNon-PeakNon-PeakNon-PeakNon-PeakNon-PeakNon-PeakNon-PeakNon-PeakNon-PeakNon-PeakNon-PeakNon-PeakNon-PeakNon-PeakNon-PeakNon-PeakNon-PeakNon-PeakNon-PeakNon-PeakNon-PeakNon-PeakNon-PeakNon-PeakNon-PeakNon-PeakNon-PeakPeakPeakPeakPeakPeakPeakPeakPeakPeakPeakPeakPeakPeakPeakPeakPeakPeakPeakPeakPeakPeakPeakPeakPeakPeakPeakPeakPeakPeakPeakPeakPeakPeakPeakPeakPeakPeakPeakPeakPeakPeakPeakPeakPeakPeakPeakPeakPeakPeakPeakPeakPeakPeakPeakPeakPeakPeakPeakPeakPeakPeakPeakPeakPeakPeakPeakPeakPeakPeakPeakPeakPeakPeakPeakPeakPeakPeakPeakPeakPeakPeakPeakPeakPeakPeakPeakPeakPeakPeakPeakPeakPeakPeakPeakPeakPeakPeakPeakPeakPeakPeakPeakPeakPeakPeakPeakPeakPeakPeakPeakPeakPeakPeakPeakPeakPeakPeakPeakPeakPeakPeakPeakPeakPeakPeakPeakPeakPeakPeakPeakPeakPeakPeakPeakPeakPeakPeakPeakPeakPeakPeakPeakPeakPeakPeakPeakPeakPeakPeakPeakPeakPeakPeakPeakPeakPeakPeakPeakNon-PeakNon-PeakNon-PeakNon-PeakNon-PeakNon-PeakNon-PeakNon-PeakNon-PeakNon-PeakNon-PeakNon-PeakNon-PeakNon-PeakNon-PeakNon-PeakNon-PeakNon-PeakNon-PeakNon-PeakNon-PeakNon-PeakNon-PeakNon-PeakNon-PeakNon-PeakNon-PeakNon-PeakNon-PeakNon-PeakNon-PeakNon-PeakNon-PeakNon-PeakNon-PeakNon-PeakNon-PeakNon-PeakNon-PeakNon-PeakNon-PeakNon-PeakNon-PeakNon-PeakNon-PeakNon-PeakNon-PeakNon-PeakNon-PeakNon-PeakNon-PeakNon-PeakNon-PeakNon-PeakNon-PeakNon-PeakNon-PeakNon-PeakNon-PeakNon-PeakNon-PeakNon-PeakNon-PeakNon-PeakNon-PeakNon-PeakNon-PeakNon-PeakNon-PeakNon-PeakNon-PeakNon-PeakNon-PeakNon-PeakNon-PeakNon-PeakNon-PeakNon-PeakNon-PeakNon-PeakNon-PeakNon-PeakNon-PeakNon-PeakNon-PeakNon-PeakNon-PeakNon-PeakNon-PeakNon-PeakNon-PeakNon-PeakNon-PeakNon-PeakNon-PeakNon-PeakNon-PeakNon-PeakNon-PeakNon-PeakNon-PeakNon-PeakNon-PeakNon-PeakNon-PeakNon-PeakNon-PeakNon-PeakNon-PeakNon-PeakNon-PeakNon-PeakNon-PeakNon-PeakNon-PeakNon-PeakNon-PeakNon-PeakNon-PeakNon-PeakNon-PeakNon-PeakNon-PeakNon-PeakNon-PeakNon-PeakNon-PeakNon-PeakNon-PeakNon-PeakNon-PeakNon-PeakNon-PeakNon-PeakNon-PeakNon-PeakNon-PeakNon-PeakNon-PeakNon-PeakNon-PeakNon-PeakNon-PeakNon-PeakNon-PeakNon-PeakNon-PeakNon-PeakNon-PeakNon-PeakNon-PeakNon-PeakNon-PeakNon-PeakNon-PeakNon-PeakNon-PeakNon-PeakNon-PeakNon-PeakNon-PeakNon-PeakNon-PeakNon-PeakNon-PeakNon-PeakNon-PeakNon-PeakNon-PeakNon-PeakNon-PeakNon-PeakNon-PeakNon-PeakNon-PeakNon-PeakNon-PeakNon-PeakNon-PeakNon-PeakNon-PeakNon-PeakNon-PeakNon-PeakNon-PeakNon-PeakNon-PeakNon-PeakNon-PeakNon-PeakNon-PeakNon-PeakNon-PeakNon-PeakNon-PeakNon-PeakNon-PeakNon-PeakNon-PeakNon-PeakNon-PeakNon-PeakNon-PeakNon-PeakNon-PeakNon-PeakNon-PeakNon-PeakNon-PeakNon-PeakNon-PeakNon-PeakNon-PeakNon-PeakNon-PeakNon-PeakNon-PeakNon-PeakNon-PeakNon-PeakNon-PeakNon-PeakNon-PeakNon-PeakNon-PeakNon-PeakNon-PeakNon-PeakNon-PeakNon-PeakNon-PeakNon-PeakNon-PeakNon-PeakNon-PeakNon-PeakNon-PeakNon-PeakNon-PeakNon-PeakNon-PeakNon-PeakNon-PeakNon-PeakNon-PeakNon-PeakNon-PeakNon-PeakNon-PeakNon-PeakNon-PeakNon-PeakNon-PeakNon-PeakNon-PeakNon-PeakNon-PeakNon-PeakNon-PeakNon-PeakNon-PeakNon-PeakNon-PeakNon-PeakNon-PeakNon-PeakNon-PeakNon-PeakNon-PeakNon-PeakNon-PeakNon-PeakNon-PeakNon-PeakNon-PeakNon-PeakNon-PeakNon-PeakNon-PeakNon-PeakNon-PeakNon-PeakNon-PeakNon-PeakNon-PeakNon-PeakNon-PeakNon-PeakNon-PeakNon-PeakNon-PeakNon-PeakNon-PeakNon-PeakNon-PeakNon-PeakPeakPeakPeakPeakPeakPeakPeakPeakPeakPeakPeakPeakPeakPeakPeakPeakPeakPeakPeakPeakPeakPeakPeakPeakPeakPeakPeakPeakPeakPeakPeakPeakPeakPeakPeakPeakPeakPeakPeakPeakPeakPeakPeakPeakPeakPeakPeakPeakPeakPeakPeakPeakPeakPeakPeakPeakPeakPeakPeakPeakPeakPeakPeakPeakPeakPeakPeakPeakPeakPeakPeakPeakPeakPeakPeakPeakPeakPeakPeakPeakPeakPeakPeakPeakPeakPeakPeakPeakPeakPeakPeakPeakPeakPeakPeakPeakPeakPeakPeakPeakPeakPeakPeakPeakPeakPeakPeakPeakPeakPeakPeakPeakPeakPeakPeakPeakPeakPeakPeakPeakPeakPeakPeakPeakPeakNon-PeakNon-PeakNon-PeakNon-PeakNon-PeakNon-PeakNon-PeakNon-PeakNon-PeakNon-PeakNon-PeakNon-PeakNon-PeakNon-PeakNon-PeakNon-PeakNon-PeakNon-PeakNon-PeakNon-PeakNon-PeakNon-PeakNon-PeakNon-PeakNon-PeakNon-PeakNon-PeakNon-PeakNon-PeakNon-PeakNon-PeakNon-PeakNon-PeakNon-PeakNon-PeakNon-PeakNon-PeakNon-PeakNon-PeakNon-PeakNon-PeakNon-PeakNon-PeakNon-PeakNon-PeakNon-PeakNon-PeakNon-PeakNon-PeakNon-PeakNon-PeakNon-PeakNon-PeakNon-PeakNon-PeakNon-PeakNon-PeakNon-PeakNon-PeakNon-PeakNon-PeakNon-PeakNon-PeakNon-PeakNon-PeakNon-PeakNon-PeakNon-PeakNon-PeakNon-PeakNon-PeakNon-PeakNon-PeakNon-PeakNon-PeakNon-PeakNon-PeakNon-PeakNon-PeakNon-PeakNon-PeakNon-PeakNon-PeakNon-PeakNon-PeakNon-PeakNon-PeakNon-PeakNon-PeakNon-PeakNon-PeakNon-PeakNon-PeakNon-PeakNon-PeakNon-PeakNon-PeakNon-PeakNon-PeakNon-PeakNon-PeakNon-PeakNon-PeakNon-PeakNon-PeakNon-PeakNon-PeakNon-PeakNon-PeakNon-PeakNon-PeakNon-PeakNon-PeakNon-PeakNon-PeakNon-PeakNon-PeakNon-PeakNon-PeakNon-PeakNon-PeakNon-PeakNon-PeakNon-PeakNon-PeakNon-PeakNon-PeakNon-PeakNon-PeakNon-PeakNon-PeakNon-PeakNon-PeakNon-PeakNon-PeakNon-PeakNon-PeakNon-PeakNon-PeakNon-PeakNon-PeakNon-PeakNon-PeakNon-PeakNon-PeakNon-PeakNon-PeakNon-PeakNon-PeakNon-PeakNon-PeakNon-PeakNon-PeakNon-PeakNon-PeakNon-PeakNon-PeakNon-PeakNon-PeakNon-PeakNon-PeakNon-PeakNon-PeakNon-PeakNon-PeakNon-PeakNon-PeakNon-PeakNon-PeakNon-PeakNon-PeakNon-PeakNon-PeakNon-PeakNon-PeakNon-PeakNon-PeakNon-PeakNon-PeakNon-PeakNon-PeakNon-PeakNon-PeakNon-PeakNon-PeakNon-PeakNon-PeakNon-PeakNon-PeakNon-PeakNon-PeakNon-PeakNon-PeakNon-PeakNon-PeakNon-PeakNon-PeakNon-PeakNon-PeakNon-PeakNon-PeakNon-PeakPeakPeakPeakPeakPeakPeakPeakPeakPeakPeakPeakPeakPeakPeakPeakPeakPeakPeakPeakPeakPeakPeakPeakPeakPeakPeakPeakPeakPeakPeakPeakPeakPeakPeakPeakPeakPeakPeakPeakPeakPeakPeakPeakPeakPeakPeakPeakPeakPeakPeakPeakPeakPeakPeakPeakPeakPeakPeakPeakPeakPeakPeakPeakPeakPeakPeakPeakPeakPeakPeakPeakPeakPeakPeakPeakPeakPeakPeakPeakPeakPeakPeakPeakPeakPeakPeakPeakPeakPeakPeakPeakPeakPeakPeakPeakPeakPeakPeakPeakPeakPeakPeakPeakPeakPeakPeakPeakPeakPeakPeakPeakPeakPeakPeakPeakPeakPeakPeakPeakPeakPeakPeakPeakPeakPeakPeakPeakPeakPeakPeakPeakPeakPeakPeakPeakPeakPeakPeakPeakPeakPeakPeakPeakPeakPeakPeakPeakPeakPeakPeakPeakPeakPeakPeakPeakPeakPeakNon-PeakNon-PeakNon-PeakNon-PeakNon-PeakNon-PeakNon-PeakNon-PeakNon-PeakNon-PeakNon-PeakNon-PeakNon-PeakNon-PeakNon-PeakNon-PeakNon-PeakNon-PeakNon-PeakNon-PeakNon-PeakNon-PeakNon-PeakNon-PeakNon-PeakNon-PeakNon-PeakNon-PeakNon-PeakNon-PeakNon-PeakNon-PeakNon-PeakNon-PeakNon-PeakNon-PeakNon-PeakNon-PeakNon-PeakNon-PeakNon-PeakNon-PeakNon-PeakNon-PeakNon-PeakNon-PeakNon-PeakNon-PeakNon-PeakNon-PeakNon-PeakNon-PeakNon-PeakNon-PeakNon-PeakNon-PeakNon-PeakNon-PeakNon-PeakNon-PeakNon-PeakNon-PeakNon-PeakNon-PeakNon-PeakNon-PeakNon-PeakNon-PeakNon-PeakNon-PeakNon-PeakNon-PeakNon-PeakNon-PeakNon-PeakNon-PeakNon-PeakNon-PeakNon-PeakNon-PeakNon-PeakNon-PeakNon-PeakNon-PeakNon-PeakNon-PeakNon-PeakNon-PeakNon-PeakNon-PeakNon-PeakNon-PeakNon-PeakNon-PeakNon-PeakNon-PeakNon-PeakNon-PeakNon-PeakNon-PeakNon-PeakNon-PeakNon-PeakNon-PeakNon-PeakNon-PeakNon-PeakNon-PeakNon-PeakNon-PeakNon-PeakNon-PeakNon-PeakNon-PeakNon-PeakNon-PeakNon-PeakNon-PeakNon-PeakNon-PeakNon-PeakNon-PeakNon-PeakNon-PeakNon-PeakNon-PeakNon-PeakNon-PeakNon-PeakNon-PeakNon-PeakNon-PeakNon-PeakNon-PeakNon-PeakNon-PeakNon-PeakNon-PeakNon-PeakNon-PeakNon-PeakNon-PeakNon-PeakNon-PeakNon-PeakNon-PeakNon-PeakNon-PeakNon-PeakNon-PeakNon-PeakNon-PeakNon-PeakNon-PeakNon-PeakNon-PeakNon-PeakNon-PeakNon-PeakNon-PeakNon-PeakNon-PeakNon-PeakNon-PeakNon-PeakNon-PeakNon-PeakNon-PeakNon-PeakNon-PeakNon-PeakNon-PeakNon-PeakNon-PeakNon-PeakNon-PeakNon-PeakNon-PeakNon-PeakNon-PeakNon-PeakNon-PeakNon-PeakNon-PeakNon-PeakNon-PeakNon-PeakNon-PeakNon-PeakNon-PeakNon-PeakNon-PeakNon-PeakNon-PeakNon-PeakNon-PeakNon-PeakNon-PeakNon-PeakNon-PeakNon-PeakNon-PeakNon-PeakNon-PeakNon-PeakNon-PeakNon-PeakNon-PeakNon-PeakNon-PeakNon-PeakNon-PeakNon-PeakNon-PeakNon-PeakNon-PeakNon-PeakNon-PeakNon-PeakNon-PeakNon-PeakNon-PeakNon-PeakNon-PeakNon-PeakNon-PeakNon-PeakNon-PeakNon-PeakNon-PeakNon-PeakNon-PeakNon-PeakNon-PeakNon-PeakNon-PeakNon-PeakNon-PeakNon-PeakNon-PeakNon-PeakNon-PeakNon-PeakNon-PeakNon-PeakNon-PeakNon-PeakNon-PeakNon-PeakNon-PeakNon-PeakNon-PeakNon-PeakNon-PeakNon-PeakNon-PeakNon-PeakNon-PeakNon-PeakNon-PeakNon-PeakNon-PeakNon-PeakNon-PeakNon-PeakNon-PeakNon-PeakNon-PeakNon-PeakNon-PeakNon-PeakNon-PeakNon-PeakNon-PeakNon-PeakNon-PeakNon-PeakNon-PeakNon-PeakNon-PeakNon-PeakNon-PeakNon-PeakNon-PeakNon-PeakNon-PeakNon-PeakNon-PeakNon-PeakNon-PeakNon-PeakNon-PeakNon-PeakNon-PeakNon-PeakNon-PeakNon-PeakNon-PeakNon-PeakNon-PeakNon-PeakNon-PeakNon-PeakNon-PeakNon-PeakNon-PeakNon-PeakNon-PeakNon-PeakNon-PeakPeakPeakPeakPeakPeakPeakPeakPeakPeakPeakPeakPeakPeakPeakPeakPeakPeakPeakPeakPeakPeakPeakPeakPeakPeakPeakPeakPeakPeakPeakPeakPeakPeakPeakPeakPeakPeakPeakPeakPeakPeakPeakPeakPeakPeakPeakPeakPeakPeakPeakPeakPeakPeakPeakPeakPeakPeakPeakPeakPeakPeakPeakPeakPeakPeakPeakPeakPeakPeakPeakPeakPeakPeakPeakPeakPeakPeakPeakPeakPeakPeakPeakPeakPeakPeakPeakPeakPeakPeakPeakPeakPeakPeakPeakPeakPeakPeakPeakPeakPeakPeakPeakPeakPeakPeakPeakPeakPeakPeakPeakPeakPeakPeakPeakPeakPeakPeakPeakPeakPeakPeakPeakPeakPeakPeakPeakPeakPeakPeakPeakPeakPeakPeakPeakPeakPeakPeakPeakPeakPeakPeakPeakPeakPeakPeakPeakPeakPeakPeakPeakPeakPeakNon-PeakNon-PeakNon-PeakNon-PeakNon-PeakNon-PeakNon-PeakNon-PeakNon-PeakNon-PeakNon-PeakNon-PeakNon-PeakNon-PeakNon-PeakNon-PeakNon-PeakNon-PeakNon-PeakNon-PeakNon-PeakNon-PeakNon-PeakNon-PeakNon-PeakNon-PeakNon-PeakNon-PeakNon-PeakNon-PeakNon-PeakNon-PeakNon-PeakNon-PeakNon-PeakNon-PeakNon-PeakNon-PeakNon-PeakNon-PeakNon-PeakNon-PeakNon-PeakNon-PeakNon-PeakNon-PeakNon-PeakNon-PeakNon-PeakNon-PeakNon-PeakNon-PeakNon-PeakNon-PeakNon-PeakNon-PeakNon-PeakNon-PeakNon-PeakNon-PeakNon-PeakNon-PeakNon-PeakNon-PeakNon-PeakNon-PeakNon-PeakNon-PeakNon-PeakNon-PeakNon-PeakNon-PeakNon-PeakNon-PeakNon-PeakNon-PeakNon-PeakNon-PeakNon-PeakNon-PeakNon-PeakNon-PeakNon-PeakNon-PeakNon-PeakNon-PeakNon-PeakNon-PeakNon-PeakNon-PeakNon-PeakNon-PeakNon-PeakNon-PeakNon-PeakNon-PeakNon-PeakNon-PeakNon-PeakNon-PeakNon-PeakNon-PeakNon-PeakNon-PeakNon-PeakNon-PeakNon-PeakNon-PeakNon-PeakNon-PeakNon-PeakNon-PeakNon-PeakNon-PeakNon-PeakNon-PeakNon-PeakNon-PeakNon-PeakNon-PeakNon-PeakNon-PeakNon-PeakNon-PeakNon-PeakNon-PeakNon-PeakNon-PeakNon-PeakNon-PeakNon-PeakNon-PeakNon-PeakNon-PeakNon-PeakNon-PeakNon-PeakNon-PeakNon-PeakNon-PeakNon-PeakNon-PeakNon-PeakNon-PeakNon-PeakNon-PeakNon-PeakNon-PeakNon-PeakNon-PeakNon-PeakNon-PeakNon-PeakNon-PeakNon-PeakNon-PeakNon-PeakNon-PeakNon-PeakNon-PeakNon-PeakNon-PeakNon-PeakNon-PeakNon-PeakNon-PeakNon-PeakNon-PeakNon-PeakNon-PeakNon-PeakNon-PeakNon-PeakNon-PeakNon-PeakNon-PeakNon-PeakNon-PeakNon-PeakNon-PeakNon-PeakNon-PeakNon-PeakNon-PeakNon-PeakNon-PeakNon-PeakNon-PeakNon-PeakNon-PeakNon-PeakNon-PeakNon-PeakNon-PeakNon-PeakNon-PeakNon-PeakPeakPeakPeakPeakPeakPeakPeakPeakPeakPeakPeakPeakPeakPeakPeakPeakPeakPeakPeakPeakPeakPeakPeakPeakPeakPeakPeakPeakPeakPeakPeakPeakPeakPeakPeakPeakPeakPeakPeakPeakPeakPeakPeakPeakPeakPeakPeakPeakPeakPeakPeakPeakPeakPeakPeakPeakPeakPeakPeakPeakPeakPeakPeakPeakPeakPeakPeakPeakPeakPeakPeakPeakPeakPeakPeakPeakPeakPeakPeakPeakPeakPeakPeakPeakPeakPeakPeakPeakPeakPeakPeakPeakPeakPeakPeakPeakPeakPeakPeakPeakPeakPeakPeakPeakPeakPeakPeakPeakPeakPeakPeakPeakPeakPeakPeakPeakPeakPeakPeakPeakPeakPeakPeakPeakPeakPeakPeakPeakPeakPeakPeakPeakPeakPeakPeakPeakPeakPeakPeakPeakPeakPeakPeakPeakPeakPeakPeakPeakPeakPeakNon-PeakNon-PeakNon-PeakNon-PeakNon-PeakNon-PeakNon-PeakNon-PeakNon-PeakNon-PeakNon-PeakNon-PeakNon-PeakNon-PeakNon-PeakNon-PeakNon-PeakNon-PeakNon-PeakNon-PeakNon-PeakNon-PeakNon-PeakNon-PeakNon-PeakNon-PeakNon-PeakNon-PeakNon-PeakNon-PeakNon-PeakNon-PeakNon-PeakNon-PeakNon-PeakNon-PeakNon-PeakNon-PeakNon-PeakNon-PeakNon-PeakNon-PeakNon-PeakNon-PeakNon-PeakNon-PeakNon-PeakNon-PeakNon-PeakNon-PeakNon-PeakNon-PeakNon-PeakNon-PeakNon-PeakNon-PeakNon-PeakNon-PeakNon-PeakNon-PeakNon-PeakNon-PeakNon-PeakNon-PeakNon-PeakNon-PeakNon-PeakNon-PeakNon-PeakNon-PeakNon-PeakNon-PeakNon-PeakNon-PeakNon-PeakNon-PeakNon-PeakNon-PeakNon-PeakNon-PeakNon-PeakNon-PeakNon-PeakNon-PeakNon-PeakNon-PeakNon-PeakNon-PeakNon-PeakNon-PeakNon-PeakNon-PeakNon-PeakNon-PeakNon-PeakNon-PeakNon-PeakNon-PeakNon-PeakNon-PeakNon-PeakNon-PeakNon-PeakNon-PeakNon-PeakNon-PeakNon-PeakNon-PeakNon-PeakNon-PeakNon-PeakNon-PeakNon-PeakNon-PeakNon-PeakNon-PeakNon-PeakNon-PeakNon-PeakNon-PeakNon-PeakNon-PeakNon-PeakNon-PeakNon-PeakNon-PeakNon-PeakNon-PeakNon-PeakNon-PeakNon-PeakNon-PeakNon-PeakNon-PeakNon-PeakNon-PeakNon-PeakNon-PeakNon-PeakNon-PeakNon-PeakNon-PeakNon-PeakNon-PeakNon-PeakNon-PeakNon-PeakNon-PeakNon-PeakNon-PeakNon-PeakNon-PeakNon-PeakNon-PeakNon-PeakNon-PeakNon-PeakNon-PeakNon-PeakNon-PeakNon-PeakNon-PeakNon-PeakNon-PeakNon-PeakNon-PeakNon-PeakNon-PeakNon-PeakNon-PeakNon-PeakNon-PeakNon-PeakNon-PeakNon-PeakNon-PeakNon-PeakNon-PeakNon-PeakNon-PeakNon-PeakNon-PeakNon-PeakNon-PeakNon-PeakNon-PeakNon-PeakNon-PeakNon-PeakNon-PeakNon-PeakNon-PeakNon-PeakNon-PeakNon-PeakNon-PeakNon-PeakNon-PeakNon-PeakNon-PeakNon-PeakNon-PeakNon-PeakNon-PeakNon-PeakNon-PeakNon-PeakNon-PeakNon-PeakNon-PeakNon-PeakNon-PeakNon-PeakNon-PeakNon-PeakNon-PeakNon-PeakNon-PeakNon-PeakNon-PeakNon-PeakNon-PeakNon-PeakNon-PeakNon-PeakNon-PeakNon-PeakNon-PeakNon-PeakNon-PeakNon-PeakNon-PeakNon-PeakNon-PeakNon-PeakNon-PeakNon-PeakNon-PeakNon-PeakNon-PeakNon-PeakNon-PeakNon-PeakNon-PeakNon-PeakNon-PeakNon-PeakNon-PeakNon-PeakNon-PeakNon-PeakNon-PeakNon-PeakNon-PeakNon-PeakNon-PeakNon-PeakNon-PeakNon-PeakNon-PeakNon-PeakNon-PeakNon-PeakNon-PeakNon-PeakNon-PeakNon-PeakNon-PeakNon-PeakNon-PeakNon-PeakNon-PeakNon-PeakNon-PeakNon-PeakNon-PeakNon-PeakNon-PeakNon-PeakNon-PeakNon-PeakNon-PeakNon-PeakNon-PeakNon-PeakNon-PeakNon-PeakNon-PeakNon-PeakNon-PeakNon-PeakNon-PeakNon-PeakNon-PeakPeakPeakPeakPeakPeakPeakPeakPeakPeakPeakPeakPeakPeakPeakPeakPeakPeakPeakPeakPeakPeakPeakPeakPeakPeakPeakPeakPeakPeakPeakPeakPeakPeakPeakPeakPeakPeakPeakPeakPeakPeakPeakPeakPeakPeakPeakPeakPeakPeakPeakPeakPeakPeakPeakPeakPeakPeakPeakPeakPeakPeakPeakPeakPeakPeakPeakPeakPeakPeakPeakPeakPeakPeakPeakPeakPeakPeakPeakPeakPeakPeakPeakPeakPeakPeakPeakPeakPeakPeakPeakPeakPeakPeakPeakPeakPeakPeakPeakPeakPeakPeakPeakPeakPeakPeakPeakPeakPeakPeakPeakPeakPeakPeakPeakPeakPeakPeakPeakPeakPeakPeakPeakPeakPeakPeakPeakPeakPeakPeakPeakPeakPeakPeakPeakPeakPeakPeakPeakPeakPeakPeakPeakPeakPeakPeakPeakPeakPeakPeakPeakPeakPeakPeakPeakPeakPeakPeakPeakPeakPeakPeakPeakPeakPeakPeakPeakPeakPeakPeakPeakNon-PeakNon-PeakNon-PeakNon-PeakNon-PeakNon-PeakNon-PeakNon-PeakNon-PeakNon-PeakNon-PeakNon-PeakNon-PeakNon-PeakNon-PeakNon-PeakNon-PeakNon-PeakNon-PeakNon-PeakNon-PeakNon-PeakNon-PeakNon-PeakNon-PeakNon-PeakNon-PeakNon-PeakNon-PeakNon-PeakNon-PeakNon-PeakNon-PeakNon-PeakNon-PeakNon-PeakNon-PeakNon-PeakNon-PeakNon-PeakNon-PeakNon-PeakNon-PeakNon-PeakNon-PeakNon-PeakNon-PeakNon-PeakNon-PeakNon-PeakNon-PeakNon-PeakNon-PeakNon-PeakNon-PeakNon-PeakNon-PeakNon-PeakNon-PeakNon-PeakNon-PeakNon-PeakNon-PeakNon-PeakNon-PeakNon-PeakNon-PeakNon-PeakNon-PeakNon-PeakNon-PeakNon-PeakNon-PeakNon-PeakNon-PeakNon-PeakNon-PeakNon-PeakNon-PeakNon-PeakNon-PeakNon-PeakNon-PeakNon-PeakNon-PeakNon-PeakNon-PeakNon-PeakNon-PeakNon-PeakNon-PeakNon-PeakNon-PeakNon-PeakNon-PeakNon-PeakNon-PeakNon-PeakNon-PeakNon-PeakNon-PeakNon-PeakNon-PeakNon-PeakNon-PeakNon-PeakNon-PeakNon-PeakNon-PeakNon-PeakNon-PeakNon-PeakNon-PeakNon-PeakNon-PeakNon-PeakNon-PeakNon-PeakNon-PeakNon-PeakNon-PeakNon-PeakNon-PeakNon-PeakNon-PeakNon-PeakNon-PeakNon-PeakNon-PeakNon-PeakNon-PeakNon-PeakNon-PeakNon-PeakNon-PeakNon-PeakNon-PeakNon-PeakNon-PeakNon-PeakNon-PeakNon-PeakNon-PeakNon-PeakNon-PeakNon-PeakNon-PeakNon-PeakNon-PeakNon-PeakNon-PeakNon-PeakNon-PeakNon-PeakNon-PeakNon-PeakNon-PeakNon-PeakNon-PeakNon-PeakNon-PeakNon-PeakNon-PeakNon-PeakNon-PeakNon-PeakNon-PeakNon-PeakNon-PeakNon-PeakNon-PeakNon-PeakNon-PeakNon-PeakNon-PeakNon-PeakNon-PeakNon-PeakNon-PeakNon-PeakNon-PeakNon-PeakNon-PeakNon-PeakNon-PeakNon-PeakNon-PeakNon-PeakNon-PeakNon-PeakNon-PeakNon-PeakNon-PeakNon-PeakNon-PeakNon-PeakNon-PeakNon-PeakNon-PeakPeakPeakPeakPeakPeakPeakPeakPeakPeakPeakPeakPeakPeakPeakPeakPeakPeakPeakPeakPeakPeakPeakPeakPeakPeakPeakPeakPeakPeakPeakPeakPeakPeakPeakPeakPeakPeakPeakPeakPeakPeakPeakPeakPeakPeakPeakPeakPeakPeakPeakPeakPeakPeakPeakPeakPeakPeakPeakPeakPeakPeakPeakPeakPeakPeakPeakPeakPeakPeakPeakPeakPeakPeakPeakPeakPeakPeakPeakPeakPeakPeakPeakPeakPeakPeakPeakPeakPeakPeakPeakPeakPeakPeakPeakPeakPeakPeakPeakPeakPeakPeakPeakPeakPeakPeakPeakPeakPeakPeakPeakPeakPeakPeakPeakPeakPeakPeakPeakPeakPeakPeakPeakPeakPeakPeakPeakPeakPeakPeakPeakPeakPeakPeakPeakPeakPeakPeakPeakPeakPeakPeakPeakPeakPeakPeakPeakPeakPeakPeakPeakPeakPeakPeakPeakPeakPeakPeakPeakPeakPeakPeakPeakPeakPeakPeakPeakPeakPeakPeakPeakPeakPeakPeakPeakPeakPeakNon-PeakNon-PeakNon-PeakNon-PeakNon-PeakNon-PeakNon-PeakNon-PeakNon-PeakNon-PeakNon-PeakNon-PeakNon-PeakNon-PeakNon-PeakNon-PeakNon-PeakNon-PeakNon-PeakNon-PeakNon-PeakNon-PeakNon-PeakNon-PeakNon-PeakNon-PeakNon-PeakNon-PeakNon-PeakNon-PeakNon-PeakNon-PeakNon-PeakNon-PeakNon-PeakNon-PeakNon-PeakNon-PeakNon-PeakNon-PeakNon-PeakNon-PeakNon-PeakNon-PeakNon-PeakNon-PeakNon-PeakNon-PeakNon-PeakNon-PeakNon-PeakNon-PeakNon-PeakNon-PeakNon-PeakNon-PeakNon-PeakNon-PeakNon-PeakNon-PeakNon-PeakNon-PeakNon-PeakNon-PeakNon-PeakNon-PeakNon-PeakNon-PeakNon-PeakNon-PeakNon-PeakNon-PeakNon-PeakNon-PeakNon-PeakNon-PeakNon-PeakNon-PeakNon-PeakNon-PeakNon-PeakNon-PeakNon-PeakNon-PeakNon-PeakNon-PeakNon-PeakNon-PeakNon-PeakNon-PeakNon-PeakNon-PeakNon-PeakNon-PeakNon-PeakNon-PeakNon-PeakNon-PeakNon-PeakNon-PeakNon-PeakNon-PeakNon-PeakNon-PeakNon-PeakNon-PeakNon-PeakNon-PeakNon-PeakNon-PeakNon-PeakNon-PeakNon-PeakNon-PeakNon-PeakNon-PeakNon-PeakNon-PeakNon-PeakNon-PeakNon-PeakNon-PeakNon-PeakNon-PeakNon-PeakNon-PeakNon-PeakNon-PeakNon-PeakNon-PeakNon-PeakNon-PeakNon-PeakNon-PeakNon-PeakNon-PeakNon-PeakNon-PeakNon-PeakNon-PeakNon-PeakNon-PeakNon-PeakNon-PeakNon-PeakNon-PeakNon-PeakNon-PeakNon-PeakNon-PeakNon-PeakNon-PeakNon-PeakNon-PeakNon-PeakNon-PeakNon-PeakNon-PeakNon-PeakNon-PeakNon-PeakNon-PeakNon-PeakNon-PeakNon-PeakNon-PeakNon-PeakNon-PeakNon-PeakNon-PeakNon-PeakNon-PeakNon-PeakNon-PeakNon-PeakNon-PeakNon-PeakNon-PeakNon-PeakNon-PeakNon-PeakNon-PeakNon-PeakNon-PeakNon-PeakNon-PeakNon-PeakNon-PeakNon-PeakNon-PeakNon-PeakNon-PeakNon-PeakNon-PeakNon-PeakNon-PeakNon-PeakNon-PeakNon-PeakNon-PeakNon-PeakNon-PeakNon-PeakNon-PeakNon-PeakNon-PeakNon-PeakNon-PeakNon-PeakNon-PeakNon-PeakNon-PeakNon-PeakNon-PeakNon-PeakNon-PeakNon-PeakNon-PeakNon-PeakNon-PeakNon-PeakNon-PeakNon-PeakNon-PeakNon-PeakNon-PeakNon-PeakNon-PeakNon-PeakNon-PeakNon-PeakNon-PeakNon-PeakNon-PeakNon-PeakNon-PeakNon-PeakNon-PeakNon-PeakNon-PeakNon-PeakNon-PeakNon-PeakNon-PeakNon-PeakNon-PeakNon-PeakNon-PeakNon-PeakNon-PeakNon-PeakNon-PeakNon-PeakNon-PeakNon-PeakNon-PeakNon-PeakNon-PeakNon-PeakNon-PeakNon-PeakNon-PeakNon-PeakNon-PeakNon-PeakNon-PeakNon-PeakNon-PeakNon-PeakNon-PeakNon-PeakNon-PeakNon-PeakNon-PeakNon-PeakNon-PeakNon-PeakNon-PeakNon-PeakNon-PeakNon-PeakNon-PeakNon-PeakNon-PeakNon-PeakNon-PeakNon-PeakNon-PeakNon-PeakNon-PeakNon-PeakNon-PeakNon-PeakNon-PeakNon-PeakNon-PeakNon-PeakNon-PeakPeakPeakPeakPeakPeakPeakPeakPeakPeakPeakPeakPeakPeakPeakPeakPeakPeakPeakPeakPeakPeakPeakPeakPeakPeakPeakPeakPeakPeakPeakPeakPeakPeakPeakPeakPeakPeakPeakPeakPeakPeakPeakPeakPeakPeakPeakPeakPeakPeakPeakPeakPeakPeakPeakPeakPeakPeakPeakPeakPeakPeakPeakPeakPeakPeakPeakPeakPeakPeakPeakPeakPeakPeakPeakPeakPeakPeakPeakPeakPeakPeakPeakPeakPeakPeakPeakPeakPeakPeakPeakPeakPeakPeakPeakPeakPeakPeakPeakPeakPeakPeakPeakPeakPeakPeakPeakPeakPeakPeakPeakPeakPeakPeakPeakPeakPeakPeakPeakPeakPeakNon-PeakNon-PeakNon-PeakNon-PeakNon-PeakNon-PeakNon-PeakNon-PeakNon-PeakNon-PeakNon-PeakNon-PeakNon-PeakNon-PeakNon-PeakNon-PeakNon-PeakNon-PeakNon-PeakNon-PeakNon-PeakNon-PeakNon-PeakNon-PeakNon-PeakNon-PeakNon-PeakNon-PeakNon-PeakNon-PeakNon-PeakNon-PeakNon-PeakNon-PeakNon-PeakNon-PeakNon-PeakNon-PeakNon-PeakNon-PeakNon-PeakNon-PeakNon-PeakNon-PeakNon-PeakNon-PeakNon-PeakNon-PeakNon-PeakNon-PeakNon-PeakNon-PeakNon-PeakNon-PeakNon-PeakNon-PeakNon-PeakNon-PeakNon-PeakNon-PeakNon-PeakNon-PeakNon-PeakNon-PeakNon-PeakNon-PeakNon-PeakNon-PeakNon-PeakNon-PeakNon-PeakNon-PeakNon-PeakNon-PeakNon-PeakNon-PeakNon-PeakNon-PeakNon-PeakNon-PeakNon-PeakNon-PeakNon-PeakNon-PeakNon-PeakNon-PeakNon-PeakNon-PeakNon-PeakNon-PeakNon-PeakNon-PeakNon-PeakNon-PeakNon-PeakNon-PeakNon-PeakNon-PeakNon-PeakNon-PeakNon-PeakNon-PeakNon-PeakNon-PeakNon-PeakNon-PeakNon-PeakNon-PeakNon-PeakNon-PeakNon-PeakNon-PeakNon-PeakNon-PeakNon-PeakNon-PeakNon-PeakNon-PeakNon-PeakNon-PeakNon-PeakNon-PeakNon-PeakNon-PeakNon-PeakNon-PeakNon-PeakNon-PeakNon-PeakNon-PeakNon-PeakNon-PeakNon-PeakNon-PeakNon-PeakNon-PeakNon-PeakNon-PeakNon-PeakNon-PeakNon-PeakNon-PeakNon-PeakNon-PeakNon-PeakNon-PeakNon-PeakNon-PeakNon-PeakNon-PeakNon-PeakNon-PeakNon-PeakNon-PeakNon-PeakNon-PeakNon-PeakNon-PeakNon-PeakNon-PeakNon-PeakNon-PeakNon-PeakNon-PeakNon-PeakNon-PeakNon-PeakNon-PeakNon-PeakNon-PeakNon-PeakNon-PeakNon-PeakNon-PeakNon-PeakNon-PeakNon-PeakNon-PeakNon-PeakNon-PeakNon-PeakNon-PeakNon-PeakNon-PeakNon-PeakNon-PeakNon-PeakNon-PeakNon-PeakNon-PeakNon-PeakNon-PeakNon-PeakNon-PeakNon-PeakNon-PeakNon-PeakNon-PeakNon-PeakNon-PeakNon-PeakNon-PeakNon-PeakNon-PeakNon-PeakNon-PeakNon-PeakNon-PeakNon-PeakNon-PeakNon-PeakNon-PeakNon-PeakNon-PeakNon-PeakNon-PeakNon-PeakNon-PeakNon-PeakNon-PeakNon-PeakNon-PeakNon-PeakNon-PeakNon-PeakNon-PeakNon-PeakPeakPeakPeakPeakPeakPeakPeakPeakPeakPeakPeakPeakPeakPeakPeakPeakPeakPeakPeakPeakPeakPeakPeakPeakPeakPeakPeakPeakPeakPeakPeakPeakPeakPeakPeakPeakPeakPeakPeakPeakPeakPeakPeakPeakPeakPeakPeakPeakPeakPeakPeakPeakPeakPeakPeakPeakPeakPeakPeakPeakPeakPeakPeakPeakPeakPeakPeakPeakPeakPeakPeakPeakPeakPeakPeakPeakPeakPeakPeakPeakPeakPeakPeakPeakPeakPeakPeakPeakPeakPeakPeakPeakPeakPeakPeakPeakPeakPeakPeakPeakPeakPeakPeakPeakPeakPeakPeakPeakPeakPeakPeakPeakPeakPeakPeakPeakPeakPeakPeakPeakPeakPeakPeakPeakPeakPeakPeakPeakPeakPeakPeakPeakPeakPeakPeakPeakPeakPeakPeakPeakPeakPeakPeakPeakPeakPeakPeakPeakPeakPeakPeakPeakPeakPeakPeakPeakPeakPeakPeakPeakPeakPeakPeakPeakPeakPeakPeakPeakPeakPeakPeakPeakNon-PeakNon-PeakNon-PeakNon-PeakNon-PeakNon-PeakNon-PeakNon-PeakNon-PeakNon-PeakNon-PeakNon-PeakNon-PeakNon-PeakNon-PeakNon-PeakNon-PeakNon-PeakNon-PeakNon-PeakNon-PeakNon-PeakNon-PeakNon-PeakNon-PeakNon-PeakNon-PeakNon-PeakNon-PeakNon-PeakNon-PeakNon-PeakNon-PeakNon-PeakNon-PeakNon-PeakNon-PeakNon-PeakNon-PeakNon-PeakNon-PeakNon-PeakNon-PeakNon-PeakNon-PeakNon-PeakNon-PeakNon-PeakNon-PeakNon-PeakNon-PeakNon-PeakNon-PeakNon-PeakNon-PeakNon-PeakNon-PeakNon-PeakNon-PeakNon-PeakNon-PeakNon-PeakNon-PeakNon-PeakNon-PeakNon-PeakNon-PeakNon-PeakNon-PeakNon-PeakNon-PeakNon-PeakNon-PeakNon-PeakNon-PeakNon-PeakNon-PeakNon-PeakNon-PeakNon-PeakNon-PeakNon-PeakNon-PeakNon-PeakNon-PeakNon-PeakNon-PeakNon-PeakNon-PeakNon-PeakNon-PeakNon-PeakNon-PeakNon-PeakNon-PeakNon-PeakNon-PeakNon-PeakNon-PeakNon-PeakNon-PeakNon-PeakNon-PeakNon-PeakNon-PeakNon-PeakNon-PeakNon-PeakNon-PeakNon-PeakNon-PeakNon-PeakNon-PeakNon-PeakNon-PeakNon-PeakNon-PeakNon-PeakNon-PeakNon-PeakNon-PeakNon-PeakNon-PeakNon-PeakNon-PeakNon-PeakNon-PeakNon-PeakNon-PeakNon-PeakNon-PeakNon-PeakNon-PeakNon-PeakNon-PeakNon-PeakNon-PeakNon-PeakNon-PeakNon-PeakNon-PeakNon-PeakNon-PeakNon-PeakNon-PeakNon-PeakNon-PeakNon-PeakNon-PeakNon-PeakNon-PeakNon-PeakNon-PeakNon-PeakNon-PeakNon-PeakNon-PeakNon-PeakNon-PeakNon-PeakNon-PeakNon-PeakNon-PeakNon-PeakNon-PeakNon-PeakNon-PeakNon-PeakNon-PeakNon-PeakNon-PeakNon-PeakNon-PeakNon-PeakNon-PeakNon-PeakNon-PeakNon-PeakNon-PeakNon-PeakNon-PeakNon-PeakNon-PeakNon-PeakNon-PeakNon-PeakNon-PeakNon-PeakNon-PeakNon-PeakNon-PeakNon-PeakNon-PeakNon-PeakNon-PeakNon-PeakNon-PeakNon-PeakNon-PeakNon-PeakNon-PeakNon-PeakNon-PeakNon-PeakNon-PeakNon-PeakNon-PeakNon-PeakNon-PeakNon-PeakNon-PeakNon-PeakNon-PeakNon-PeakNon-PeakNon-PeakNon-PeakNon-PeakNon-PeakNon-PeakNon-PeakNon-PeakNon-PeakNon-PeakNon-PeakNon-PeakNon-PeakNon-PeakNon-PeakNon-PeakNon-PeakNon-PeakNon-PeakNon-PeakNon-PeakNon-PeakNon-PeakNon-PeakNon-PeakNon-PeakNon-PeakNon-PeakNon-PeakNon-PeakNon-PeakNon-PeakNon-PeakNon-PeakNon-PeakNon-PeakNon-PeakNon-PeakNon-PeakNon-PeakNon-PeakNon-PeakNon-PeakNon-PeakNon-PeakNon-PeakNon-PeakNon-PeakNon-PeakNon-PeakNon-PeakNon-PeakNon-PeakNon-PeakNon-PeakNon-PeakNon-PeakNon-PeakNon-PeakNon-PeakNon-PeakNon-PeakNon-PeakNon-PeakNon-PeakNon-PeakNon-PeakNon-PeakNon-PeakNon-PeakNon-PeakNon-PeakNon-PeakNon-PeakNon-PeakNon-PeakNon-PeakNon-PeakNon-PeakNon-PeakNon-PeakNon-PeakNon-PeakNon-PeakNon-PeakNon-PeakNon-PeakNon-PeakNon-PeakNon-PeakNon-PeakNon-PeakNon-PeakNon-PeakNon-PeakNon-PeakNon-PeakNon-PeakNon-PeakNon-PeakNon-PeakNon-PeakNon-PeakNon-PeakNon-PeakNon-PeakNon-PeakNon-PeakNon-PeakNon-PeakNon-PeakNon-PeakNon-PeakNon-PeakNon-PeakPeakPeakPeakPeakPeakPeakPeakPeakPeakPeakPeakPeakPeakPeakPeakPeakPeakPeakPeakPeakPeakPeakPeakPeakPeakPeakPeakPeakPeakPeakPeakPeakPeakPeakPeakPeakPeakPeakPeakPeakPeakPeakPeakPeakPeakPeakPeakPeakPeakPeakPeakPeakPeakPeakPeakPeakPeakPeakPeakPeakPeakPeakPeakPeakPeakPeakPeakPeakPeakPeakPeakPeakPeakPeakPeakPeakPeakPeakPeakPeakPeakPeakPeakPeakPeakPeakPeakPeakPeakPeakPeakPeakPeakPeakPeakPeakPeakPeakPeakPeakPeakPeakPeakPeakPeakPeakPeakPeakPeakPeakPeakPeakPeakPeakPeakPeakPeakPeakPeakPeakPeakPeakPeakPeakPeakPeakPeakPeakPeakPeakPeakPeakPeakPeakPeakPeakNon-PeakNon-PeakNon-PeakNon-PeakNon-PeakNon-PeakNon-PeakNon-PeakNon-PeakNon-PeakNon-PeakNon-PeakNon-PeakNon-PeakNon-PeakNon-PeakNon-PeakNon-PeakNon-PeakNon-PeakNon-PeakNon-PeakNon-PeakNon-PeakNon-PeakNon-PeakNon-PeakNon-PeakNon-PeakNon-PeakNon-PeakNon-PeakNon-PeakNon-PeakNon-PeakNon-PeakNon-PeakNon-PeakNon-PeakNon-PeakNon-PeakNon-PeakNon-PeakNon-PeakNon-PeakNon-PeakNon-PeakNon-PeakNon-PeakNon-PeakNon-PeakNon-PeakNon-PeakNon-PeakNon-PeakNon-PeakNon-PeakNon-PeakNon-PeakNon-PeakNon-PeakNon-PeakNon-PeakNon-PeakNon-PeakNon-PeakNon-PeakNon-PeakNon-PeakNon-PeakNon-PeakNon-PeakNon-PeakNon-PeakNon-PeakNon-PeakNon-PeakNon-PeakNon-PeakNon-PeakNon-PeakNon-PeakNon-PeakNon-PeakNon-PeakNon-PeakNon-PeakNon-PeakNon-PeakNon-PeakNon-PeakNon-PeakNon-PeakNon-PeakNon-PeakNon-PeakNon-PeakNon-PeakNon-PeakNon-PeakNon-PeakNon-PeakNon-PeakNon-PeakNon-PeakNon-PeakNon-PeakNon-PeakNon-PeakNon-PeakNon-PeakNon-PeakNon-PeakNon-PeakNon-PeakNon-PeakNon-PeakNon-PeakNon-PeakNon-PeakNon-PeakNon-PeakNon-PeakNon-PeakNon-PeakNon-PeakNon-PeakNon-PeakNon-PeakNon-PeakNon-PeakNon-PeakNon-PeakNon-PeakNon-PeakNon-PeakNon-PeakNon-PeakNon-PeakNon-PeakNon-PeakNon-PeakNon-PeakNon-PeakNon-PeakNon-PeakNon-PeakNon-PeakNon-PeakNon-PeakNon-PeakNon-PeakNon-PeakNon-PeakNon-PeakNon-PeakNon-PeakNon-PeakNon-PeakNon-PeakNon-PeakNon-PeakNon-PeakNon-PeakNon-PeakNon-PeakNon-PeakNon-PeakNon-PeakNon-PeakNon-PeakNon-PeakNon-PeakNon-PeakNon-PeakNon-PeakNon-PeakNon-PeakNon-PeakNon-PeakNon-PeakNon-PeakNon-PeakNon-PeakNon-PeakNon-PeakNon-PeakNon-PeakPeakPeakPeakPeakPeakPeakPeakPeakPeakPeakPeakPeakPeakPeakPeakPeakPeakPeakPeakPeakPeakPeakPeakPeakPeakPeakPeakPeakPeakPeakPeakPeakPeakPeakPeakPeakPeakPeakPeakPeakPeakPeakPeakPeakPeakPeakPeakPeakPeakPeakPeakPeakPeakPeakPeakPeakPeakPeakPeakPeakPeakPeakPeakPeakPeakPeakPeakPeakPeakPeakPeakPeakPeakPeakPeakPeakPeakPeakPeakPeakPeakPeakPeakPeakPeakPeakPeakPeakPeakPeakPeakPeakPeakPeakPeakPeakPeakPeakPeakPeakPeakPeakPeakPeakPeakPeakPeakPeakPeakPeakPeakPeakPeakPeakPeakPeakPeakPeakPeakPeakPeakPeakPeakPeakPeakPeakPeakPeakPeakPeakPeakPeakPeakPeakPeakPeakPeakPeakPeakPeakPeakPeakPeakPeakPeakPeakPeakPeakPeakPeakPeakPeakPeakPeakPeakPeakPeakPeakPeakPeakPeakPeakPeakPeakPeakPeakPeakPeakPeakPeakNon-PeakNon-PeakNon-PeakNon-PeakNon-PeakNon-PeakNon-PeakNon-PeakNon-PeakNon-PeakNon-PeakNon-PeakNon-PeakNon-PeakNon-PeakNon-PeakNon-PeakNon-PeakNon-PeakNon-PeakNon-PeakNon-PeakNon-PeakNon-PeakNon-PeakNon-PeakNon-PeakNon-PeakNon-PeakNon-PeakNon-PeakNon-PeakNon-PeakNon-PeakNon-PeakNon-PeakNon-PeakNon-PeakNon-PeakNon-PeakNon-PeakNon-PeakNon-PeakNon-PeakNon-PeakNon-PeakNon-PeakNon-PeakNon-PeakNon-PeakNon-PeakNon-PeakNon-PeakNon-PeakNon-PeakNon-PeakNon-PeakNon-PeakNon-PeakNon-PeakNon-PeakNon-PeakNon-PeakNon-PeakNon-PeakNon-PeakNon-PeakNon-PeakNon-PeakNon-PeakNon-PeakNon-PeakNon-PeakNon-PeakNon-PeakNon-PeakNon-PeakNon-PeakNon-PeakNon-PeakNon-PeakNon-PeakNon-PeakNon-PeakNon-PeakNon-PeakNon-PeakNon-PeakNon-PeakNon-PeakNon-PeakNon-PeakNon-PeakNon-PeakNon-PeakNon-PeakNon-PeakNon-PeakNon-PeakNon-PeakNon-PeakNon-PeakNon-PeakNon-PeakNon-PeakNon-PeakNon-PeakNon-PeakNon-PeakNon-PeakNon-PeakNon-PeakNon-PeakNon-PeakNon-PeakNon-PeakNon-PeakNon-PeakNon-PeakNon-PeakNon-PeakNon-PeakNon-PeakNon-PeakNon-PeakNon-PeakNon-PeakNon-PeakNon-PeakNon-PeakNon-PeakNon-PeakNon-PeakNon-PeakNon-PeakNon-PeakNon-PeakNon-PeakNon-PeakNon-PeakNon-PeakNon-PeakNon-PeakNon-PeakNon-PeakNon-PeakNon-PeakNon-PeakNon-PeakNon-PeakNon-PeakNon-PeakNon-PeakNon-PeakNon-PeakNon-PeakNon-PeakNon-PeakNon-PeakNon-PeakNon-PeakNon-PeakNon-PeakNon-PeakNon-PeakNon-PeakNon-PeakNon-PeakNon-PeakNon-PeakNon-PeakNon-PeakNon-PeakNon-PeakNon-PeakNon-PeakNon-PeakNon-PeakNon-PeakNon-PeakNon-PeakNon-PeakNon-PeakNon-PeakNon-PeakNon-PeakNon-PeakNon-PeakNon-PeakNon-PeakNon-PeakNon-PeakNon-PeakNon-PeakNon-PeakNon-PeakNon-PeakNon-PeakNon-PeakNon-PeakNon-PeakNon-PeakNon-PeakNon-PeakNon-PeakNon-PeakNon-PeakNon-PeakNon-PeakNon-PeakNon-PeakNon-PeakNon-PeakNon-PeakNon-PeakNon-PeakNon-PeakNon-PeakNon-PeakNon-PeakNon-PeakNon-PeakNon-PeakNon-PeakNon-PeakNon-PeakNon-PeakNon-PeakNon-PeakNon-PeakNon-PeakNon-PeakNon-PeakNon-PeakNon-PeakNon-PeakNon-PeakNon-PeakNon-PeakNon-PeakNon-PeakNon-PeakNon-PeakNon-PeakNon-PeakNon-PeakNon-PeakNon-PeakNon-PeakNon-PeakNon-PeakNon-PeakNon-PeakNon-PeakNon-PeakNon-PeakNon-PeakNon-PeakNon-PeakNon-PeakNon-PeakNon-PeakNon-PeakNon-PeakNon-PeakNon-PeakNon-PeakNon-PeakNon-PeakNon-PeakNon-PeakNon-PeakNon-PeakNon-PeakNon-PeakNon-PeakNon-PeakNon-PeakNon-PeakNon-PeakNon-PeakNon-PeakNon-PeakNon-PeakNon-PeakNon-PeakNon-PeakNon-PeakNon-PeakNon-PeakNon-PeakNon-PeakNon-PeakNon-PeakNon-PeakNon-PeakNon-PeakNon-PeakNon-PeakNon-PeakNon-PeakNon-PeakNon-PeakNon-PeakNon-PeakNon-PeakNon-PeakNon-PeakNon-PeakNon-PeakNon-PeakNon-PeakNon-PeakNon-PeakNon-PeakNon-PeakNon-PeakNon-PeakNon-PeakNon-PeakPeakPeakPeakPeakPeakPeakPeakPeakPeakPeakPeakPeakPeakPeakPeakPeakPeakPeakPeakPeakPeakPeakPeakPeakPeakPeakPeakPeakPeakPeakPeakPeakPeakPeakPeakPeakPeakPeakPeakPeakPeakPeakPeakPeakPeakPeakPeakPeakPeakPeakPeakPeakPeakPeakPeakPeakPeakPeakPeakPeakPeakPeakPeakPeakPeakPeakPeakPeakPeakPeakPeakPeakPeakPeakPeakPeakPeakPeakPeakPeakPeakPeakPeakPeakPeakPeakPeakPeakPeakPeakPeakPeakPeakPeakPeakPeakPeakPeakPeakPeakPeakPeakPeakPeakPeakPeakPeakPeakPeakPeakPeakPeakPeakPeakPeakPeakPeakPeakPeakPeakPeakPeakPeakPeakPeakPeakPeakPeakPeakPeakPeakPeakPeakPeakPeakPeakNon-PeakNon-PeakNon-PeakNon-PeakNon-PeakNon-PeakNon-PeakNon-PeakNon-PeakNon-PeakNon-PeakNon-PeakNon-PeakNon-PeakNon-PeakNon-PeakNon-PeakNon-PeakNon-PeakNon-PeakNon-PeakNon-PeakNon-PeakNon-PeakNon-PeakNon-PeakNon-PeakNon-PeakNon-PeakNon-PeakNon-PeakNon-PeakNon-PeakNon-PeakNon-PeakNon-PeakNon-PeakNon-PeakNon-PeakNon-PeakNon-PeakNon-PeakNon-PeakNon-PeakNon-PeakNon-PeakNon-PeakNon-PeakNon-PeakNon-PeakNon-PeakNon-PeakNon-PeakNon-PeakNon-PeakNon-PeakNon-PeakNon-PeakNon-PeakNon-PeakNon-PeakNon-PeakNon-PeakNon-PeakNon-PeakNon-PeakNon-PeakNon-PeakNon-PeakNon-PeakNon-PeakNon-PeakNon-PeakNon-PeakNon-PeakNon-PeakNon-PeakNon-PeakNon-PeakNon-PeakNon-PeakNon-PeakNon-PeakNon-PeakNon-PeakNon-PeakNon-PeakNon-PeakNon-PeakNon-PeakNon-PeakNon-PeakNon-PeakNon-PeakNon-PeakNon-PeakNon-PeakNon-PeakNon-PeakNon-PeakNon-PeakNon-PeakNon-PeakNon-PeakNon-PeakNon-PeakNon-PeakNon-PeakNon-PeakNon-PeakNon-PeakNon-PeakNon-PeakNon-PeakNon-PeakNon-PeakNon-PeakNon-PeakNon-PeakNon-PeakNon-PeakNon-PeakNon-PeakNon-PeakNon-PeakNon-PeakNon-PeakNon-PeakNon-PeakNon-PeakNon-PeakNon-PeakNon-PeakNon-PeakNon-PeakNon-PeakNon-PeakNon-PeakNon-PeakNon-PeakNon-PeakNon-PeakNon-PeakNon-PeakNon-PeakNon-PeakNon-PeakNon-PeakNon-PeakNon-PeakNon-PeakNon-PeakNon-PeakNon-PeakNon-PeakNon-PeakNon-PeakNon-PeakNon-PeakNon-PeakNon-PeakNon-PeakNon-PeakNon-PeakNon-PeakNon-PeakNon-PeakNon-PeakNon-PeakNon-PeakNon-PeakNon-PeakNon-PeakNon-PeakNon-PeakNon-PeakNon-PeakNon-PeakNon-PeakNon-PeakNon-PeakNon-PeakNon-PeakNon-PeakNon-PeakNon-PeakNon-PeakNon-PeakNon-PeakNon-PeakNon-PeakNon-PeakNon-PeakNon-PeakNon-PeakNon-PeakNon-PeakNon-PeakNon-PeakNon-PeakNon-PeakNon-PeakNon-PeakNon-PeakNon-PeakNon-PeakNon-PeakNon-PeakNon-PeakNon-PeakNon-PeakNon-PeakNon-PeakNon-PeakNon-PeakNon-PeakNon-PeakNon-PeakNon-PeakPeakPeakPeakPeakPeakPeakPeakPeakPeakPeakPeakPeakPeakPeakPeakPeakPeakPeakPeakPeakPeakPeakPeakPeakPeakPeakPeakPeakPeakPeakPeakPeakPeakPeakPeakPeakPeakPeakPeakPeakPeakPeakPeakPeakPeakPeakPeakPeakPeakPeakPeakPeakPeakPeakPeakPeakPeakPeakPeakPeakPeakPeakPeakPeakPeakPeakPeakPeakPeakPeakPeakPeakPeakPeakPeakPeakPeakPeakPeakPeakPeakPeakPeakPeakPeakPeakPeakPeakPeakPeakPeakPeakPeakPeakPeakPeakPeakPeakPeakPeakPeakPeakPeakPeakPeakPeakPeakPeakPeakPeakPeakPeakPeakPeakPeakPeakPeakPeakPeakPeakPeakPeakPeakPeakPeakPeakPeakPeakPeakPeakPeakPeakPeakPeakPeakPeakPeakPeakPeakPeakPeakPeakPeakPeakPeakPeakPeakPeakPeakPeakPeakPeakPeakPeakPeakPeakPeakPeakPeakPeakPeakPeakPeakPeakPeakPeakPeakPeakPeakPeakPeakPeakPeakPeakPeakPeakPeakPeakPeakPeakNon-PeakNon-PeakNon-PeakNon-PeakNon-PeakNon-PeakNon-PeakNon-PeakNon-PeakNon-PeakNon-PeakNon-PeakNon-PeakNon-PeakNon-PeakNon-PeakNon-PeakNon-PeakNon-PeakNon-PeakNon-PeakNon-PeakNon-PeakNon-PeakNon-PeakNon-PeakNon-PeakNon-PeakNon-PeakNon-PeakNon-PeakNon-PeakNon-PeakNon-PeakNon-PeakNon-PeakNon-PeakNon-PeakNon-PeakNon-PeakNon-PeakNon-PeakNon-PeakNon-PeakNon-PeakNon-PeakNon-PeakNon-PeakNon-PeakNon-PeakNon-PeakNon-PeakNon-PeakNon-PeakNon-PeakNon-PeakNon-PeakNon-PeakNon-PeakNon-PeakNon-PeakNon-PeakNon-PeakNon-PeakNon-PeakNon-PeakNon-PeakNon-PeakNon-PeakNon-PeakNon-PeakNon-PeakNon-PeakNon-PeakNon-PeakNon-PeakNon-PeakNon-PeakNon-PeakNon-PeakNon-PeakNon-PeakNon-PeakNon-PeakNon-PeakNon-PeakNon-PeakNon-PeakNon-PeakNon-PeakNon-PeakNon-PeakNon-PeakNon-PeakNon-PeakNon-PeakNon-PeakNon-PeakNon-PeakNon-PeakNon-PeakNon-PeakNon-PeakNon-PeakNon-PeakNon-PeakNon-PeakNon-PeakNon-PeakNon-PeakNon-PeakNon-PeakNon-PeakNon-PeakNon-PeakNon-PeakNon-PeakNon-PeakNon-PeakNon-PeakNon-PeakNon-PeakNon-PeakNon-PeakNon-PeakNon-PeakNon-PeakNon-PeakNon-PeakNon-PeakNon-PeakNon-PeakNon-PeakNon-PeakNon-PeakNon-PeakNon-PeakNon-PeakNon-PeakNon-PeakNon-PeakNon-PeakNon-PeakNon-PeakNon-PeakNon-PeakNon-PeakNon-PeakNon-PeakNon-PeakNon-PeakNon-PeakNon-PeakNon-PeakNon-PeakNon-PeakNon-PeakNon-PeakNon-PeakNon-PeakNon-PeakNon-PeakNon-PeakNon-PeakNon-PeakNon-PeakNon-PeakNon-PeakNon-PeakNon-PeakNon-PeakNon-PeakNon-PeakNon-PeakNon-PeakNon-PeakNon-PeakNon-PeakNon-PeakNon-PeakNon-PeakNon-PeakNon-PeakNon-PeakNon-PeakNon-PeakNon-PeakNon-PeakNon-PeakNon-PeakNon-PeakNon-PeakNon-PeakNon-PeakNon-PeakNon-PeakNon-PeakNon-PeakNon-PeakNon-PeakNon-PeakNon-PeakNon-PeakNon-PeakNon-PeakNon-PeakNon-PeakNon-PeakNon-PeakNon-PeakNon-PeakNon-PeakNon-PeakNon-PeakNon-PeakNon-PeakNon-PeakNon-PeakNon-PeakNon-PeakNon-PeakNon-PeakNon-PeakNon-PeakNon-PeakNon-PeakNon-PeakNon-PeakNon-PeakNon-PeakNon-PeakNon-PeakNon-PeakNon-PeakNon-PeakNon-PeakNon-PeakNon-PeakNon-PeakNon-PeakNon-PeakNon-PeakNon-PeakNon-PeakNon-PeakNon-PeakNon-PeakNon-PeakNon-PeakNon-PeakNon-PeakNon-PeakNon-PeakNon-PeakNon-PeakNon-PeakNon-PeakNon-PeakNon-PeakNon-PeakNon-PeakNon-PeakNon-PeakNon-PeakNon-PeakNon-PeakNon-PeakNon-PeakNon-PeakNon-PeakNon-PeakNon-PeakNon-PeakNon-PeakNon-PeakNon-PeakNon-PeakNon-PeakNon-PeakNon-PeakNon-PeakNon-PeakNon-PeakNon-PeakNon-PeakNon-PeakNon-PeakNon-PeakNon-PeakPeakPeakPeakPeakPeakPeakPeakPeakPeakPeakPeakPeakPeakPeakPeakPeakPeakPeakPeakPeakPeakPeakPeakPeakPeakPeakPeakPeakPeakPeakPeakPeakPeakPeakPeakPeakPeakPeakPeakPeakPeakPeakPeakPeakPeakPeakPeakPeakPeakPeakPeakPeakPeakPeakPeakPeakPeakPeakPeakPeakPeakPeakPeakPeakPeakPeakPeakPeakPeakPeakPeakPeakPeakPeakPeakPeakPeakPeakPeakPeakPeakPeakPeakPeakPeakPeakPeakPeakPeakPeakPeakPeakPeakPeakPeakPeakPeakPeakPeakPeakPeakPeakPeakPeakPeakPeakPeakPeakPeakPeakPeakPeakPeakPeakPeakPeakPeakPeakPeakPeakPeakPeakPeakPeakPeakPeakPeakPeakPeakPeakPeakPeakPeakPeakPeakPeakPeakPeakPeakPeakNon-PeakNon-PeakNon-PeakNon-PeakNon-PeakNon-PeakNon-PeakNon-PeakNon-PeakNon-PeakNon-PeakNon-PeakNon-PeakNon-PeakNon-PeakNon-PeakNon-PeakNon-PeakNon-PeakNon-PeakNon-PeakNon-PeakNon-PeakNon-PeakNon-PeakNon-PeakNon-PeakNon-PeakNon-PeakNon-PeakNon-PeakNon-PeakNon-PeakNon-PeakNon-PeakNon-PeakNon-PeakNon-PeakNon-PeakNon-PeakNon-PeakNon-PeakNon-PeakNon-PeakNon-PeakNon-PeakNon-PeakNon-PeakNon-PeakNon-PeakNon-PeakNon-PeakNon-PeakNon-PeakNon-PeakNon-PeakNon-PeakNon-PeakNon-PeakNon-PeakNon-PeakNon-PeakNon-PeakNon-PeakNon-PeakNon-PeakNon-PeakNon-PeakNon-PeakNon-PeakNon-PeakNon-PeakNon-PeakNon-PeakNon-PeakNon-PeakNon-PeakNon-PeakNon-PeakNon-PeakNon-PeakNon-PeakNon-PeakNon-PeakNon-PeakNon-PeakNon-PeakNon-PeakNon-PeakNon-PeakNon-PeakNon-PeakNon-PeakNon-PeakNon-PeakNon-PeakNon-PeakNon-PeakNon-PeakNon-PeakNon-PeakNon-PeakNon-PeakNon-PeakNon-PeakNon-PeakNon-PeakNon-PeakNon-PeakNon-PeakNon-PeakNon-PeakNon-PeakNon-PeakNon-PeakNon-PeakNon-PeakNon-PeakNon-PeakNon-PeakNon-PeakNon-PeakNon-PeakNon-PeakNon-PeakNon-PeakNon-PeakNon-PeakNon-PeakNon-PeakNon-PeakNon-PeakNon-PeakNon-PeakNon-PeakNon-PeakNon-PeakNon-PeakNon-PeakNon-PeakNon-PeakNon-PeakNon-PeakNon-PeakNon-PeakNon-PeakNon-PeakNon-PeakNon-PeakNon-PeakNon-PeakNon-PeakNon-PeakNon-PeakNon-PeakNon-PeakNon-PeakNon-PeakNon-PeakNon-PeakNon-PeakNon-PeakNon-PeakNon-PeakNon-PeakNon-PeakNon-PeakNon-PeakNon-PeakNon-PeakNon-PeakNon-PeakNon-PeakNon-PeakNon-PeakNon-PeakNon-PeakNon-PeakNon-PeakNon-PeakNon-PeakNon-PeakNon-PeakNon-PeakNon-PeakNon-PeakNon-PeakNon-PeakNon-PeakNon-PeakNon-PeakNon-PeakNon-PeakNon-PeakNon-PeakNon-PeakNon-PeakNon-PeakNon-PeakNon-PeakNon-PeakNon-PeakNon-PeakNon-PeakNon-PeakNon-PeakNon-PeakNon-PeakNon-PeakNon-PeakNon-PeakNon-PeakNon-PeakNon-PeakPeakPeakPeakPeakPeakPeakPeakPeakPeakPeakPeakPeakPeakPeakPeakPeakPeakPeakPeakPeakPeakPeakPeakPeakPeakPeakPeakPeakPeakPeakPeakPeakPeakPeakPeakPeakPeakPeakPeakPeakPeakPeakPeakPeakPeakPeakPeakPeakPeakPeakPeakPeakPeakPeakPeakPeakPeakPeakPeakPeakPeakPeakPeakPeakPeakPeakPeakPeakPeakPeakPeakPeakPeakPeakPeakPeakPeakPeakPeakPeakPeakPeakPeakPeakPeakPeakPeakPeakPeakPeakPeakPeakPeakPeakPeakPeakPeakPeakPeakPeakPeakPeakPeakPeakPeakPeakPeakPeakPeakPeakPeakPeakPeakPeakPeakPeakPeakPeakPeakPeakPeakPeakPeakPeakPeakPeakPeakPeakPeakPeakPeakPeakPeakPeakPeakPeakPeakPeakPeakPeakPeakPeakPeakPeakPeakPeakPeakPeakPeakPeakPeakPeakPeakPeakPeakPeakPeakPeakPeakPeakPeakPeakPeakPeakPeakPeakPeakPeakNon-PeakNon-PeakNon-PeakNon-PeakNon-PeakNon-PeakNon-PeakNon-PeakNon-PeakNon-PeakNon-PeakNon-PeakNon-PeakNon-PeakNon-PeakNon-PeakNon-PeakNon-PeakNon-PeakNon-PeakNon-PeakNon-PeakNon-PeakNon-PeakNon-PeakNon-PeakNon-PeakNon-PeakNon-PeakNon-PeakNon-PeakNon-PeakNon-PeakNon-PeakNon-PeakNon-PeakNon-PeakNon-PeakNon-PeakNon-PeakNon-PeakNon-PeakNon-PeakNon-PeakNon-PeakNon-PeakNon-PeakNon-PeakNon-PeakNon-PeakNon-PeakNon-PeakNon-PeakNon-PeakNon-PeakNon-PeakNon-PeakNon-PeakNon-PeakNon-PeakNon-PeakNon-PeakNon-PeakNon-PeakNon-PeakNon-PeakNon-PeakNon-PeakNon-PeakNon-PeakNon-PeakNon-PeakNon-PeakNon-PeakNon-PeakNon-PeakNon-PeakNon-PeakNon-PeakNon-PeakNon-PeakNon-PeakNon-PeakNon-PeakNon-PeakNon-PeakNon-PeakNon-PeakNon-PeakNon-PeakNon-PeakNon-PeakNon-PeakNon-PeakNon-PeakNon-PeakNon-PeakNon-PeakNon-PeakNon-PeakNon-PeakNon-PeakNon-PeakNon-PeakNon-PeakNon-PeakNon-PeakNon-PeakNon-PeakNon-PeakNon-PeakNon-PeakNon-PeakNon-PeakNon-PeakNon-PeakNon-PeakNon-PeakNon-PeakNon-PeakNon-PeakNon-PeakNon-PeakNon-PeakNon-PeakNon-PeakNon-PeakNon-PeakNon-PeakNon-PeakNon-PeakNon-PeakNon-PeakNon-PeakNon-PeakNon-PeakNon-PeakNon-PeakNon-PeakNon-PeakNon-PeakNon-PeakNon-PeakNon-PeakNon-PeakNon-PeakNon-PeakNon-PeakNon-PeakNon-PeakNon-PeakNon-PeakNon-PeakNon-PeakNon-PeakNon-PeakNon-PeakNon-PeakNon-PeakNon-PeakNon-PeakNon-PeakNon-PeakNon-PeakNon-PeakNon-PeakNon-PeakNon-PeakNon-PeakNon-PeakNon-PeakNon-PeakNon-PeakNon-PeakNon-PeakNon-PeakNon-PeakNon-PeakNon-PeakNon-PeakNon-PeakNon-PeakNon-PeakNon-PeakNon-PeakNon-PeakNon-PeakNon-PeakNon-PeakNon-PeakNon-PeakNon-PeakNon-PeakNon-PeakNon-PeakNon-PeakNon-PeakNon-PeakNon-PeakNon-PeakNon-PeakNon-PeakNon-PeakNon-PeakNon-PeakNon-PeakNon-PeakNon-PeakNon-PeakNon-PeakNon-PeakNon-PeakNon-PeakNon-PeakNon-PeakNon-PeakNon-PeakNon-PeakNon-PeakNon-PeakNon-PeakNon-PeakNon-PeakNon-PeakNon-PeakNon-PeakNon-PeakNon-PeakNon-PeakNon-PeakNon-PeakNon-PeakNon-PeakNon-PeakNon-PeakNon-PeakNon-PeakNon-PeakNon-PeakNon-PeakNon-PeakNon-PeakNon-PeakNon-PeakNon-PeakNon-PeakNon-PeakNon-PeakNon-PeakNon-PeakNon-PeakNon-PeakNon-PeakNon-PeakNon-PeakNon-PeakNon-PeakNon-PeakNon-PeakNon-PeakNon-PeakNon-PeakNon-PeakNon-PeakNon-PeakNon-PeakNon-PeakNon-PeakNon-PeakNon-PeakNon-PeakNon-PeakNon-PeakNon-PeakNon-PeakNon-PeakNon-PeakNon-PeakNon-PeakPeakPeakPeakPeakPeakPeakPeakPeakPeakPeakPeakPeakPeakPeakPeakPeakPeakPeakPeakPeakPeakPeakPeakPeakPeakPeakPeakPeakPeakPeakPeakPeakPeakPeakPeakPeakPeakPeakPeakPeakPeakPeakPeakPeakPeakPeakPeakPeakPeakPeakPeakPeakPeakPeakPeakPeakPeakPeakPeakPeakPeakPeakPeakPeakPeakPeakPeakPeakPeakPeakPeakPeakPeakPeakPeakPeakPeakPeakPeakPeakPeakPeakPeakPeakPeakPeakPeakPeakPeakPeakPeakPeakPeakPeakPeakPeakPeakPeakPeakPeakPeakPeakPeakPeakPeakPeakPeakPeakPeakPeakPeakPeakPeakPeakPeakPeakPeakPeakPeakPeakPeakPeakPeakPeakPeakPeakPeakPeakPeakPeakPeakPeakPeakNon-PeakNon-PeakNon-PeakNon-PeakNon-PeakNon-PeakNon-PeakNon-PeakNon-PeakNon-PeakNon-PeakNon-PeakNon-PeakNon-PeakNon-PeakNon-PeakNon-PeakNon-PeakNon-PeakNon-PeakNon-PeakNon-PeakNon-PeakNon-PeakNon-PeakNon-PeakNon-PeakNon-PeakNon-PeakNon-PeakNon-PeakNon-PeakNon-PeakNon-PeakNon-PeakNon-PeakNon-PeakNon-PeakNon-PeakNon-PeakNon-PeakNon-PeakNon-PeakNon-PeakNon-PeakNon-PeakNon-PeakNon-PeakNon-PeakNon-PeakNon-PeakNon-PeakNon-PeakNon-PeakNon-PeakNon-PeakNon-PeakNon-PeakNon-PeakNon-PeakNon-PeakNon-PeakNon-PeakNon-PeakNon-PeakNon-PeakNon-PeakNon-PeakNon-PeakNon-PeakNon-PeakNon-PeakNon-PeakNon-PeakNon-PeakNon-PeakNon-PeakNon-PeakNon-PeakNon-PeakNon-PeakNon-PeakNon-PeakNon-PeakNon-PeakNon-PeakNon-PeakNon-PeakNon-PeakNon-PeakNon-PeakNon-PeakNon-PeakNon-PeakNon-PeakNon-PeakNon-PeakNon-PeakNon-PeakNon-PeakNon-PeakNon-PeakNon-PeakNon-PeakNon-PeakNon-PeakNon-PeakNon-PeakNon-PeakNon-PeakNon-PeakNon-PeakNon-PeakNon-PeakNon-PeakNon-PeakNon-PeakNon-PeakNon-PeakNon-PeakNon-PeakNon-PeakNon-PeakNon-PeakNon-PeakNon-PeakNon-PeakNon-PeakNon-PeakNon-PeakNon-PeakNon-PeakNon-PeakNon-PeakNon-PeakNon-PeakNon-PeakNon-PeakNon-PeakNon-PeakNon-PeakNon-PeakNon-PeakNon-PeakNon-PeakNon-PeakNon-PeakNon-PeakNon-PeakNon-PeakNon-PeakNon-PeakNon-PeakNon-PeakNon-PeakNon-PeakNon-PeakNon-PeakNon-PeakNon-PeakNon-PeakNon-PeakNon-PeakNon-PeakNon-PeakNon-PeakNon-PeakNon-PeakNon-PeakNon-PeakNon-PeakNon-PeakNon-PeakNon-PeakNon-PeakNon-PeakNon-PeakNon-PeakNon-PeakNon-PeakNon-PeakNon-PeakNon-PeakNon-PeakNon-PeakNon-PeakNon-PeakNon-PeakNon-PeakNon-PeakNon-PeakPeakPeakPeakPeakPeakPeakPeakPeakPeakPeakPeakPeakPeakPeakPeakPeakPeakPeakPeakPeakPeakPeakPeakPeakPeakPeakPeakPeakPeakPeakPeakPeakPeakPeakPeakPeakPeakPeakPeakPeakPeakPeakPeakPeakPeakPeakPeakPeakPeakPeakPeakPeakPeakPeakPeakPeakPeakPeakPeakPeakPeakPeakPeakPeakPeakPeakPeakPeakPeakPeakPeakPeakPeakPeakPeakPeakPeakPeakPeakPeakPeakPeakPeakPeakPeakPeakPeakPeakPeakPeakPeakPeakPeakPeakPeakPeakPeakPeakPeakPeakPeakPeakPeakPeakPeakPeakPeakPeakPeakPeakPeakPeakPeakPeakPeakPeakPeakPeakPeakPeakPeakPeakPeakPeakPeakPeakPeakPeakPeakPeakPeakPeakPeakPeakPeakPeakPeakPeakPeakPeakPeakPeakPeakPeakPeakPeakPeakPeakPeakPeakPeakPeakPeakPeakPeakPeakPeakPeakPeakPeakPeakPeakPeakPeakPeakPeakPeakPeakPeakPeakPeakPeakPeakPeakPeakPeakPeakPeakPeakPeakPeakPeakNon-PeakNon-PeakNon-PeakNon-PeakNon-PeakNon-PeakNon-PeakNon-PeakNon-PeakNon-PeakNon-PeakNon-PeakNon-PeakNon-PeakNon-PeakNon-PeakNon-PeakNon-PeakNon-PeakNon-PeakNon-PeakNon-PeakNon-PeakNon-PeakNon-PeakNon-PeakNon-PeakNon-PeakNon-PeakNon-PeakNon-PeakNon-PeakNon-PeakNon-PeakNon-PeakNon-PeakNon-PeakNon-PeakNon-PeakNon-PeakNon-PeakNon-PeakNon-PeakNon-PeakNon-PeakNon-PeakNon-PeakNon-PeakNon-PeakNon-PeakNon-PeakNon-PeakNon-PeakNon-PeakNon-PeakNon-PeakNon-PeakNon-PeakNon-PeakNon-PeakNon-PeakNon-PeakNon-PeakNon-PeakNon-PeakNon-PeakNon-PeakNon-PeakNon-PeakNon-PeakNon-PeakNon-PeakNon-PeakNon-PeakNon-PeakNon-PeakNon-PeakNon-PeakNon-PeakNon-PeakNon-PeakNon-PeakNon-PeakNon-PeakNon-PeakNon-PeakNon-PeakNon-PeakNon-PeakNon-PeakNon-PeakNon-PeakNon-PeakNon-PeakNon-PeakNon-PeakNon-PeakNon-PeakNon-PeakNon-PeakNon-PeakNon-PeakNon-PeakNon-PeakNon-PeakNon-PeakNon-PeakNon-PeakNon-PeakNon-PeakNon-PeakNon-PeakNon-PeakNon-PeakNon-PeakNon-PeakNon-PeakNon-PeakNon-PeakNon-PeakNon-PeakNon-PeakNon-PeakNon-PeakNon-PeakNon-PeakNon-PeakNon-PeakNon-PeakNon-PeakNon-PeakNon-PeakNon-PeakNon-PeakNon-PeakNon-PeakNon-PeakNon-PeakNon-PeakNon-PeakNon-PeakNon-PeakNon-PeakNon-PeakNon-PeakNon-PeakNon-PeakNon-PeakNon-PeakNon-PeakNon-PeakNon-PeakNon-PeakNon-PeakNon-PeakNon-PeakNon-PeakNon-PeakNon-PeakNon-PeakNon-PeakNon-PeakNon-PeakNon-PeakNon-PeakNon-PeakNon-PeakNon-PeakNon-PeakNon-PeakNon-PeakNon-PeakNon-PeakNon-PeakNon-PeakNon-PeakNon-PeakNon-PeakNon-PeakNon-PeakNon-PeakNon-PeakNon-PeakNon-PeakNon-PeakNon-PeakNon-PeakNon-PeakNon-PeakNon-PeakNon-PeakNon-PeakNon-PeakNon-PeakNon-PeakNon-PeakNon-PeakNon-PeakNon-PeakNon-PeakNon-PeakNon-PeakNon-PeakNon-PeakNon-PeakNon-PeakNon-PeakNon-PeakNon-PeakNon-PeakNon-PeakNon-PeakNon-PeakNon-PeakNon-PeakNon-PeakNon-PeakNon-PeakNon-PeakNon-PeakNon-PeakNon-PeakNon-PeakNon-PeakNon-PeakNon-PeakNon-PeakNon-PeakNon-PeakNon-PeakNon-PeakNon-PeakNon-PeakNon-PeakNon-PeakNon-PeakNon-PeakNon-PeakNon-PeakNon-PeakNon-PeakNon-PeakNon-PeakNon-PeakNon-PeakNon-PeakNon-PeakNon-PeakNon-PeakNon-PeakNon-PeakNon-PeakNon-PeakNon-PeakNon-PeakNon-PeakNon-PeakNon-PeakNon-PeakNon-PeakNon-PeakNon-PeakNon-PeakNon-PeakNon-PeakNon-PeakNon-PeakNon-PeakNon-PeakNon-PeakNon-PeakNon-PeakNon-PeakNon-PeakNon-PeakNon-PeakNon-PeakNon-PeakNon-PeakNon-PeakNon-PeakNon-PeakNon-PeakNon-PeakNon-PeakNon-PeakNon-PeakNon-PeakNon-PeakNon-PeakNon-PeakNon-PeakNon-PeakNon-PeakNon-PeakNon-PeakNon-PeakNon-PeakNon-PeakNon-PeakNon-PeakNon-PeakNon-PeakPeakPeakPeakPeakPeakPeakPeakPeakPeakPeakPeakPeakPeakPeakPeakPeakPeakPeakPeakPeakPeakPeakPeakPeakPeakPeakPeakPeakPeakPeakPeakPeakPeakPeakPeakPeakPeakPeakPeakPeakPeakPeakPeakPeakPeakPeakPeakPeakPeakPeakPeakPeakPeakPeakPeakPeakPeakPeakPeakPeakPeakPeakPeakPeakPeakPeakPeakPeakPeakPeakPeakPeakPeakPeakPeakPeakPeakPeakPeakPeakPeakPeakPeakPeakPeakPeakPeakPeakPeakPeakPeakPeakPeakPeakPeakPeakPeakPeakPeakPeakPeakPeakPeakPeakPeakPeakPeakPeakPeakPeakPeakPeakPeakPeakPeakPeakPeakPeakPeakPeakPeakPeakPeakPeakPeakPeakPeakPeakPeakPeakPeakPeakPeakPeakPeakPeakPeakPeakPeakPeakPeakPeakPeakPeakPeakPeakNon-PeakNon-PeakNon-PeakNon-PeakNon-PeakNon-PeakNon-PeakNon-PeakNon-PeakNon-PeakNon-PeakNon-PeakNon-PeakNon-PeakNon-PeakNon-PeakNon-PeakNon-PeakNon-PeakNon-PeakNon-PeakNon-PeakNon-PeakNon-PeakNon-PeakNon-PeakNon-PeakNon-PeakNon-PeakNon-PeakNon-PeakNon-PeakNon-PeakNon-PeakNon-PeakNon-PeakNon-PeakNon-PeakNon-PeakNon-PeakNon-PeakNon-PeakNon-PeakNon-PeakNon-PeakNon-PeakNon-PeakNon-PeakNon-PeakNon-PeakNon-PeakNon-PeakNon-PeakNon-PeakNon-PeakNon-PeakNon-PeakNon-PeakNon-PeakNon-PeakNon-PeakNon-PeakNon-PeakNon-PeakNon-PeakNon-PeakNon-PeakNon-PeakNon-PeakNon-PeakNon-PeakNon-PeakNon-PeakNon-PeakNon-PeakNon-PeakNon-PeakNon-PeakNon-PeakNon-PeakNon-PeakNon-PeakNon-PeakNon-PeakNon-PeakNon-PeakNon-PeakNon-PeakNon-PeakNon-PeakNon-PeakNon-PeakNon-PeakNon-PeakNon-PeakNon-PeakNon-PeakNon-PeakNon-PeakNon-PeakNon-PeakNon-PeakNon-PeakNon-PeakNon-PeakNon-PeakNon-PeakNon-PeakNon-PeakNon-PeakNon-PeakNon-PeakNon-PeakNon-PeakNon-PeakNon-PeakNon-PeakNon-PeakNon-PeakNon-PeakNon-PeakNon-PeakNon-PeakNon-PeakNon-PeakNon-PeakNon-PeakNon-PeakNon-PeakNon-PeakNon-PeakNon-PeakNon-PeakNon-PeakNon-PeakNon-PeakNon-PeakNon-PeakNon-PeakNon-PeakNon-PeakNon-PeakNon-PeakNon-PeakNon-PeakNon-PeakNon-PeakNon-PeakNon-PeakNon-PeakNon-PeakNon-PeakNon-PeakNon-PeakNon-PeakNon-PeakNon-PeakNon-PeakNon-PeakNon-PeakNon-PeakNon-PeakNon-PeakNon-PeakNon-PeakNon-PeakNon-PeakNon-PeakNon-PeakNon-PeakNon-PeakNon-PeakNon-PeakNon-PeakNon-PeakNon-PeakNon-PeakNon-PeakNon-PeakNon-PeakNon-PeakNon-PeakNon-PeakNon-PeakNon-PeakNon-PeakNon-PeakNon-PeakNon-PeakNon-PeakNon-PeakNon-PeakNon-PeakNon-PeakNon-PeakNon-PeakNon-PeakNon-PeakNon-PeakNon-PeakNon-PeakNon-PeakNon-PeakNon-PeakNon-PeakPeakPeakPeakPeakPeakPeakPeakPeakPeakPeakPeakPeakPeakPeakPeakPeakPeakPeakPeakPeakPeakPeakPeakPeakPeakPeakPeakPeakPeakPeakPeakPeakPeakPeakPeakPeakPeakPeakPeakPeakPeakPeakPeakPeakPeakPeakPeakPeakPeakPeakPeakPeakPeakPeakPeakPeakPeakPeakPeakPeakPeakPeakPeakPeakPeakPeakPeakPeakPeakPeakPeakPeakPeakPeakPeakPeakPeakPeakPeakPeakPeakPeakPeakPeakPeakPeakPeakPeakPeakPeakPeakPeakPeakPeakPeakPeakPeakPeakPeakPeakPeakPeakPeakPeakPeakPeakPeakPeakPeakPeakPeakPeakPeakPeakPeakPeakPeakPeakPeakPeakPeakPeakPeakPeakPeakPeakPeakPeakPeakPeakPeakPeakPeakPeakPeakPeakPeakPeakPeakPeakPeakPeakPeakPeakPeakPeakPeakPeakPeakPeakPeakPeakNon-PeakNon-PeakNon-PeakNon-PeakNon-PeakNon-PeakNon-PeakNon-PeakNon-PeakNon-PeakNon-PeakNon-PeakNon-PeakNon-PeakNon-PeakNon-PeakNon-PeakNon-PeakNon-PeakNon-PeakNon-PeakNon-PeakNon-PeakNon-PeakNon-PeakNon-PeakNon-PeakNon-PeakNon-PeakNon-PeakNon-PeakNon-PeakNon-PeakNon-PeakNon-PeakNon-PeakNon-PeakNon-PeakNon-PeakNon-PeakNon-PeakNon-PeakNon-PeakNon-PeakNon-PeakNon-PeakNon-PeakNon-PeakNon-PeakNon-PeakNon-PeakNon-PeakNon-PeakNon-PeakNon-PeakNon-PeakNon-PeakNon-PeakNon-PeakNon-PeakNon-PeakNon-PeakNon-PeakNon-PeakNon-PeakNon-PeakNon-PeakNon-PeakNon-PeakNon-PeakNon-PeakNon-PeakNon-PeakNon-PeakNon-PeakNon-PeakNon-PeakNon-PeakNon-PeakNon-PeakNon-PeakNon-PeakNon-PeakNon-PeakNon-PeakNon-PeakNon-PeakNon-PeakNon-PeakNon-PeakNon-PeakNon-PeakNon-PeakNon-PeakNon-PeakNon-PeakNon-PeakNon-PeakNon-PeakNon-PeakNon-PeakNon-PeakNon-PeakNon-PeakNon-PeakNon-PeakNon-PeakNon-PeakNon-PeakNon-PeakNon-PeakNon-PeakNon-PeakNon-PeakNon-PeakNon-PeakNon-PeakNon-PeakNon-PeakNon-PeakNon-PeakNon-PeakNon-PeakNon-PeakNon-PeakNon-PeakNon-PeakNon-PeakNon-PeakNon-PeakNon-PeakNon-PeakNon-PeakNon-PeakNon-PeakNon-PeakNon-PeakNon-PeakNon-PeakNon-PeakNon-PeakNon-PeakNon-PeakNon-PeakNon-PeakNon-PeakNon-PeakNon-PeakNon-PeakNon-PeakNon-PeakNon-PeakNon-PeakNon-PeakNon-PeakNon-PeakNon-PeakNon-PeakNon-PeakNon-PeakNon-PeakNon-PeakNon-PeakNon-PeakNon-PeakNon-PeakNon-PeakNon-PeakNon-PeakNon-PeakNon-PeakNon-PeakNon-PeakNon-PeakNon-PeakNon-PeakNon-PeakNon-PeakNon-PeakNon-PeakNon-PeakNon-PeakNon-PeakNon-PeakNon-PeakNon-PeakNon-PeakNon-PeakNon-PeakNon-PeakNon-PeakNon-PeakNon-PeakNon-PeakNon-PeakNon-PeakNon-PeakNon-PeakNon-PeakNon-PeakNon-PeakNon-PeakNon-PeakNon-PeakNon-PeakNon-PeakNon-PeakNon-PeakNon-PeakNon-PeakNon-PeakNon-PeakNon-PeakNon-PeakNon-PeakNon-PeakNon-PeakNon-PeakNon-PeakNon-PeakNon-PeakNon-PeakNon-PeakNon-PeakNon-PeakNon-PeakNon-PeakNon-PeakNon-PeakNon-PeakNon-PeakNon-PeakNon-PeakNon-PeakNon-PeakNon-PeakNon-PeakNon-PeakNon-PeakNon-PeakNon-PeakNon-PeakNon-PeakNon-PeakNon-PeakNon-PeakNon-PeakNon-PeakNon-PeakNon-PeakNon-PeakNon-PeakNon-PeakNon-PeakNon-PeakNon-PeakNon-PeakNon-PeakNon-PeakNon-PeakNon-PeakNon-PeakNon-PeakNon-PeakNon-PeakNon-PeakNon-PeakNon-PeakNon-PeakNon-PeakNon-PeakNon-PeakNon-PeakNon-PeakNon-PeakNon-PeakNon-PeakNon-PeakNon-PeakPeakPeakPeakPeakPeakPeakPeakPeakPeakPeakPeakPeakPeakPeakPeakPeakPeakPeakPeakPeakPeakPeakPeakPeakPeakPeakPeakPeakPeakPeakPeakPeakPeakPeakPeakPeakPeakPeakPeakPeakPeakPeakPeakPeakPeakPeakPeakPeakPeakPeakPeakPeakPeakPeakPeakPeakPeakPeakPeakPeakPeakPeakPeakPeakPeakPeakPeakPeakPeakPeakPeakPeakPeakPeakPeakPeakPeakPeakPeakPeakPeakPeakPeakPeakPeakPeakPeakPeakPeakPeakPeakPeakPeakPeakPeakPeakPeakPeakPeakPeakPeakPeakPeakPeakPeakPeakPeakPeakPeakPeakPeakPeakPeakPeakPeakPeakPeakPeakPeakPeakPeakPeakPeakPeakPeakPeakPeakPeakPeakPeakPeakPeakPeakPeakPeakPeakPeakPeakPeakPeakPeakPeakPeakPeakPeakNon-PeakNon-PeakNon-PeakNon-PeakNon-PeakNon-PeakNon-PeakNon-PeakNon-PeakNon-PeakNon-PeakNon-PeakNon-PeakNon-PeakNon-PeakNon-PeakNon-PeakNon-PeakNon-PeakNon-PeakNon-PeakNon-PeakNon-PeakNon-PeakNon-PeakNon-PeakNon-PeakNon-PeakNon-PeakNon-PeakNon-PeakNon-PeakNon-PeakNon-PeakNon-PeakNon-PeakNon-PeakNon-PeakNon-PeakNon-PeakNon-PeakNon-PeakNon-PeakNon-PeakNon-PeakNon-PeakNon-PeakNon-PeakNon-PeakNon-PeakNon-PeakNon-PeakNon-PeakNon-PeakNon-PeakNon-PeakNon-PeakNon-PeakNon-PeakNon-PeakNon-PeakNon-PeakNon-PeakNon-PeakNon-PeakNon-PeakNon-PeakNon-PeakNon-PeakNon-PeakNon-PeakNon-PeakNon-PeakNon-PeakNon-PeakNon-PeakNon-PeakNon-PeakNon-PeakNon-PeakNon-PeakNon-PeakNon-PeakNon-PeakNon-PeakNon-PeakNon-PeakNon-PeakNon-PeakNon-PeakNon-PeakNon-PeakNon-PeakNon-PeakNon-PeakNon-PeakNon-PeakNon-PeakNon-PeakNon-PeakNon-PeakNon-PeakNon-PeakNon-PeakNon-PeakNon-PeakNon-PeakNon-PeakNon-PeakNon-PeakNon-PeakNon-PeakNon-PeakNon-PeakNon-PeakNon-PeakNon-PeakNon-PeakNon-PeakNon-PeakNon-PeakNon-PeakNon-PeakNon-PeakNon-PeakNon-PeakNon-PeakNon-PeakNon-PeakNon-PeakNon-PeakNon-PeakNon-PeakNon-PeakNon-PeakNon-PeakNon-PeakNon-PeakNon-PeakNon-PeakNon-PeakNon-PeakNon-PeakNon-PeakNon-PeakNon-PeakNon-PeakNon-PeakNon-PeakNon-PeakNon-PeakNon-PeakNon-PeakNon-PeakNon-PeakNon-PeakNon-PeakNon-PeakNon-PeakNon-PeakNon-PeakNon-PeakNon-PeakNon-PeakNon-PeakNon-PeakNon-PeakNon-PeakNon-PeakNon-PeakNon-PeakNon-PeakNon-PeakNon-PeakNon-PeakNon-PeakNon-PeakNon-PeakNon-PeakNon-PeakNon-PeakNon-PeakNon-PeakNon-PeakNon-PeakNon-PeakNon-PeakNon-PeakNon-PeakNon-PeakNon-PeakNon-PeakNon-PeakNon-PeakNon-PeakNon-PeakNon-PeakNon-PeakNon-PeakNon-PeakNon-PeakNon-PeakNon-PeakNon-PeakNon-PeakNon-PeakNon-PeakNon-PeakNon-PeakNon-PeakNon-PeakNon-PeakNon-PeakNon-PeakPeakPeakPeakPeakPeakPeakPeakPeakPeakPeakPeakPeakPeakPeakPeakPeakPeakPeakPeakPeakPeakPeakPeakPeakPeakPeakPeakPeakPeakPeakPeakPeakPeakPeakPeakPeakPeakPeakPeakPeakPeakPeakPeakPeakPeakPeakPeakPeakPeakPeakPeakPeakPeakPeakPeakPeakPeakPeakPeakPeakPeakPeakPeakPeakPeakPeakPeakPeakPeakPeakPeakPeakPeakPeakPeakPeakPeakPeakPeakPeakPeakPeakPeakPeakPeakPeakPeakPeakPeakPeakPeakPeakPeakPeakPeakPeakPeakPeakPeakPeakPeakPeakPeakPeakPeakPeakPeakPeakPeakPeakPeakPeakPeakPeakPeakPeakPeakPeakPeakPeakPeakPeakPeakPeakPeakPeakPeakPeakPeakPeakPeakPeakPeakPeakPeakPeakPeakPeakPeakPeakPeakPeakPeakPeakPeakPeakPeakPeakPeakPeakPeakPeakPeakPeakPeakPeakPeakPeakPeakPeakNon-PeakNon-PeakNon-PeakNon-PeakNon-PeakNon-PeakNon-PeakNon-PeakNon-PeakNon-PeakNon-PeakNon-PeakNon-PeakNon-PeakNon-PeakNon-PeakNon-PeakNon-PeakNon-PeakNon-PeakNon-PeakNon-PeakNon-PeakNon-PeakNon-PeakNon-PeakNon-PeakNon-PeakNon-PeakNon-PeakNon-PeakNon-PeakNon-PeakNon-PeakNon-PeakNon-PeakNon-PeakNon-PeakNon-PeakNon-PeakNon-PeakNon-PeakNon-PeakNon-PeakNon-PeakNon-PeakNon-PeakNon-PeakNon-PeakNon-PeakNon-PeakNon-PeakNon-PeakNon-PeakNon-PeakNon-PeakNon-PeakNon-PeakNon-PeakNon-PeakNon-PeakNon-PeakNon-PeakNon-PeakNon-PeakNon-PeakNon-PeakNon-PeakNon-PeakNon-PeakNon-PeakNon-PeakNon-PeakNon-PeakNon-PeakNon-PeakNon-PeakNon-PeakNon-PeakNon-PeakNon-PeakNon-PeakNon-PeakNon-PeakNon-PeakNon-PeakNon-PeakNon-PeakNon-PeakNon-PeakNon-PeakNon-PeakNon-PeakNon-PeakNon-PeakNon-PeakNon-PeakNon-PeakNon-PeakNon-PeakNon-PeakNon-PeakNon-PeakNon-PeakNon-PeakNon-PeakNon-PeakNon-PeakNon-PeakNon-PeakNon-PeakNon-PeakNon-PeakNon-PeakNon-PeakNon-PeakNon-PeakNon-PeakNon-PeakNon-PeakNon-PeakNon-PeakNon-PeakNon-PeakNon-PeakNon-PeakNon-PeakNon-PeakNon-PeakNon-PeakNon-PeakNon-PeakNon-PeakNon-PeakNon-PeakNon-PeakNon-PeakNon-PeakNon-PeakNon-PeakNon-PeakNon-PeakNon-PeakNon-PeakNon-PeakNon-PeakNon-PeakNon-PeakNon-PeakNon-PeakNon-PeakNon-PeakNon-PeakNon-PeakNon-PeakNon-PeakNon-PeakNon-PeakNon-PeakNon-PeakNon-PeakNon-PeakNon-PeakNon-PeakNon-PeakNon-PeakNon-PeakNon-PeakNon-PeakNon-PeakNon-PeakNon-PeakNon-PeakNon-PeakNon-PeakNon-PeakNon-PeakNon-PeakNon-PeakNon-PeakNon-PeakNon-PeakNon-PeakNon-PeakNon-PeakNon-PeakNon-PeakNon-PeakNon-PeakNon-PeakNon-PeakNon-PeakNon-PeakNon-PeakNon-PeakNon-PeakNon-PeakNon-PeakNon-PeakNon-PeakNon-PeakNon-PeakNon-PeakNon-PeakNon-PeakNon-PeakNon-PeakNon-PeakNon-PeakNon-PeakNon-PeakNon-PeakNon-PeakNon-PeakNon-PeakNon-PeakNon-PeakNon-PeakNon-PeakNon-PeakNon-PeakNon-PeakNon-PeakNon-PeakNon-PeakNon-PeakNon-PeakNon-PeakNon-PeakNon-PeakNon-PeakNon-PeakNon-PeakNon-PeakNon-PeakNon-PeakNon-PeakNon-PeakNon-PeakNon-PeakNon-PeakNon-PeakNon-PeakNon-PeakNon-PeakNon-PeakNon-PeakNon-PeakNon-PeakNon-PeakNon-PeakNon-PeakNon-PeakNon-PeakNon-PeakNon-PeakNon-PeakNon-PeakNon-PeakNon-PeakNon-PeakNon-PeakNon-PeakNon-PeakNon-PeakNon-PeakNon-PeakNon-PeakNon-PeakNon-PeakNon-PeakNon-PeakNon-PeakNon-PeakNon-PeakNon-PeakNon-PeakNon-PeakNon-PeakNon-PeakNon-PeakNon-PeakNon-PeakNon-PeakNon-PeakNon-PeakNon-PeakNon-PeakNon-PeakNon-PeakNon-PeakNon-PeakNon-PeakNon-PeakNon-PeakNon-PeakNon-PeakNon-PeakNon-PeakNon-PeakNon-PeakNon-PeakNon-PeakNon-PeakNon-PeakNon-PeakNon-PeakNon-PeakNon-PeakNon-PeakNon-PeakNon-PeakNon-PeakNon-PeakNon-PeakNon-PeakNon-PeakNon-PeakNon-PeakNon-PeakNon-PeakNon-PeakNon-PeakNon-PeakNon-PeakPeakPeakPeakPeakPeakPeakPeakPeakPeakPeakPeakPeakPeakPeakPeakPeakPeakPeakPeakPeakPeakPeakPeakPeakPeakPeakPeakPeakPeakPeakPeakPeakPeakPeakPeakPeakPeakPeakPeakPeakPeakPeakPeakPeakPeakPeakPeakPeakPeakPeakPeakPeakPeakPeakPeakPeakPeakPeakPeakPeakPeakPeakPeakPeakPeakPeakPeakPeakPeakPeakPeakPeakPeakPeakPeakPeakPeakPeakPeakPeakPeakPeakPeakPeakPeakPeakPeakPeakPeakPeakPeakPeakPeakPeakPeakPeakPeakPeakPeakPeakPeakPeakPeakPeakPeakPeakPeakPeakPeakPeakPeakPeakPeakPeakPeakPeakPeakPeakPeakPeakPeakPeakPeakPeakPeakNon-PeakNon-PeakNon-PeakNon-PeakNon-PeakNon-PeakNon-PeakNon-PeakNon-PeakNon-PeakNon-PeakNon-PeakNon-PeakNon-PeakNon-PeakNon-PeakNon-PeakNon-PeakNon-PeakNon-PeakNon-PeakNon-PeakNon-PeakNon-PeakNon-PeakNon-PeakNon-PeakNon-PeakNon-PeakNon-PeakNon-PeakNon-PeakNon-PeakNon-PeakNon-PeakNon-PeakNon-PeakNon-PeakNon-PeakNon-PeakNon-PeakNon-PeakNon-PeakNon-PeakNon-PeakNon-PeakNon-PeakNon-PeakNon-PeakNon-PeakNon-PeakNon-PeakNon-PeakNon-PeakNon-PeakNon-PeakNon-PeakNon-PeakNon-PeakNon-PeakNon-PeakNon-PeakNon-PeakNon-PeakNon-PeakNon-PeakNon-PeakNon-PeakNon-PeakNon-PeakNon-PeakNon-PeakNon-PeakNon-PeakNon-PeakNon-PeakNon-PeakNon-PeakNon-PeakNon-PeakNon-PeakNon-PeakNon-PeakNon-PeakNon-PeakNon-PeakNon-PeakNon-PeakNon-PeakNon-PeakNon-PeakNon-PeakNon-PeakNon-PeakNon-PeakNon-PeakNon-PeakNon-PeakNon-PeakNon-PeakNon-PeakNon-PeakNon-PeakNon-PeakNon-PeakNon-PeakNon-PeakNon-PeakNon-PeakNon-PeakNon-PeakNon-PeakNon-PeakNon-PeakNon-PeakNon-PeakNon-PeakNon-PeakNon-PeakNon-PeakNon-PeakNon-PeakNon-PeakNon-PeakNon-PeakNon-PeakNon-PeakNon-PeakNon-PeakNon-PeakNon-PeakNon-PeakNon-PeakNon-PeakNon-PeakNon-PeakNon-PeakNon-PeakNon-PeakNon-PeakNon-PeakNon-PeakNon-PeakNon-PeakNon-PeakNon-PeakNon-PeakNon-PeakNon-PeakNon-PeakNon-PeakNon-PeakNon-PeakNon-PeakNon-PeakNon-PeakNon-PeakNon-PeakNon-PeakNon-PeakNon-PeakNon-PeakNon-PeakNon-PeakNon-PeakNon-PeakNon-PeakNon-PeakNon-PeakNon-PeakNon-PeakNon-PeakNon-PeakNon-PeakNon-PeakNon-PeakNon-PeakNon-PeakNon-PeakNon-PeakNon-PeakNon-PeakNon-PeakNon-PeakNon-PeakNon-PeakNon-PeakNon-PeakNon-PeakNon-PeakNon-PeakNon-PeakNon-PeakNon-PeakNon-PeakNon-PeakNon-PeakNon-PeakNon-PeakNon-PeakNon-PeakNon-PeakNon-PeakNon-PeakNon-PeakNon-PeakNon-PeakNon-PeakNon-PeakNon-PeakNon-PeakNon-PeakNon-PeakNon-PeakPeakPeakPeakPeakPeakPeakPeakPeakPeakPeakPeakPeakPeakPeakPeakPeakPeakPeakPeakPeakPeakPeakPeakPeakPeakPeakPeakPeakPeakPeakPeakPeakPeakPeakPeakPeakPeakPeakPeakPeakPeakPeakPeakPeakPeakPeakPeakPeakPeakPeakPeakPeakPeakPeakPeakPeakPeakPeakPeakPeakPeakPeakPeakPeakPeakPeakPeakPeakPeakPeakPeakPeakPeakPeakPeakPeakPeakPeakPeakPeakPeakPeakPeakPeakPeakPeakPeakPeakPeakPeakPeakPeakPeakPeakPeakPeakPeakPeakPeakPeakPeakPeakPeakPeakPeakPeakPeakPeakPeakPeakPeakPeakPeakPeakPeakPeakPeakPeakPeakPeakPeakPeakPeakPeakPeakPeakPeakPeakPeakPeakPeakPeakPeakPeakPeakPeakPeakPeakPeakPeakPeakPeakPeakPeakPeakPeakPeakPeakPeakPeakPeakPeakPeakPeakPeakPeakPeakPeakNon-PeakNon-PeakNon-PeakNon-PeakNon-PeakNon-PeakNon-PeakNon-PeakNon-PeakNon-PeakNon-PeakNon-PeakNon-PeakNon-PeakNon-PeakNon-PeakNon-PeakNon-PeakNon-PeakNon-PeakNon-PeakNon-PeakNon-PeakNon-PeakNon-PeakNon-PeakNon-PeakNon-PeakNon-PeakNon-PeakNon-PeakNon-PeakNon-PeakNon-PeakNon-PeakNon-PeakNon-PeakNon-PeakNon-PeakNon-PeakNon-PeakNon-PeakNon-PeakNon-PeakNon-PeakNon-PeakNon-PeakNon-PeakNon-PeakNon-PeakNon-PeakNon-PeakNon-PeakNon-PeakNon-PeakNon-PeakNon-PeakNon-PeakNon-PeakNon-PeakNon-PeakNon-PeakNon-PeakNon-PeakNon-PeakNon-PeakNon-PeakNon-PeakNon-PeakNon-PeakNon-PeakNon-PeakNon-PeakNon-PeakNon-PeakNon-PeakNon-PeakNon-PeakNon-PeakNon-PeakNon-PeakNon-PeakNon-PeakNon-PeakNon-PeakNon-PeakNon-PeakNon-PeakNon-PeakNon-PeakNon-PeakNon-PeakNon-PeakNon-PeakNon-PeakNon-PeakNon-PeakNon-PeakNon-PeakNon-PeakNon-PeakNon-PeakNon-PeakNon-PeakNon-PeakNon-PeakNon-PeakNon-PeakNon-PeakNon-PeakNon-PeakNon-PeakNon-PeakNon-PeakNon-PeakNon-PeakNon-PeakNon-PeakNon-PeakNon-PeakNon-PeakNon-PeakNon-PeakNon-PeakNon-PeakNon-PeakNon-PeakNon-PeakNon-PeakNon-PeakNon-PeakNon-PeakNon-PeakNon-PeakNon-PeakNon-PeakNon-PeakNon-PeakNon-PeakNon-PeakNon-PeakNon-PeakNon-PeakNon-PeakNon-PeakNon-PeakNon-PeakNon-PeakNon-PeakNon-PeakNon-PeakNon-PeakNon-PeakNon-PeakNon-PeakNon-PeakNon-PeakNon-PeakNon-PeakNon-PeakNon-PeakNon-PeakNon-PeakNon-PeakNon-PeakNon-PeakNon-PeakNon-PeakNon-PeakNon-PeakNon-PeakNon-PeakNon-PeakNon-PeakNon-PeakNon-PeakNon-PeakNon-PeakNon-PeakNon-PeakNon-PeakNon-PeakNon-PeakNon-PeakNon-PeakNon-PeakNon-PeakNon-PeakNon-PeakNon-PeakNon-PeakNon-PeakNon-PeakNon-PeakNon-PeakNon-PeakNon-PeakNon-PeakNon-PeakNon-PeakNon-PeakNon-PeakNon-PeakNon-PeakNon-PeakNon-PeakNon-PeakNon-PeakNon-PeakNon-PeakNon-PeakNon-PeakNon-PeakNon-PeakNon-PeakNon-PeakNon-PeakNon-PeakNon-PeakNon-PeakNon-PeakNon-PeakNon-PeakNon-PeakNon-PeakNon-PeakNon-PeakNon-PeakNon-PeakNon-PeakNon-PeakNon-PeakNon-PeakNon-PeakNon-PeakNon-PeakNon-PeakNon-PeakNon-PeakNon-PeakNon-PeakNon-PeakNon-PeakNon-PeakNon-PeakNon-PeakNon-PeakNon-PeakNon-PeakNon-PeakNon-PeakNon-PeakNon-PeakNon-PeakNon-PeakNon-PeakNon-PeakNon-PeakNon-PeakNon-PeakNon-PeakNon-PeakNon-PeakNon-PeakNon-PeakNon-PeakNon-PeakNon-PeakNon-PeakNon-PeakNon-PeakNon-PeakNon-PeakNon-PeakNon-PeakNon-PeakNon-PeakNon-PeakNon-PeakNon-PeakNon-PeakNon-PeakNon-PeakNon-PeakNon-PeakNon-PeakNon-PeakNon-PeakNon-PeakNon-PeakNon-PeakNon-PeakNon-PeakNon-PeakNon-PeakNon-PeakNon-PeakNon-PeakNon-PeakNon-PeakNon-PeakNon-PeakNon-PeakNon-PeakNon-PeakNon-PeakNon-PeakNon-PeakNon-PeakNon-PeakNon-PeakNon-PeakNon-PeakNon-PeakNon-PeakNon-PeakNon-PeakNon-PeakNon-PeakNon-PeakNon-PeakNon-PeakNon-PeakNon-PeakNon-PeakNon-PeakNon-PeakNon-PeakPeakPeakPeakPeakPeakPeakPeakPeakPeakPeakPeakPeakPeakPeakPeakPeakPeakPeakPeakPeakPeakPeakPeakPeakPeakPeakPeakPeakPeakPeakPeakPeakPeakPeakPeakPeakPeakPeakPeakPeakPeakPeakPeakPeakPeakPeakPeakPeakPeakPeakPeakPeakPeakPeakPeakPeakPeakPeakPeakPeakPeakPeakPeakPeakPeakPeakPeakPeakPeakPeakPeakPeakPeakPeakPeakPeakPeakPeakPeakPeakPeakPeakPeakPeakPeakPeakPeakPeakPeakPeakPeakPeakPeakPeakPeakPeakPeakPeakPeakPeakPeakPeakPeakPeakPeakPeakPeakPeakPeakPeakPeakPeakPeakPeakPeakPeakPeakPeakPeakPeakPeakPeakPeakPeakPeakPeakPeakPeakPeakPeakPeakPeakPeakPeakPeakPeakNon-PeakNon-PeakNon-PeakNon-PeakNon-PeakNon-PeakNon-PeakNon-PeakNon-PeakNon-PeakNon-PeakNon-PeakNon-PeakNon-PeakNon-PeakNon-PeakNon-PeakNon-PeakNon-PeakNon-PeakNon-PeakNon-PeakNon-PeakNon-PeakNon-PeakNon-PeakNon-PeakNon-PeakNon-PeakNon-PeakNon-PeakNon-PeakNon-PeakNon-PeakNon-PeakNon-PeakNon-PeakNon-PeakNon-PeakNon-PeakNon-PeakNon-PeakNon-PeakNon-PeakNon-PeakNon-PeakNon-PeakNon-PeakNon-PeakNon-PeakNon-PeakNon-PeakNon-PeakNon-PeakNon-PeakNon-PeakNon-PeakNon-PeakNon-PeakNon-PeakNon-PeakNon-PeakNon-PeakNon-PeakNon-PeakNon-PeakNon-PeakNon-PeakNon-PeakNon-PeakNon-PeakNon-PeakNon-PeakNon-PeakNon-PeakNon-PeakNon-PeakNon-PeakNon-PeakNon-PeakNon-PeakNon-PeakNon-PeakNon-PeakNon-PeakNon-PeakNon-PeakNon-PeakNon-PeakNon-PeakNon-PeakNon-PeakNon-PeakNon-PeakNon-PeakNon-PeakNon-PeakNon-PeakNon-PeakNon-PeakNon-PeakNon-PeakNon-PeakNon-PeakNon-PeakNon-PeakNon-PeakNon-PeakNon-PeakNon-PeakNon-PeakNon-PeakNon-PeakNon-PeakNon-PeakNon-PeakNon-PeakNon-PeakNon-PeakNon-PeakNon-PeakNon-PeakNon-PeakNon-PeakNon-PeakNon-PeakNon-PeakNon-PeakNon-PeakNon-PeakNon-PeakNon-PeakNon-PeakNon-PeakNon-PeakNon-PeakNon-PeakNon-PeakNon-PeakNon-PeakNon-PeakNon-PeakNon-PeakNon-PeakNon-PeakNon-PeakNon-PeakNon-PeakNon-PeakNon-PeakNon-PeakNon-PeakNon-PeakNon-PeakNon-PeakNon-PeakNon-PeakNon-PeakNon-PeakNon-PeakNon-PeakNon-PeakNon-PeakNon-PeakNon-PeakNon-PeakNon-PeakNon-PeakNon-PeakNon-PeakNon-PeakNon-PeakNon-PeakNon-PeakNon-PeakNon-PeakNon-PeakNon-PeakNon-PeakNon-PeakNon-PeakNon-PeakNon-PeakNon-PeakNon-PeakNon-PeakNon-PeakNon-PeakNon-PeakNon-PeakNon-PeakNon-PeakPeakPeakPeakPeakPeakPeakPeakPeakPeakPeakPeakPeakPeakPeakPeakPeakPeakPeakPeakPeakPeakPeakPeakPeakPeakPeakPeakPeakPeakPeakPeakPeakPeakPeakPeakPeakPeakPeakPeakPeakPeakPeakPeakPeakPeakPeakPeakPeakPeakPeakPeakPeakPeakPeakPeakPeakPeakPeakPeakPeakPeakPeakPeakPeakPeakPeakPeakPeakPeakPeakPeakPeakPeakPeakPeakPeakPeakPeakPeakPeakPeakPeakPeakPeakPeakPeakPeakPeakPeakPeakPeakPeakPeakPeakPeakPeakPeakPeakPeakPeakPeakPeakPeakPeakPeakPeakPeakPeakPeakPeakPeakPeakPeakPeakPeakPeakPeakPeakPeakPeakPeakPeakPeakPeakPeakPeakPeakPeakPeakPeakPeakPeakPeakPeakPeakPeakPeakPeakPeakPeakPeakPeakPeakPeakPeakPeakPeakPeakPeakPeakPeakPeakPeakPeakPeakPeakPeakPeakPeakNon-PeakNon-PeakNon-PeakNon-PeakNon-PeakNon-PeakNon-PeakNon-PeakNon-PeakNon-PeakNon-PeakNon-PeakNon-PeakNon-PeakNon-PeakNon-PeakNon-PeakNon-PeakNon-PeakNon-PeakNon-PeakNon-PeakNon-PeakNon-PeakNon-PeakNon-PeakNon-PeakNon-PeakNon-PeakNon-PeakNon-PeakNon-PeakNon-PeakNon-PeakNon-PeakNon-PeakNon-PeakNon-PeakNon-PeakNon-PeakNon-PeakNon-PeakNon-PeakNon-PeakNon-PeakNon-PeakNon-PeakNon-PeakNon-PeakNon-PeakNon-PeakNon-PeakNon-PeakNon-PeakNon-PeakNon-PeakNon-PeakNon-PeakNon-PeakNon-PeakNon-PeakNon-PeakNon-PeakNon-PeakNon-PeakNon-PeakNon-PeakNon-PeakNon-PeakNon-PeakNon-PeakNon-PeakNon-PeakNon-PeakNon-PeakNon-PeakNon-PeakNon-PeakNon-PeakNon-PeakNon-PeakNon-PeakNon-PeakNon-PeakNon-PeakNon-PeakNon-PeakNon-PeakNon-PeakNon-PeakNon-PeakNon-PeakNon-PeakNon-PeakNon-PeakNon-PeakNon-PeakNon-PeakNon-PeakNon-PeakNon-PeakNon-PeakNon-PeakNon-PeakNon-PeakNon-PeakNon-PeakNon-PeakNon-PeakNon-PeakNon-PeakNon-PeakNon-PeakNon-PeakNon-PeakNon-PeakNon-PeakNon-PeakNon-PeakNon-PeakNon-PeakNon-PeakNon-PeakNon-PeakNon-PeakNon-PeakNon-PeakNon-PeakNon-PeakNon-PeakNon-PeakNon-PeakNon-PeakNon-PeakNon-PeakNon-PeakNon-PeakNon-PeakNon-PeakNon-PeakNon-PeakNon-PeakNon-PeakNon-PeakNon-PeakNon-PeakNon-PeakNon-PeakNon-PeakNon-PeakNon-PeakNon-PeakNon-PeakNon-PeakNon-PeakNon-PeakNon-PeakNon-PeakNon-PeakNon-PeakNon-PeakNon-PeakNon-PeakNon-PeakNon-PeakNon-PeakNon-PeakNon-PeakNon-PeakNon-PeakNon-PeakNon-PeakNon-PeakNon-PeakNon-PeakNon-PeakNon-PeakNon-PeakNon-PeakNon-PeakNon-PeakNon-PeakNon-PeakNon-PeakNon-PeakNon-PeakNon-PeakNon-PeakNon-PeakNon-PeakNon-PeakNon-PeakNon-PeakNon-PeakNon-PeakNon-PeakNon-PeakNon-PeakNon-PeakNon-PeakNon-PeakNon-PeakNon-PeakNon-PeakNon-PeakNon-PeakNon-PeakNon-PeakNon-PeakNon-PeakNon-PeakNon-PeakNon-PeakNon-PeakNon-PeakNon-PeakNon-PeakNon-PeakNon-PeakNon-PeakNon-PeakNon-PeakNon-PeakNon-PeakNon-PeakNon-PeakNon-PeakNon-PeakNon-PeakNon-PeakNon-PeakNon-PeakNon-PeakNon-PeakNon-PeakNon-PeakNon-PeakNon-PeakNon-PeakNon-PeakNon-PeakNon-PeakNon-PeakNon-PeakNon-PeakNon-PeakNon-PeakNon-PeakNon-PeakNon-PeakNon-PeakNon-PeakNon-PeakNon-PeakNon-PeakNon-PeakNon-PeakNon-PeakNon-PeakNon-PeakNon-PeakNon-PeakNon-PeakNon-PeakNon-PeakNon-PeakNon-PeakNon-PeakNon-PeakNon-PeakNon-PeakNon-PeakNon-PeakNon-PeakNon-PeakNon-PeakNon-PeakNon-PeakNon-PeakNon-PeakNon-PeakNon-PeakNon-PeakNon-PeakNon-PeakNon-PeakNon-PeakPeakPeakPeakPeakPeakPeakPeakPeakPeakPeakPeakPeakPeakPeakPeakPeakPeakPeakPeakPeakPeakPeakPeakPeakPeakPeakPeakPeakPeakPeakPeakPeakPeakPeakPeakPeakPeakPeakPeakPeakPeakPeakPeakPeakPeakPeakPeakPeakPeakPeakPeakPeakPeakPeakPeakPeakPeakPeakPeakPeakPeakPeakPeakPeakPeakPeakPeakPeakPeakPeakPeakPeakPeakPeakPeakPeakPeakPeakPeakPeakPeakPeakPeakPeakPeakPeakPeakPeakPeakPeakPeakPeakPeakPeakPeakPeakPeakPeakPeakPeakPeakPeakPeakPeakPeakPeakPeakPeakPeakPeakPeakPeakPeakPeakPeakPeakPeakPeakPeakPeakPeakPeakPeakPeakPeakPeakPeakPeakPeakPeakPeakPeakPeakPeakPeakPeakPeakPeakPeakNon-PeakNon-PeakNon-PeakNon-PeakNon-PeakNon-PeakNon-PeakNon-PeakNon-PeakNon-PeakNon-PeakNon-PeakNon-PeakNon-PeakNon-PeakNon-PeakNon-PeakNon-PeakNon-PeakNon-PeakNon-PeakNon-PeakNon-PeakNon-PeakNon-PeakNon-PeakNon-PeakNon-PeakNon-PeakNon-PeakNon-PeakNon-PeakNon-PeakNon-PeakNon-PeakNon-PeakNon-PeakNon-PeakNon-PeakNon-PeakNon-PeakNon-PeakNon-PeakNon-PeakNon-PeakNon-PeakNon-PeakNon-PeakNon-PeakNon-PeakNon-PeakNon-PeakNon-PeakNon-PeakNon-PeakNon-PeakNon-PeakNon-PeakNon-PeakNon-PeakNon-PeakNon-PeakNon-PeakNon-PeakNon-PeakNon-PeakNon-PeakNon-PeakNon-PeakNon-PeakNon-PeakNon-PeakNon-PeakNon-PeakNon-PeakNon-PeakNon-PeakNon-PeakNon-PeakNon-PeakNon-PeakNon-PeakNon-PeakNon-PeakNon-PeakNon-PeakNon-PeakNon-PeakNon-PeakNon-PeakNon-PeakNon-PeakNon-PeakNon-PeakNon-PeakNon-PeakNon-PeakNon-PeakNon-PeakNon-PeakNon-PeakNon-PeakNon-PeakNon-PeakNon-PeakNon-PeakNon-PeakNon-PeakNon-PeakNon-PeakNon-PeakNon-PeakNon-PeakNon-PeakNon-PeakNon-PeakNon-PeakNon-PeakNon-PeakNon-PeakNon-PeakNon-PeakNon-PeakNon-PeakNon-PeakNon-PeakNon-PeakNon-PeakNon-PeakNon-PeakNon-PeakNon-PeakNon-PeakNon-PeakNon-PeakNon-PeakNon-PeakNon-PeakNon-PeakNon-PeakNon-PeakNon-PeakNon-PeakNon-PeakNon-PeakNon-PeakNon-PeakNon-PeakNon-PeakNon-PeakNon-PeakNon-PeakNon-PeakNon-PeakNon-PeakNon-PeakNon-PeakNon-PeakNon-PeakNon-PeakNon-PeakNon-PeakNon-PeakNon-PeakNon-PeakNon-PeakNon-PeakNon-PeakNon-PeakNon-PeakNon-PeakNon-PeakNon-PeakNon-PeakNon-PeakNon-PeakNon-PeakNon-PeakNon-PeakNon-PeakNon-PeakNon-PeakNon-PeakNon-PeakNon-PeakNon-PeakNon-PeakNon-PeakNon-PeakNon-PeakNon-PeakNon-PeakPeakPeakPeakPeakPeakPeakPeakPeakPeakPeakPeakPeakPeakPeakPeakPeakPeakPeakPeakPeakPeakPeakPeakPeakPeakPeakPeakPeakPeakPeakPeakPeakPeakPeakPeakPeakPeakPeakPeakPeakPeakPeakPeakPeakPeakPeakPeakPeakPeakPeakPeakPeakPeakPeakPeakPeakPeakPeakPeakPeakPeakPeakPeakPeakPeakPeakPeakPeakPeakPeakPeakPeakPeakPeakPeakPeakPeakPeakPeakPeakPeakPeakPeakPeakPeakPeakPeakPeakPeakPeakPeakPeakPeakPeakPeakPeakPeakPeakPeakPeakPeakPeakPeakPeakPeakPeakPeakPeakPeakPeakPeakPeakPeakPeakPeakPeakPeakPeakPeakPeakPeakPeakPeakPeakPeakPeakPeakPeakPeakPeakPeakPeakPeakPeakPeakPeakPeakPeakPeakPeakPeakPeakPeakPeakPeakPeakPeakPeakPeakPeakPeakPeakPeakPeakPeakPeakPeakPeakPeakPeakPeakPeakPeakPeakPeakPeakPeakPeakPeakPeakPeakPeakPeakPeakPeakPeakPeakPeakPeakPeakPeakPeakPeakPeakPeakPeakPeakPeakNon-PeakNon-PeakNon-PeakNon-PeakNon-PeakNon-PeakNon-PeakNon-PeakNon-PeakNon-PeakNon-PeakNon-PeakNon-PeakNon-PeakNon-PeakNon-PeakNon-PeakNon-PeakNon-PeakNon-PeakNon-PeakNon-PeakNon-PeakNon-PeakNon-PeakNon-PeakNon-PeakNon-PeakNon-PeakNon-PeakNon-PeakNon-PeakNon-PeakNon-PeakNon-PeakNon-PeakNon-PeakNon-PeakNon-PeakNon-PeakNon-PeakNon-PeakNon-PeakNon-PeakNon-PeakNon-PeakNon-PeakNon-PeakNon-PeakNon-PeakNon-PeakNon-PeakNon-PeakNon-PeakNon-PeakNon-PeakNon-PeakNon-PeakNon-PeakNon-PeakNon-PeakNon-PeakNon-PeakNon-PeakNon-PeakNon-PeakNon-PeakNon-PeakNon-PeakNon-PeakNon-PeakNon-PeakNon-PeakNon-PeakNon-PeakNon-PeakNon-PeakNon-PeakNon-PeakNon-PeakNon-PeakNon-PeakNon-PeakNon-PeakNon-PeakNon-PeakNon-PeakNon-PeakNon-PeakNon-PeakNon-PeakNon-PeakNon-PeakNon-PeakNon-PeakNon-PeakNon-PeakNon-PeakNon-PeakNon-PeakNon-PeakNon-PeakNon-PeakNon-PeakNon-PeakNon-PeakNon-PeakNon-PeakNon-PeakNon-PeakNon-PeakNon-PeakNon-PeakNon-PeakNon-PeakNon-PeakNon-PeakNon-PeakNon-PeakNon-PeakNon-PeakNon-PeakNon-PeakNon-PeakNon-PeakNon-PeakNon-PeakNon-PeakNon-PeakNon-PeakNon-PeakNon-PeakNon-PeakNon-PeakNon-PeakNon-PeakNon-PeakNon-PeakNon-PeakNon-PeakNon-PeakNon-PeakNon-PeakNon-PeakNon-PeakNon-PeakNon-PeakNon-PeakNon-PeakNon-PeakNon-PeakNon-PeakNon-PeakNon-PeakNon-PeakNon-PeakNon-PeakNon-PeakNon-PeakNon-PeakNon-PeakNon-PeakNon-PeakNon-PeakNon-PeakNon-PeakNon-PeakNon-PeakNon-PeakNon-PeakNon-PeakNon-PeakNon-PeakNon-PeakNon-PeakNon-PeakNon-PeakNon-PeakNon-PeakNon-PeakNon-PeakNon-PeakNon-PeakNon-PeakNon-PeakNon-PeakNon-PeakNon-PeakNon-PeakNon-PeakNon-PeakNon-PeakNon-PeakNon-PeakNon-PeakNon-PeakNon-PeakNon-PeakNon-PeakNon-PeakNon-PeakNon-PeakNon-PeakNon-PeakNon-PeakNon-PeakNon-PeakNon-PeakNon-PeakNon-PeakNon-PeakNon-PeakNon-PeakNon-PeakNon-PeakNon-PeakNon-PeakNon-PeakNon-PeakNon-PeakNon-PeakNon-PeakNon-PeakNon-PeakNon-PeakNon-PeakNon-PeakNon-PeakNon-PeakNon-PeakNon-PeakNon-PeakNon-PeakNon-PeakNon-PeakNon-PeakNon-PeakNon-PeakNon-PeakNon-PeakNon-PeakNon-PeakNon-PeakNon-PeakNon-PeakNon-PeakNon-PeakNon-PeakNon-PeakNon-PeakNon-PeakNon-PeakNon-PeakNon-PeakNon-PeakNon-PeakNon-PeakNon-PeakNon-PeakNon-PeakNon-PeakNon-PeakNon-PeakNon-PeakNon-PeakNon-PeakNon-PeakNon-PeakNon-PeakNon-PeakNon-PeakNon-PeakNon-PeakNon-PeakNon-PeakNon-PeakNon-PeakNon-PeakNon-PeakNon-PeakNon-PeakNon-PeakNon-PeakNon-PeakNon-PeakNon-PeakNon-PeakNon-PeakNon-PeakNon-PeakNon-PeakNon-PeakNon-PeakNon-PeakNon-PeakNon-PeakNon-PeakNon-PeakNon-PeakPeakPeakPeakPeakPeakPeakPeakPeakPeakPeakPeakPeakPeakPeakPeakPeakPeakPeakPeakPeakPeakPeakPeakPeakPeakPeakPeakPeakPeakPeakPeakPeakPeakPeakPeakPeakPeakPeakPeakPeakPeakPeakPeakPeakPeakPeakPeakPeakPeakPeakPeakPeakPeakPeakPeakPeakPeakPeakPeakPeakPeakPeakPeakPeakPeakPeakPeakPeakPeakPeakPeakPeakPeakPeakPeakPeakPeakPeakPeakPeakPeakPeakPeakPeakPeakPeakPeakPeakPeakPeakPeakPeakPeakPeakPeakPeakPeakPeakPeakPeakPeakPeakPeakPeakPeakPeakPeakPeakPeakPeakPeakPeakPeakPeakPeakPeakPeakPeakPeakPeakPeakPeakPeakPeakPeakPeakPeakPeakPeakPeakPeakPeakPeakPeakPeakPeakPeakPeakPeakNon-PeakNon-PeakNon-PeakNon-PeakNon-PeakNon-PeakNon-PeakNon-PeakNon-PeakNon-PeakNon-PeakNon-PeakNon-PeakNon-PeakNon-PeakNon-PeakNon-PeakNon-PeakNon-PeakNon-PeakNon-PeakNon-PeakNon-PeakNon-PeakNon-PeakNon-PeakNon-PeakNon-PeakNon-PeakNon-PeakNon-PeakNon-PeakNon-PeakNon-PeakNon-PeakNon-PeakNon-PeakNon-PeakNon-PeakNon-PeakNon-PeakNon-PeakNon-PeakNon-PeakNon-PeakNon-PeakNon-PeakNon-PeakNon-PeakNon-PeakNon-PeakNon-PeakNon-PeakNon-PeakNon-PeakNon-PeakNon-PeakNon-PeakNon-PeakNon-PeakNon-PeakNon-PeakNon-PeakNon-PeakNon-PeakNon-PeakNon-PeakNon-PeakNon-PeakNon-PeakNon-PeakNon-PeakNon-PeakNon-PeakNon-PeakNon-PeakNon-PeakNon-PeakNon-PeakNon-PeakNon-PeakNon-PeakNon-PeakNon-PeakNon-PeakNon-PeakNon-PeakNon-PeakNon-PeakNon-PeakNon-PeakNon-PeakNon-PeakNon-PeakNon-PeakNon-PeakNon-PeakNon-PeakNon-PeakNon-PeakNon-PeakNon-PeakNon-PeakNon-PeakNon-PeakNon-PeakNon-PeakNon-PeakNon-PeakNon-PeakNon-PeakNon-PeakNon-PeakNon-PeakNon-PeakNon-PeakNon-PeakNon-PeakNon-PeakNon-PeakNon-PeakNon-PeakNon-PeakNon-PeakNon-PeakNon-PeakNon-PeakNon-PeakNon-PeakNon-PeakNon-PeakNon-PeakNon-PeakNon-PeakNon-PeakNon-PeakNon-PeakNon-PeakNon-PeakNon-PeakNon-PeakNon-PeakNon-PeakNon-PeakNon-PeakNon-PeakNon-PeakNon-PeakNon-PeakNon-PeakNon-PeakNon-PeakNon-PeakNon-PeakNon-PeakNon-PeakNon-PeakNon-PeakNon-PeakNon-PeakNon-PeakNon-PeakNon-PeakNon-PeakNon-PeakNon-PeakNon-PeakNon-PeakNon-PeakNon-PeakNon-PeakNon-PeakNon-PeakNon-PeakNon-PeakNon-PeakNon-PeakNon-PeakNon-PeakNon-PeakNon-PeakNon-PeakNon-PeakNon-PeakNon-PeakNon-PeakNon-PeakNon-PeakNon-PeakNon-PeakNon-PeakNon-PeakNon-PeakNon-PeakNon-PeakNon-PeakNon-PeakNon-PeakNon-PeakNon-PeakNon-PeakNon-PeakNon-PeakNon-PeakNon-PeakNon-PeakNon-PeakNon-PeakNon-PeakNon-PeakNon-PeakNon-PeakNon-PeakNon-PeakNon-PeakNon-PeakNon-PeakNon-PeakNon-PeakNon-PeakNon-PeakPeakPeakPeakPeakPeakPeakPeakPeakPeakPeakPeakPeakPeakPeakPeakPeakPeakPeakPeakPeakPeakPeakPeakPeakPeakPeakPeakPeakPeakPeakPeakPeakPeakPeakPeakPeakPeakPeakPeakPeakPeakPeakPeakPeakPeakPeakPeakPeakPeakPeakPeakPeakPeakPeakPeakPeakPeakPeakPeakPeakPeakPeakPeakPeakPeakPeakPeakPeakPeakPeakPeakPeakPeakPeakPeakPeakPeakPeakPeakPeakPeakPeakPeakPeakPeakPeakPeakPeakPeakPeakPeakPeakPeakPeakPeakPeakPeakPeakPeakPeakPeakPeakPeakPeakPeakPeakPeakPeakPeakPeakPeakPeakPeakPeakPeakPeakPeakPeakPeakPeakPeakPeakPeakPeakPeakPeakPeakPeakPeakPeakPeakPeakPeakPeakPeakPeakPeakPeakPeakPeakPeakPeakPeakPeakPeakPeakPeakPeakPeakPeakPeakPeakPeakPeakPeakPeakPeakPeakPeakPeakPeakPeakPeakPeakPeakPeakPeakPeakPeakPeakPeakPeakPeakPeakPeakPeakPeakPeakPeakPeakPeakPeakPeakPeakPeakPeakPeakPeakPeakPeakPeakPeakNon-PeakNon-PeakNon-PeakNon-PeakNon-PeakNon-PeakNon-PeakNon-PeakNon-PeakNon-PeakNon-PeakNon-PeakNon-PeakNon-PeakNon-PeakNon-PeakNon-PeakNon-PeakNon-PeakNon-PeakNon-PeakNon-PeakNon-PeakNon-PeakNon-PeakNon-PeakNon-PeakNon-PeakNon-PeakNon-PeakNon-PeakNon-PeakNon-PeakNon-PeakNon-PeakNon-PeakNon-PeakNon-PeakNon-PeakNon-PeakNon-PeakNon-PeakNon-PeakNon-PeakNon-PeakNon-PeakNon-PeakNon-PeakNon-PeakNon-PeakNon-PeakNon-PeakNon-PeakNon-PeakNon-PeakNon-PeakNon-PeakNon-PeakNon-PeakNon-PeakNon-PeakNon-PeakNon-PeakNon-PeakNon-PeakNon-PeakNon-PeakNon-PeakNon-PeakNon-PeakNon-PeakNon-PeakNon-PeakNon-PeakNon-PeakNon-PeakNon-PeakNon-PeakNon-PeakNon-PeakNon-PeakNon-PeakNon-PeakNon-PeakNon-PeakNon-PeakNon-PeakNon-PeakNon-PeakNon-PeakNon-PeakNon-PeakNon-PeakNon-PeakNon-PeakNon-PeakNon-PeakNon-PeakNon-PeakNon-PeakNon-PeakNon-PeakNon-PeakNon-PeakNon-PeakNon-PeakNon-PeakNon-PeakNon-PeakNon-PeakNon-PeakNon-PeakNon-PeakNon-PeakNon-PeakNon-PeakNon-PeakNon-PeakNon-PeakNon-PeakNon-PeakNon-PeakNon-PeakNon-PeakNon-PeakNon-PeakNon-PeakNon-PeakNon-PeakNon-PeakNon-PeakNon-PeakNon-PeakNon-PeakNon-PeakNon-PeakNon-PeakNon-PeakNon-PeakNon-PeakNon-PeakNon-PeakNon-PeakNon-PeakNon-PeakNon-PeakNon-PeakNon-PeakNon-PeakNon-PeakNon-PeakNon-PeakNon-PeakNon-PeakNon-PeakNon-PeakNon-PeakNon-PeakNon-PeakNon-PeakNon-PeakNon-PeakNon-PeakNon-PeakNon-PeakNon-PeakNon-PeakNon-PeakNon-PeakNon-PeakNon-PeakNon-PeakNon-PeakNon-PeakNon-PeakNon-PeakNon-PeakNon-PeakNon-PeakNon-PeakNon-PeakNon-PeakNon-PeakNon-PeakNon-PeakNon-PeakNon-PeakNon-PeakNon-PeakNon-PeakNon-PeakNon-PeakNon-PeakNon-PeakNon-PeakNon-PeakNon-PeakNon-PeakNon-PeakNon-PeakNon-PeakNon-PeakNon-PeakNon-PeakNon-PeakNon-PeakNon-PeakNon-PeakNon-PeakNon-PeakNon-PeakNon-PeakNon-PeakNon-PeakNon-PeakNon-PeakNon-PeakNon-PeakNon-PeakNon-PeakNon-PeakNon-PeakNon-PeakNon-PeakNon-PeakNon-PeakNon-PeakNon-PeakNon-PeakNon-PeakNon-PeakNon-PeakNon-PeakNon-PeakNon-PeakNon-PeakNon-PeakNon-PeakNon-PeakNon-PeakNon-PeakNon-PeakNon-PeakNon-PeakNon-PeakNon-PeakNon-PeakNon-PeakNon-PeakNon-PeakNon-PeakNon-PeakNon-PeakNon-PeakNon-PeakNon-PeakNon-PeakNon-PeakNon-PeakNon-PeakNon-PeakNon-PeakNon-PeakNon-PeakNon-PeakNon-PeakNon-PeakNon-PeakNon-PeakNon-PeakNon-PeakNon-PeakNon-PeakNon-PeakNon-PeakNon-PeakNon-PeakNon-PeakNon-PeakNon-PeakNon-PeakNon-PeakNon-PeakNon-PeakNon-PeakNon-PeakNon-PeakNon-PeakNon-PeakNon-PeakNon-PeakNon-PeakNon-PeakNon-PeakNon-PeakNon-PeakNon-PeakNon-PeakNon-PeakNon-PeakNon-PeakNon-PeakPeakPeakPeakPeakPeakPeakPeakPeakPeakPeakPeakPeakPeakPeakPeakPeakPeakPeakPeakPeakPeakPeakPeakPeakPeakPeakPeakPeakPeakPeakPeakPeakPeakPeakPeakPeakPeakPeakPeakPeakPeakPeakPeakPeakPeakPeakPeakPeakPeakPeakPeakPeakPeakPeakPeakPeakPeakPeakPeakPeakPeakPeakPeakPeakPeakPeakPeakPeakPeakPeakPeakPeakPeakPeakPeakPeakPeakPeakPeakPeakPeakPeakPeakPeakPeakPeakPeakPeakPeakPeakPeakPeakPeakPeakPeakPeakPeakPeakPeakPeakPeakPeakPeakPeakPeakPeakPeakPeakPeakPeakPeakPeakPeakPeakPeakPeakPeakPeakPeakPeakPeakPeakPeakPeakPeakPeakPeakPeakPeakPeakPeakPeakPeakPeakPeakPeakPeakPeakNon-PeakNon-PeakNon-PeakNon-PeakNon-PeakNon-PeakNon-PeakNon-PeakNon-PeakNon-PeakNon-PeakNon-PeakNon-PeakNon-PeakNon-PeakNon-PeakNon-PeakNon-PeakNon-PeakNon-PeakNon-PeakNon-PeakNon-PeakNon-PeakNon-PeakNon-PeakNon-PeakNon-PeakNon-PeakNon-PeakNon-PeakNon-PeakNon-PeakNon-PeakNon-PeakNon-PeakNon-PeakNon-PeakNon-PeakNon-PeakNon-PeakNon-PeakNon-PeakNon-PeakNon-PeakNon-PeakNon-PeakNon-PeakNon-PeakNon-PeakNon-PeakNon-PeakNon-PeakNon-PeakNon-PeakNon-PeakNon-PeakNon-PeakNon-PeakNon-PeakNon-PeakNon-PeakNon-PeakNon-PeakNon-PeakNon-PeakNon-PeakNon-PeakNon-PeakNon-PeakNon-PeakNon-PeakNon-PeakNon-PeakNon-PeakNon-PeakNon-PeakNon-PeakNon-PeakNon-PeakNon-PeakNon-PeakNon-PeakNon-PeakNon-PeakNon-PeakNon-PeakNon-PeakNon-PeakNon-PeakNon-PeakNon-PeakNon-PeakNon-PeakNon-PeakNon-PeakNon-PeakNon-PeakNon-PeakNon-PeakNon-PeakNon-PeakNon-PeakNon-PeakNon-PeakNon-PeakNon-PeakNon-PeakNon-PeakNon-PeakNon-PeakNon-PeakNon-PeakNon-PeakNon-PeakNon-PeakNon-PeakNon-PeakNon-PeakNon-PeakNon-PeakNon-PeakNon-PeakNon-PeakNon-PeakNon-PeakNon-PeakNon-PeakNon-PeakNon-PeakNon-PeakNon-PeakNon-PeakNon-PeakNon-PeakNon-PeakNon-PeakNon-PeakNon-PeakNon-PeakNon-PeakNon-PeakNon-PeakNon-PeakNon-PeakNon-PeakNon-PeakNon-PeakNon-PeakNon-PeakNon-PeakNon-PeakNon-PeakNon-PeakNon-PeakNon-PeakNon-PeakNon-PeakNon-PeakNon-PeakNon-PeakNon-PeakNon-PeakNon-PeakNon-PeakNon-PeakNon-PeakNon-PeakNon-PeakNon-PeakNon-PeakNon-PeakNon-PeakNon-PeakNon-PeakNon-PeakNon-PeakNon-PeakNon-PeakNon-PeakNon-PeakNon-PeakNon-PeakNon-PeakNon-PeakNon-PeakNon-PeakNon-PeakNon-PeakNon-PeakNon-PeakNon-PeakNon-PeakNon-PeakNon-PeakNon-PeakNon-PeakNon-PeakNon-PeakNon-PeakNon-PeakNon-PeakNon-PeakNon-PeakNon-PeakNon-PeakPeakPeakPeakPeakPeakPeakPeakPeakPeakPeakPeakPeakPeakPeakPeakPeakPeakPeakPeakPeakPeakPeakPeakPeakPeakPeakPeakPeakPeakPeakPeakPeakPeakPeakPeakPeakPeakPeakPeakPeakPeakPeakPeakPeakPeakPeakPeakPeakPeakPeakPeakPeakPeakPeakPeakPeakPeakPeakPeakPeakPeakPeakPeakPeakPeakPeakPeakPeakPeakPeakPeakPeakPeakPeakPeakPeakPeakPeakPeakPeakPeakPeakPeakPeakPeakPeakPeakPeakPeakPeakPeakPeakPeakPeakPeakPeakPeakPeakPeakPeakPeakPeakPeakPeakPeakPeakPeakPeakPeakPeakPeakPeakPeakPeakPeakPeakPeakPeakPeakPeakPeakPeakPeakPeakPeakPeakPeakPeakPeakPeakPeakPeakPeakPeakPeakPeakPeakPeakPeakPeakPeakPeakPeakPeakPeakPeakPeakPeakPeakPeakPeakPeakPeakPeakPeakPeakPeakPeakPeakPeakPeakPeakPeakPeakPeakPeakPeakPeakPeakPeakPeakPeakPeakPeakPeakPeakPeakPeakPeakPeakPeakPeakPeakPeakNon-PeakNon-PeakNon-PeakNon-PeakNon-PeakNon-PeakNon-PeakNon-PeakNon-PeakNon-PeakNon-PeakNon-PeakNon-PeakNon-PeakNon-PeakNon-PeakNon-PeakNon-PeakNon-PeakNon-PeakNon-PeakNon-PeakNon-PeakNon-PeakNon-PeakNon-PeakNon-PeakNon-PeakNon-PeakNon-PeakNon-PeakNon-PeakNon-PeakNon-PeakNon-PeakNon-PeakNon-PeakNon-PeakNon-PeakNon-PeakNon-PeakNon-PeakNon-PeakNon-PeakNon-PeakNon-PeakNon-PeakNon-PeakNon-PeakNon-PeakNon-PeakNon-PeakNon-PeakNon-PeakNon-PeakNon-PeakNon-PeakNon-PeakNon-PeakNon-PeakNon-PeakNon-PeakNon-PeakNon-PeakNon-PeakNon-PeakNon-PeakNon-PeakNon-PeakNon-PeakNon-PeakNon-PeakNon-PeakNon-PeakNon-PeakNon-PeakNon-PeakNon-PeakNon-PeakNon-PeakNon-PeakNon-PeakNon-PeakNon-PeakNon-PeakNon-PeakNon-PeakNon-PeakNon-PeakNon-PeakNon-PeakNon-PeakNon-PeakNon-PeakNon-PeakNon-PeakNon-PeakNon-PeakNon-PeakNon-PeakNon-PeakNon-PeakNon-PeakNon-PeakNon-PeakNon-PeakNon-PeakNon-PeakNon-PeakNon-PeakNon-PeakNon-PeakNon-PeakNon-PeakNon-PeakNon-PeakNon-PeakNon-PeakNon-PeakNon-PeakNon-PeakNon-PeakNon-PeakNon-PeakNon-PeakNon-PeakNon-PeakNon-PeakNon-PeakNon-PeakNon-PeakNon-PeakNon-PeakNon-PeakNon-PeakNon-PeakNon-PeakNon-PeakNon-PeakNon-PeakNon-PeakNon-PeakNon-PeakNon-PeakNon-PeakNon-PeakNon-PeakNon-PeakNon-PeakNon-PeakNon-PeakNon-PeakNon-PeakNon-PeakNon-PeakNon-PeakNon-PeakNon-PeakNon-PeakNon-PeakNon-PeakNon-PeakNon-PeakNon-PeakNon-PeakNon-PeakNon-PeakNon-PeakNon-PeakNon-PeakNon-PeakNon-PeakNon-PeakNon-PeakNon-PeakNon-PeakNon-PeakNon-PeakNon-PeakNon-PeakNon-PeakNon-PeakNon-PeakNon-PeakNon-PeakNon-PeakNon-PeakNon-PeakNon-PeakNon-PeakNon-PeakNon-PeakNon-PeakNon-PeakNon-PeakNon-PeakNon-PeakNon-PeakNon-PeakNon-PeakNon-PeakNon-PeakNon-PeakNon-PeakNon-PeakNon-PeakNon-PeakNon-PeakNon-PeakNon-PeakNon-PeakNon-PeakNon-PeakNon-PeakNon-PeakNon-PeakNon-PeakNon-PeakNon-PeakNon-PeakNon-PeakNon-PeakNon-PeakNon-PeakNon-PeakNon-PeakNon-PeakNon-PeakNon-PeakNon-PeakNon-PeakNon-PeakNon-PeakNon-PeakNon-PeakNon-PeakNon-PeakNon-PeakNon-PeakNon-PeakNon-PeakNon-PeakNon-PeakNon-PeakNon-PeakNon-PeakNon-PeakNon-PeakNon-PeakNon-PeakNon-PeakNon-PeakNon-PeakNon-PeakNon-PeakNon-PeakNon-PeakNon-PeakNon-PeakNon-PeakNon-PeakNon-PeakNon-PeakNon-PeakNon-PeakPeakPeakPeakPeakPeakPeakPeakPeakPeakPeakPeakPeakPeakPeakPeakPeakPeakPeakPeakPeakPeakPeakPeakPeakPeakPeakPeakPeakPeakPeakPeakPeakPeakPeakPeakPeakPeakPeakPeakPeakPeakPeakPeakPeakPeakPeakPeakPeakPeakPeakPeakPeakPeakPeakPeakPeakPeakPeakPeakPeakPeakPeakPeakPeakPeakPeakPeakPeakPeakPeakPeakPeakPeakPeakPeakPeakPeakPeakPeakPeakPeakPeakPeakPeakPeakPeakPeakPeakPeakPeakPeakPeakPeakPeakPeakPeakPeakPeakPeakPeakPeakPeakPeakPeakPeakPeakPeakPeakPeakPeakPeakPeakPeakPeakPeakPeakPeakPeakPeakPeakPeakPeakPeakPeakPeakPeakPeakPeakPeakPeakPeakPeakPeakPeakPeakPeakPeakPeakPeakNon-PeakNon-PeakNon-PeakNon-PeakNon-PeakNon-PeakNon-PeakNon-PeakNon-PeakNon-PeakNon-PeakNon-PeakNon-PeakNon-PeakNon-PeakNon-PeakNon-PeakNon-PeakNon-PeakNon-PeakNon-PeakNon-PeakNon-PeakNon-PeakNon-PeakNon-PeakNon-PeakNon-PeakNon-PeakNon-PeakNon-PeakNon-PeakNon-PeakNon-PeakNon-PeakNon-PeakNon-PeakNon-PeakNon-PeakNon-PeakNon-PeakNon-PeakNon-PeakNon-PeakNon-PeakNon-PeakNon-PeakNon-PeakNon-PeakNon-PeakNon-PeakNon-PeakNon-PeakNon-PeakNon-PeakNon-PeakNon-PeakNon-PeakNon-PeakNon-PeakNon-PeakNon-PeakNon-PeakNon-PeakNon-PeakNon-PeakNon-PeakNon-PeakNon-PeakNon-PeakNon-PeakNon-PeakNon-PeakNon-PeakNon-PeakNon-PeakNon-PeakNon-PeakNon-PeakNon-PeakNon-PeakNon-PeakNon-PeakNon-PeakNon-PeakNon-PeakNon-PeakNon-PeakNon-PeakNon-PeakNon-PeakNon-PeakNon-PeakNon-PeakNon-PeakNon-PeakNon-PeakNon-PeakNon-PeakNon-PeakNon-PeakNon-PeakNon-PeakNon-PeakNon-PeakNon-PeakNon-PeakNon-PeakNon-PeakNon-PeakNon-PeakNon-PeakNon-PeakNon-PeakNon-PeakNon-PeakNon-PeakNon-PeakNon-PeakNon-PeakNon-PeakNon-PeakNon-PeakNon-PeakNon-PeakNon-PeakNon-PeakNon-PeakNon-PeakNon-PeakNon-PeakNon-PeakNon-PeakNon-PeakNon-PeakNon-PeakNon-PeakNon-PeakNon-PeakNon-PeakNon-PeakNon-PeakNon-PeakNon-PeakNon-PeakNon-PeakNon-PeakNon-PeakNon-PeakNon-PeakNon-PeakNon-PeakNon-PeakNon-PeakNon-PeakNon-PeakNon-PeakNon-PeakNon-PeakNon-PeakNon-PeakNon-PeakNon-PeakNon-PeakNon-PeakNon-PeakNon-PeakNon-PeakNon-PeakNon-PeakNon-PeakNon-PeakNon-PeakNon-PeakNon-PeakNon-PeakNon-PeakNon-PeakNon-PeakNon-PeakNon-PeakNon-PeakNon-PeakNon-PeakNon-PeakNon-PeakNon-PeakNon-PeakNon-PeakNon-PeakNon-PeakNon-PeakNon-PeakNon-PeakNon-PeakNon-PeakNon-PeakNon-PeakNon-PeakNon-PeakNon-PeakNon-PeakNon-PeakNon-PeakNon-PeakNon-PeakNon-PeakNon-PeakNon-PeakNon-PeakNon-PeakNon-PeakNon-PeakNon-PeakNon-PeakPeakPeakPeakPeakPeakPeakPeakPeakPeakPeakPeakPeakPeakPeakPeakPeakPeakPeakPeakPeakPeakPeakPeakPeakPeakPeakPeakPeakPeakPeakPeakPeakPeakPeakPeakPeakPeakPeakPeakPeakPeakPeakPeakPeakPeakPeakPeakPeakPeakPeakPeakPeakPeakPeakPeakPeakPeakPeakPeakPeakPeakPeakPeakPeakPeakPeakPeakPeakPeakPeakPeakPeakPeakPeakPeakPeakPeakPeakPeakPeakPeakPeakPeakPeakPeakPeakPeakPeakPeakPeakPeakPeakPeakPeakPeakPeakPeakPeakPeakPeakPeakPeakPeakPeakPeakPeakPeakPeakPeakPeakPeakPeakPeakPeakPeakPeakPeakPeakPeakPeakPeakPeakPeakPeakPeakPeakPeakPeakPeakPeakPeakPeakPeakPeakPeakPeakPeakPeakPeakPeakPeakPeakPeakPeakPeakPeakPeakPeakPeakPeakPeakPeakPeakPeakPeakPeakPeakPeakPeakPeakPeakPeakPeakPeakPeakPeakPeakPeakPeakPeakNon-PeakNon-PeakNon-PeakNon-PeakNon-PeakNon-PeakNon-PeakNon-PeakNon-PeakNon-PeakNon-PeakNon-PeakNon-PeakNon-PeakNon-PeakNon-PeakNon-PeakNon-PeakNon-PeakNon-PeakNon-PeakNon-PeakNon-PeakNon-PeakNon-PeakNon-PeakNon-PeakNon-PeakNon-PeakNon-PeakNon-PeakNon-PeakNon-PeakNon-PeakNon-PeakNon-PeakNon-PeakNon-PeakNon-PeakNon-PeakNon-PeakNon-PeakNon-PeakNon-PeakNon-PeakNon-PeakNon-PeakNon-PeakNon-PeakNon-PeakNon-PeakNon-PeakNon-PeakNon-PeakNon-PeakNon-PeakNon-PeakNon-PeakNon-PeakNon-PeakNon-PeakNon-PeakNon-PeakNon-PeakNon-PeakNon-PeakNon-PeakNon-PeakNon-PeakNon-PeakNon-PeakNon-PeakNon-PeakNon-PeakNon-PeakNon-PeakNon-PeakNon-PeakNon-PeakNon-PeakNon-PeakNon-PeakNon-PeakNon-PeakNon-PeakNon-PeakNon-PeakNon-PeakNon-PeakNon-PeakNon-PeakNon-PeakNon-PeakNon-PeakNon-PeakNon-PeakNon-PeakNon-PeakNon-PeakNon-PeakNon-PeakNon-PeakNon-PeakNon-PeakNon-PeakNon-PeakNon-PeakNon-PeakNon-PeakNon-PeakNon-PeakNon-PeakNon-PeakNon-PeakNon-PeakNon-PeakNon-PeakNon-PeakNon-PeakNon-PeakNon-PeakNon-PeakNon-PeakNon-PeakNon-PeakNon-PeakNon-PeakNon-PeakNon-PeakNon-PeakNon-PeakNon-PeakNon-PeakNon-PeakNon-PeakNon-PeakNon-PeakNon-PeakNon-PeakNon-PeakNon-PeakNon-PeakNon-PeakNon-PeakNon-PeakNon-PeakNon-PeakNon-PeakNon-PeakNon-PeakNon-PeakNon-PeakNon-PeakNon-PeakNon-PeakNon-PeakNon-PeakNon-PeakNon-PeakNon-PeakNon-PeakNon-PeakNon-PeakNon-PeakNon-PeakNon-PeakNon-PeakNon-PeakNon-PeakNon-PeakNon-PeakNon-PeakNon-PeakNon-PeakNon-PeakNon-PeakNon-PeakNon-PeakNon-PeakNon-PeakNon-PeakNon-PeakNon-PeakNon-PeakNon-PeakNon-PeakNon-PeakNon-PeakNon-PeakNon-PeakNon-PeakNon-PeakNon-PeakNon-PeakNon-PeakNon-PeakNon-PeakNon-PeakNon-PeakNon-PeakNon-PeakNon-PeakNon-PeakNon-PeakNon-PeakNon-PeakNon-PeakNon-PeakNon-PeakNon-PeakNon-PeakNon-PeakNon-PeakNon-PeakNon-PeakNon-PeakNon-PeakNon-PeakNon-PeakNon-PeakNon-PeakNon-PeakNon-PeakNon-PeakNon-PeakNon-PeakNon-PeakNon-PeakNon-PeakNon-PeakNon-PeakNon-PeakNon-PeakNon-PeakNon-PeakNon-PeakNon-PeakNon-PeakNon-PeakNon-PeakNon-PeakNon-PeakNon-PeakNon-PeakNon-PeakNon-PeakNon-PeakNon-PeakNon-PeakNon-PeakNon-PeakNon-PeakNon-PeakNon-PeakNon-PeakNon-PeakNon-PeakNon-PeakNon-PeakNon-PeakNon-PeakNon-PeakNon-PeakNon-PeakNon-PeakNon-PeakNon-PeakNon-PeakNon-PeakNon-PeakNon-PeakNon-PeakNon-PeakNon-PeakNon-PeakNon-PeakNon-PeakNon-PeakNon-PeakNon-PeakNon-PeakNon-PeakNon-PeakNon-PeakNon-PeakNon-PeakNon-PeakNon-PeakNon-PeakNon-PeakNon-PeakNon-PeakNon-PeakNon-PeakNon-PeakNon-PeakNon-PeakNon-PeakNon-PeakNon-PeakNon-PeakNon-PeakNon-PeakNon-PeakNon-PeakNon-PeakNon-PeakNon-PeakNon-PeakNon-PeakNon-PeakNon-PeakPeakPeakPeakPeakPeakPeakPeakPeakPeakPeakPeakPeakPeakPeakPeakPeakPeakPeakPeakPeakPeakPeakPeakPeakPeakPeakPeakPeakPeakPeakPeakPeakPeakPeakPeakPeakPeakPeakPeakPeakPeakPeakPeakPeakPeakPeakPeakPeakPeakPeakPeakPeakPeakPeakPeakPeakPeakPeakPeakPeakPeakPeakPeakPeakPeakPeakPeakPeakPeakPeakPeakPeakPeakPeakPeakPeakPeakPeakPeakPeakPeakPeakPeakPeakPeakPeakPeakPeakPeakPeakPeakPeakPeakPeakPeakPeakPeakPeakPeakPeakPeakPeakPeakPeakPeakPeakPeakPeakPeakPeakPeakPeakPeakPeakPeakPeakPeakPeakPeakPeakPeakPeakPeakPeakPeakPeakPeakPeakPeakPeakPeakPeakPeakPeakPeakPeakPeakPeakPeakPeakPeakNon-PeakNon-PeakNon-PeakNon-PeakNon-PeakNon-PeakNon-PeakNon-PeakNon-PeakNon-PeakNon-PeakNon-PeakNon-PeakNon-PeakNon-PeakNon-PeakNon-PeakNon-PeakNon-PeakNon-PeakNon-PeakNon-PeakNon-PeakNon-PeakNon-PeakNon-PeakNon-PeakNon-PeakNon-PeakNon-PeakNon-PeakNon-PeakNon-PeakNon-PeakNon-PeakNon-PeakNon-PeakNon-PeakNon-PeakNon-PeakNon-PeakNon-PeakNon-PeakNon-PeakNon-PeakNon-PeakNon-PeakNon-PeakNon-PeakNon-PeakNon-PeakNon-PeakNon-PeakNon-PeakNon-PeakNon-PeakNon-PeakNon-PeakNon-PeakNon-PeakNon-PeakNon-PeakNon-PeakNon-PeakNon-PeakNon-PeakNon-PeakNon-PeakNon-PeakNon-PeakNon-PeakNon-PeakNon-PeakNon-PeakNon-PeakNon-PeakNon-PeakNon-PeakNon-PeakNon-PeakNon-PeakNon-PeakNon-PeakNon-PeakNon-PeakNon-PeakNon-PeakNon-PeakNon-PeakNon-PeakNon-PeakNon-PeakNon-PeakNon-PeakNon-PeakNon-PeakNon-PeakNon-PeakNon-PeakNon-PeakNon-PeakNon-PeakNon-PeakNon-PeakNon-PeakNon-PeakNon-PeakNon-PeakNon-PeakNon-PeakNon-PeakNon-PeakNon-PeakNon-PeakNon-PeakNon-PeakNon-PeakNon-PeakNon-PeakNon-PeakNon-PeakNon-PeakNon-PeakNon-PeakNon-PeakNon-PeakNon-PeakNon-PeakNon-PeakNon-PeakNon-PeakNon-PeakNon-PeakNon-PeakNon-PeakNon-PeakNon-PeakNon-PeakNon-PeakNon-PeakNon-PeakNon-PeakNon-PeakNon-PeakNon-PeakNon-PeakNon-PeakNon-PeakNon-PeakNon-PeakNon-PeakNon-PeakNon-PeakNon-PeakNon-PeakNon-PeakNon-PeakNon-PeakNon-PeakNon-PeakNon-PeakNon-PeakNon-PeakNon-PeakNon-PeakNon-PeakNon-PeakNon-PeakNon-PeakNon-PeakNon-PeakNon-PeakNon-PeakNon-PeakNon-PeakNon-PeakNon-PeakNon-PeakNon-PeakNon-PeakNon-PeakNon-PeakNon-PeakNon-PeakNon-PeakNon-PeakNon-PeakNon-PeakNon-PeakNon-PeakNon-PeakNon-PeakNon-PeakNon-PeakNon-PeakNon-PeakNon-PeakNon-PeakNon-PeakNon-PeakNon-PeakNon-PeakNon-PeakNon-PeakPeakPeakPeakPeakPeakPeakPeakPeakPeakPeakPeakPeakPeakPeakPeakPeakPeakPeakPeakPeakPeakPeakPeakPeakPeakPeakPeakPeakPeakPeakPeakPeakPeakPeakPeakPeakPeakPeakPeakPeakPeakPeakPeakPeakPeakPeakPeakPeakPeakPeakPeakPeakPeakPeakPeakPeakPeakPeakPeakPeakPeakPeakPeakPeakPeakPeakPeakPeakPeakPeakPeakPeakPeakPeakPeakPeakPeakPeakPeakPeakPeakPeakPeakPeakPeakPeakPeakPeakPeakPeakPeakPeakPeakPeakPeakPeakPeakPeakPeakPeakPeakPeakPeakPeakPeakPeakPeakPeakPeakPeakPeakPeakPeakPeakPeakPeakPeakPeakPeakPeakPeakPeakPeakPeakPeakPeakPeakPeakPeakPeakPeakPeakPeakPeakPeakPeakPeakPeakPeakPeakPeakPeakPeakPeakPeakPeakPeakPeakPeakPeakPeakPeakPeakPeakPeakPeakPeakPeakPeakPeakPeakPeakPeakPeakPeakPeakPeakPeakPeakPeakPeakPeakNon-PeakNon-PeakNon-PeakNon-PeakNon-PeakNon-PeakNon-PeakNon-PeakNon-PeakNon-PeakNon-PeakNon-PeakNon-PeakNon-PeakNon-PeakNon-PeakNon-PeakNon-PeakNon-PeakNon-PeakNon-PeakNon-PeakNon-PeakNon-PeakNon-PeakNon-PeakNon-PeakNon-PeakNon-PeakNon-PeakNon-PeakNon-PeakNon-PeakNon-PeakNon-PeakNon-PeakNon-PeakNon-PeakNon-PeakNon-PeakNon-PeakNon-PeakNon-PeakNon-PeakNon-PeakNon-PeakNon-PeakNon-PeakNon-PeakNon-PeakNon-PeakNon-PeakNon-PeakNon-PeakNon-PeakNon-PeakNon-PeakNon-PeakNon-PeakNon-PeakNon-PeakNon-PeakNon-PeakNon-PeakNon-PeakNon-PeakNon-PeakNon-PeakNon-PeakNon-PeakNon-PeakNon-PeakNon-PeakNon-PeakNon-PeakNon-PeakNon-PeakNon-PeakNon-PeakNon-PeakNon-PeakNon-PeakNon-PeakNon-PeakNon-PeakNon-PeakNon-PeakNon-PeakNon-PeakNon-PeakNon-PeakNon-PeakNon-PeakNon-PeakNon-PeakNon-PeakNon-PeakNon-PeakNon-PeakNon-PeakNon-PeakNon-PeakNon-PeakNon-PeakNon-PeakNon-PeakNon-PeakNon-PeakNon-PeakNon-PeakNon-PeakNon-PeakNon-PeakNon-PeakNon-PeakNon-PeakNon-PeakNon-PeakNon-PeakNon-PeakNon-PeakNon-PeakNon-PeakNon-PeakNon-PeakNon-PeakNon-PeakNon-PeakNon-PeakNon-PeakNon-PeakNon-PeakNon-PeakNon-PeakNon-PeakNon-PeakNon-PeakNon-PeakNon-PeakNon-PeakNon-PeakNon-PeakNon-PeakNon-PeakNon-PeakNon-PeakNon-PeakNon-PeakNon-PeakNon-PeakNon-PeakNon-PeakNon-PeakNon-PeakNon-PeakNon-PeakNon-PeakNon-PeakNon-PeakNon-PeakNon-PeakNon-PeakNon-PeakNon-PeakNon-PeakNon-PeakNon-PeakNon-PeakNon-PeakNon-PeakNon-PeakNon-PeakNon-PeakNon-PeakNon-PeakNon-PeakNon-PeakNon-PeakNon-PeakNon-PeakNon-PeakNon-PeakNon-PeakNon-PeakNon-PeakNon-PeakNon-PeakNon-PeakNon-PeakNon-PeakNon-PeakNon-PeakNon-PeakNon-PeakNon-PeakNon-PeakNon-PeakNon-PeakNon-PeakNon-PeakNon-PeakNon-PeakNon-PeakNon-PeakNon-PeakNon-PeakNon-PeakNon-PeakNon-PeakNon-PeakNon-PeakNon-PeakNon-PeakNon-PeakNon-PeakNon-PeakNon-PeakNon-PeakNon-PeakNon-PeakNon-PeakNon-PeakNon-PeakNon-PeakNon-PeakNon-PeakNon-PeakNon-PeakNon-PeakNon-PeakNon-PeakNon-PeakNon-PeakNon-PeakNon-PeakNon-PeakNon-PeakNon-PeakNon-PeakNon-PeakNon-PeakNon-PeakNon-PeakNon-PeakNon-PeakNon-PeakNon-PeakNon-PeakNon-PeakNon-PeakNon-PeakNon-PeakNon-PeakNon-PeakNon-PeakNon-PeakNon-PeakNon-PeakNon-PeakNon-PeakNon-PeakNon-PeakNon-PeakNon-PeakNon-PeakNon-PeakNon-PeakNon-PeakNon-PeakNon-PeakNon-PeakNon-PeakNon-PeakNon-PeakNon-PeakNon-PeakNon-PeakNon-PeakNon-PeakNon-PeakNon-PeakNon-PeakNon-PeakNon-PeakNon-PeakNon-PeakNon-PeakNon-PeakNon-PeakNon-PeakNon-PeakNon-PeakNon-PeakNon-PeakNon-PeakNon-PeakNon-PeakNon-PeakNon-PeakNon-PeakNon-PeakNon-PeakNon-PeakNon-PeakNon-PeakNon-PeakNon-PeakNon-PeakNon-PeakNon-PeakNon-PeakNon-PeakNon-PeakNon-PeakNon-PeakNon-PeakNon-PeakPeakPeakPeakPeakPeakPeakPeakPeakPeakPeakPeakPeakPeakPeakPeakPeakPeakPeakPeakPeakPeakPeakPeakPeakPeakPeakPeakPeakPeakPeakPeakPeakPeakPeakPeakPeakPeakPeakPeakPeakPeakPeakPeakPeakPeakPeakPeakPeakPeakPeakPeakPeakPeakPeakPeakPeakPeakPeakPeakPeakPeakPeakPeakPeakPeakPeakPeakPeakPeakPeakPeakPeakPeakPeakPeakPeakPeakPeakPeakPeakPeakPeakPeakPeakPeakPeakPeakPeakPeakPeakPeakPeakPeakPeakPeakPeakPeakPeakPeakPeakPeakPeakPeakPeakPeakPeakPeakPeakPeakPeakPeakPeakPeakPeakPeakPeakPeakPeakPeakPeakPeakPeakPeakPeakPeakPeakPeakPeakPeakPeakPeakPeakPeakPeakPeakPeakPeakPeakPeakPeakPeakNon-PeakNon-PeakNon-PeakNon-PeakNon-PeakNon-PeakNon-PeakNon-PeakNon-PeakNon-PeakNon-PeakNon-PeakNon-PeakNon-PeakNon-PeakNon-PeakNon-PeakNon-PeakNon-PeakNon-PeakNon-PeakNon-PeakNon-PeakNon-PeakNon-PeakNon-PeakNon-PeakNon-PeakNon-PeakNon-PeakNon-PeakNon-PeakNon-PeakNon-PeakNon-PeakNon-PeakNon-PeakNon-PeakNon-PeakNon-PeakNon-PeakNon-PeakNon-PeakNon-PeakNon-PeakNon-PeakNon-PeakNon-PeakNon-PeakNon-PeakNon-PeakNon-PeakNon-PeakNon-PeakNon-PeakNon-PeakNon-PeakNon-PeakNon-PeakNon-PeakNon-PeakNon-PeakNon-PeakNon-PeakNon-PeakNon-PeakNon-PeakNon-PeakNon-PeakNon-PeakNon-PeakNon-PeakNon-PeakNon-PeakNon-PeakNon-PeakNon-PeakNon-PeakNon-PeakNon-PeakNon-PeakNon-PeakNon-PeakNon-PeakNon-PeakNon-PeakNon-PeakNon-PeakNon-PeakNon-PeakNon-PeakNon-PeakNon-PeakNon-PeakNon-PeakNon-PeakNon-PeakNon-PeakNon-PeakNon-PeakNon-PeakNon-PeakNon-PeakNon-PeakNon-PeakNon-PeakNon-PeakNon-PeakNon-PeakNon-PeakNon-PeakNon-PeakNon-PeakNon-PeakNon-PeakNon-PeakNon-PeakNon-PeakNon-PeakNon-PeakNon-PeakNon-PeakNon-PeakNon-PeakNon-PeakNon-PeakNon-PeakNon-PeakNon-PeakNon-PeakNon-PeakNon-PeakNon-PeakNon-PeakNon-PeakNon-PeakNon-PeakNon-PeakNon-PeakNon-PeakNon-PeakNon-PeakNon-PeakNon-PeakNon-PeakNon-PeakNon-PeakNon-PeakNon-PeakNon-PeakNon-PeakNon-PeakNon-PeakNon-PeakNon-PeakNon-PeakNon-PeakNon-PeakNon-PeakNon-PeakNon-PeakNon-PeakNon-PeakNon-PeakNon-PeakNon-PeakNon-PeakNon-PeakNon-PeakNon-PeakNon-PeakNon-PeakNon-PeakNon-PeakNon-PeakNon-PeakNon-PeakNon-PeakNon-PeakNon-PeakNon-PeakNon-PeakNon-PeakNon-PeakNon-PeakNon-PeakNon-PeakNon-PeakNon-PeakNon-PeakNon-PeakNon-PeakNon-PeakNon-PeakNon-PeakNon-PeakNon-PeakNon-PeakNon-PeakNon-PeakNon-PeakNon-PeakNon-PeakNon-PeakNon-PeakNon-PeakNon-PeakNon-PeakNon-PeakNon-PeakPeakPeakPeakPeakPeakPeakPeakPeakPeakPeakPeakPeakPeakPeakPeakPeakPeakPeakPeakPeakPeakPeakPeakPeakPeakPeakPeakPeakPeakPeakPeakPeakPeakPeakPeakPeakPeakPeakPeakPeakPeakPeakPeakPeakPeakPeakPeakPeakPeakPeakPeakPeakPeakPeakPeakPeakPeakPeakPeakPeakPeakPeakPeakPeakPeakPeakPeakPeakPeakPeakPeakPeakPeakPeakPeakPeakPeakPeakPeakPeakPeakPeakPeakPeakPeakPeakPeakPeakPeakPeakPeakPeakPeakPeakPeakPeakPeakPeakPeakPeakPeakPeakPeakPeakPeakPeakPeakPeakPeakPeakPeakPeakPeakPeakPeakPeakPeakPeakPeakPeakPeakPeakPeakPeakPeakPeakPeakPeakPeakPeakPeakPeakPeakPeakPeakPeakPeakPeakPeakPeakPeakPeakPeakPeakPeakPeakPeakPeakPeakPeakPeakPeakPeakPeakPeakPeakPeakPeakPeakPeakPeakPeakPeakPeakPeakPeakPeakPeakPeakPeakPeakPeakPeakPeakPeakPeakPeakPeakPeakPeakPeakPeakNon-PeakNon-PeakNon-PeakNon-PeakNon-PeakNon-PeakNon-PeakNon-PeakNon-PeakNon-PeakNon-PeakNon-PeakNon-PeakNon-PeakNon-PeakNon-PeakNon-PeakNon-PeakNon-PeakNon-PeakNon-PeakNon-PeakNon-PeakNon-PeakNon-PeakNon-PeakNon-PeakNon-PeakNon-PeakNon-PeakNon-PeakNon-PeakNon-PeakNon-PeakNon-PeakNon-PeakNon-PeakNon-PeakNon-PeakNon-PeakNon-PeakNon-PeakNon-PeakNon-PeakNon-PeakNon-PeakNon-PeakNon-PeakNon-PeakNon-PeakNon-PeakNon-PeakNon-PeakNon-PeakNon-PeakNon-PeakNon-PeakNon-PeakNon-PeakNon-PeakNon-PeakNon-PeakNon-PeakNon-PeakNon-PeakNon-PeakNon-PeakNon-PeakNon-PeakNon-PeakNon-PeakNon-PeakNon-PeakNon-PeakNon-PeakNon-PeakNon-PeakNon-PeakNon-PeakNon-PeakNon-PeakNon-PeakNon-PeakNon-PeakNon-PeakNon-PeakNon-PeakNon-PeakNon-PeakNon-PeakNon-PeakNon-PeakNon-PeakNon-PeakNon-PeakNon-PeakNon-PeakNon-PeakNon-PeakNon-PeakNon-PeakNon-PeakNon-PeakNon-PeakNon-PeakNon-PeakNon-PeakNon-PeakNon-PeakNon-PeakNon-PeakNon-PeakNon-PeakNon-PeakNon-PeakNon-PeakNon-PeakNon-PeakNon-PeakNon-PeakNon-PeakNon-PeakNon-PeakNon-PeakNon-PeakNon-PeakNon-PeakNon-PeakNon-PeakNon-PeakNon-PeakNon-PeakNon-PeakNon-PeakNon-PeakNon-PeakNon-PeakNon-PeakNon-PeakNon-PeakNon-PeakNon-PeakNon-PeakNon-PeakNon-PeakNon-PeakNon-PeakNon-PeakNon-PeakNon-PeakNon-PeakNon-PeakNon-PeakNon-PeakNon-PeakNon-PeakNon-PeakNon-PeakNon-PeakNon-PeakNon-PeakNon-PeakNon-PeakNon-PeakNon-PeakNon-PeakNon-PeakNon-PeakNon-PeakNon-PeakNon-PeakNon-PeakNon-PeakNon-PeakNon-PeakNon-PeakNon-PeakNon-PeakNon-PeakNon-PeakNon-PeakNon-PeakNon-PeakNon-PeakNon-PeakNon-PeakNon-PeakNon-PeakNon-PeakNon-PeakNon-PeakNon-PeakNon-PeakNon-PeakNon-PeakNon-PeakNon-PeakNon-PeakNon-PeakNon-PeakNon-PeakNon-PeakNon-PeakNon-PeakNon-PeakNon-PeakNon-PeakNon-PeakNon-PeakNon-PeakNon-PeakNon-PeakNon-PeakNon-PeakNon-PeakNon-PeakNon-PeakNon-PeakNon-PeakNon-PeakNon-PeakNon-PeakNon-PeakNon-PeakNon-PeakNon-PeakNon-PeakNon-PeakNon-PeakNon-PeakNon-PeakNon-PeakNon-PeakNon-PeakNon-PeakNon-PeakNon-PeakNon-PeakNon-PeakNon-PeakNon-PeakNon-PeakNon-PeakNon-PeakNon-PeakNon-PeakNon-PeakNon-PeakNon-PeakNon-PeakNon-PeakNon-PeakNon-PeakNon-PeakNon-PeakNon-PeakNon-PeakNon-PeakNon-PeakNon-PeakNon-PeakNon-PeakNon-PeakNon-PeakNon-PeakNon-PeakNon-PeakNon-PeakNon-PeakNon-PeakNon-PeakNon-PeakNon-PeakNon-PeakNon-PeakNon-PeakNon-PeakNon-PeakNon-PeakNon-PeakNon-PeakNon-PeakNon-PeakNon-PeakNon-PeakNon-PeakNon-PeakNon-PeakNon-PeakNon-PeakNon-PeakNon-PeakNon-PeakNon-PeakNon-PeakNon-PeakNon-PeakNon-PeakNon-PeakNon-PeakNon-PeakNon-PeakPeakPeakPeakPeakPeakPeakPeakPeakPeakPeakPeakPeakPeakPeakPeakPeakPeakPeakPeakPeakPeakPeakPeakPeakPeakPeakPeakPeakPeakPeakPeakPeakPeakPeakPeakPeakPeakPeakPeakPeakPeakPeakPeakPeakPeakPeakPeakPeakPeakPeakPeakPeakPeakPeakPeakPeakPeakPeakPeakPeakPeakPeakPeakPeakPeakPeakPeakPeakPeakPeakPeakPeakPeakPeakPeakPeakPeakPeakPeakPeakPeakPeakPeakPeakPeakPeakPeakPeakPeakPeakPeakPeakPeakPeakPeakPeakPeakPeakPeakPeakPeakPeakPeakPeakPeakPeakPeakPeakPeakPeakPeakPeakPeakPeakPeakPeakPeakPeakPeakPeakPeakPeakPeakPeakPeakPeakNon-PeakNon-PeakNon-PeakNon-PeakNon-PeakNon-PeakNon-PeakNon-PeakNon-PeakNon-PeakNon-PeakNon-PeakNon-PeakNon-PeakNon-PeakNon-PeakNon-PeakNon-PeakNon-PeakNon-PeakNon-PeakNon-PeakNon-PeakNon-PeakNon-PeakNon-PeakNon-PeakNon-PeakNon-PeakNon-PeakNon-PeakNon-PeakNon-PeakNon-PeakNon-PeakNon-PeakNon-PeakNon-PeakNon-PeakNon-PeakNon-PeakNon-PeakNon-PeakNon-PeakNon-PeakNon-PeakNon-PeakNon-PeakNon-PeakNon-PeakNon-PeakNon-PeakNon-PeakNon-PeakNon-PeakNon-PeakNon-PeakNon-PeakNon-PeakNon-PeakNon-PeakNon-PeakNon-PeakNon-PeakNon-PeakNon-PeakNon-PeakNon-PeakNon-PeakNon-PeakNon-PeakNon-PeakNon-PeakNon-PeakNon-PeakNon-PeakNon-PeakNon-PeakNon-PeakNon-PeakNon-PeakNon-PeakNon-PeakNon-PeakNon-PeakNon-PeakNon-PeakNon-PeakNon-PeakNon-PeakNon-PeakNon-PeakNon-PeakNon-PeakNon-PeakNon-PeakNon-PeakNon-PeakNon-PeakNon-PeakNon-PeakNon-PeakNon-PeakNon-PeakNon-PeakNon-PeakNon-PeakNon-PeakNon-PeakNon-PeakNon-PeakNon-PeakNon-PeakNon-PeakNon-PeakNon-PeakNon-PeakNon-PeakNon-PeakNon-PeakNon-PeakNon-PeakNon-PeakNon-PeakNon-PeakNon-PeakNon-PeakNon-PeakNon-PeakNon-PeakNon-PeakNon-PeakNon-PeakNon-PeakNon-PeakNon-PeakNon-PeakNon-PeakNon-PeakNon-PeakNon-PeakNon-PeakNon-PeakNon-PeakNon-PeakNon-PeakNon-PeakNon-PeakNon-PeakNon-PeakNon-PeakNon-PeakNon-PeakNon-PeakNon-PeakNon-PeakNon-PeakNon-PeakNon-PeakNon-PeakNon-PeakNon-PeakNon-PeakNon-PeakNon-PeakNon-PeakNon-PeakNon-PeakNon-PeakNon-PeakNon-PeakNon-PeakNon-PeakNon-PeakNon-PeakNon-PeakNon-PeakNon-PeakNon-PeakNon-PeakNon-PeakPeakPeakPeakPeakPeakPeakPeakPeakPeakPeakPeakPeakPeakPeakPeakPeakPeakPeakPeakPeakPeakPeakPeakPeakPeakPeakPeakPeakPeakPeakPeakPeakPeakPeakPeakPeakPeakPeakPeakPeakPeakPeakPeakPeakPeakPeakPeakPeakPeakPeakPeakPeakPeakPeakPeakPeakPeakPeakPeakPeakPeakPeakPeakPeakPeakPeakPeakPeakPeakPeakPeakPeakPeakPeakPeakPeakPeakPeakPeakPeakPeakPeakPeakPeakPeakPeakPeakPeakPeakPeakPeakPeakPeakPeakPeakPeakPeakPeakPeakPeakPeakPeakPeakPeakPeakPeakPeakPeakPeakPeakPeakPeakPeakPeakPeakPeakPeakPeakPeakPeakPeakPeakPeakPeakPeakPeakPeakPeakPeakPeakPeakPeakPeakPeakPeakPeakPeakPeakPeakPeakPeakPeakPeakPeakPeakPeakPeakPeakPeakPeakPeakPeakPeakPeakPeakPeakPeakPeakPeakPeakPeakPeakPeakPeakPeakPeakPeakPeakPeakPeakPeakPeakPeakPeakNon-PeakNon-PeakNon-PeakNon-PeakNon-PeakNon-PeakNon-PeakNon-PeakNon-PeakNon-PeakNon-PeakNon-PeakNon-PeakNon-PeakNon-PeakNon-PeakNon-PeakNon-PeakNon-PeakNon-PeakNon-PeakNon-PeakNon-PeakNon-PeakNon-PeakNon-PeakNon-PeakNon-PeakNon-PeakNon-PeakNon-PeakNon-PeakNon-PeakNon-PeakNon-PeakNon-PeakNon-PeakNon-PeakNon-PeakNon-PeakNon-PeakNon-PeakNon-PeakNon-PeakNon-PeakNon-PeakNon-PeakNon-PeakNon-PeakNon-PeakNon-PeakNon-PeakNon-PeakNon-PeakNon-PeakNon-PeakNon-PeakNon-PeakNon-PeakNon-PeakNon-PeakNon-PeakNon-PeakNon-PeakNon-PeakNon-PeakNon-PeakNon-PeakNon-PeakNon-PeakNon-PeakNon-PeakNon-PeakNon-PeakNon-PeakNon-PeakNon-PeakNon-PeakNon-PeakNon-PeakNon-PeakNon-PeakNon-PeakNon-PeakNon-PeakNon-PeakNon-PeakNon-PeakNon-PeakNon-PeakNon-PeakNon-PeakNon-PeakNon-PeakNon-PeakNon-PeakNon-PeakNon-PeakNon-PeakNon-PeakNon-PeakNon-PeakNon-PeakNon-PeakNon-PeakNon-PeakNon-PeakNon-PeakNon-PeakNon-PeakNon-PeakNon-PeakNon-PeakNon-PeakNon-PeakNon-PeakNon-PeakNon-PeakNon-PeakNon-PeakNon-PeakNon-PeakNon-PeakNon-PeakNon-PeakNon-PeakNon-PeakNon-PeakNon-PeakNon-PeakNon-PeakNon-PeakNon-PeakNon-PeakNon-PeakNon-PeakNon-PeakNon-PeakNon-PeakNon-PeakNon-PeakNon-PeakNon-PeakNon-PeakNon-PeakNon-PeakNon-PeakNon-PeakNon-PeakNon-PeakNon-PeakNon-PeakNon-PeakNon-PeakNon-PeakNon-PeakNon-PeakNon-PeakNon-PeakNon-PeakNon-PeakNon-PeakNon-PeakNon-PeakNon-PeakNon-PeakNon-PeakNon-PeakNon-PeakNon-PeakNon-PeakNon-PeakNon-PeakNon-PeakNon-PeakNon-PeakNon-PeakNon-PeakNon-PeakNon-PeakNon-PeakNon-PeakNon-PeakNon-PeakNon-PeakNon-PeakNon-PeakNon-PeakNon-PeakNon-PeakNon-PeakNon-PeakNon-PeakNon-PeakNon-PeakNon-PeakNon-PeakNon-PeakNon-PeakNon-PeakNon-PeakNon-PeakNon-PeakNon-PeakNon-PeakNon-PeakNon-PeakNon-PeakNon-PeakNon-PeakNon-PeakNon-PeakNon-PeakNon-PeakNon-PeakNon-PeakNon-PeakNon-PeakNon-PeakNon-PeakNon-PeakNon-PeakNon-PeakNon-PeakNon-PeakNon-PeakNon-PeakNon-PeakNon-PeakNon-PeakNon-PeakNon-PeakNon-PeakNon-PeakNon-PeakNon-PeakNon-PeakNon-PeakNon-PeakNon-PeakNon-PeakNon-PeakNon-PeakNon-PeakNon-PeakNon-PeakNon-PeakNon-PeakNon-PeakNon-PeakNon-PeakNon-PeakNon-PeakNon-PeakNon-PeakNon-PeakNon-PeakNon-PeakNon-PeakNon-PeakNon-PeakNon-PeakNon-PeakNon-PeakNon-PeakNon-PeakNon-PeakNon-PeakNon-PeakNon-PeakNon-PeakNon-PeakNon-PeakNon-PeakNon-PeakNon-PeakNon-PeakNon-PeakNon-PeakNon-PeakNon-PeakNon-PeakNon-PeakNon-PeakNon-PeakNon-PeakNon-PeakNon-PeakNon-PeakNon-PeakNon-PeakNon-PeakNon-PeakNon-PeakNon-PeakNon-PeakNon-PeakNon-PeakNon-PeakNon-PeakNon-PeakNon-PeakNon-PeakNon-PeakNon-PeakNon-PeakNon-PeakNon-PeakNon-PeakNon-PeakNon-PeakNon-PeakNon-PeakNon-PeakNon-PeakNon-PeakNon-PeakNon-PeakNon-PeakNon-PeakNon-PeakPeakPeakPeakPeakPeakPeakPeakPeakPeakPeakPeakPeakPeakPeakPeakPeakPeakPeakPeakPeakPeakPeakPeakPeakPeakPeakPeakPeakPeakPeakPeakPeakPeakPeakPeakPeakPeakPeakPeakPeakPeakPeakPeakPeakPeakPeakPeakPeakPeakPeakPeakPeakPeakPeakPeakPeakPeakPeakPeakPeakPeakPeakPeakPeakPeakPeakPeakPeakPeakPeakPeakPeakPeakPeakPeakPeakPeakPeakPeakPeakPeakPeakPeakPeakPeakPeakPeakPeakPeakPeakPeakPeakPeakPeakPeakPeakPeakPeakPeakPeakPeakPeakPeakPeakPeakPeakPeakPeakPeakPeakPeakPeakPeakPeakPeakPeakPeakPeakPeakPeakPeakPeakPeakPeakPeakPeakPeakPeakPeakPeakPeakPeakPeakPeakPeakPeakPeakPeakPeakPeakPeakPeakNon-PeakNon-PeakNon-PeakNon-PeakNon-PeakNon-PeakNon-PeakNon-PeakNon-PeakNon-PeakNon-PeakNon-PeakNon-PeakNon-PeakNon-PeakNon-PeakNon-PeakNon-PeakNon-PeakNon-PeakNon-PeakNon-PeakNon-PeakNon-PeakNon-PeakNon-PeakNon-PeakNon-PeakNon-PeakNon-PeakNon-PeakNon-PeakNon-PeakNon-PeakNon-PeakNon-PeakNon-PeakNon-PeakNon-PeakNon-PeakNon-PeakNon-PeakNon-PeakNon-PeakNon-PeakNon-PeakNon-PeakNon-PeakNon-PeakNon-PeakNon-PeakNon-PeakNon-PeakNon-PeakNon-PeakNon-PeakNon-PeakNon-PeakNon-PeakNon-PeakNon-PeakNon-PeakNon-PeakNon-PeakNon-PeakNon-PeakNon-PeakNon-PeakNon-PeakNon-PeakNon-PeakNon-PeakNon-PeakNon-PeakNon-PeakNon-PeakNon-PeakNon-PeakNon-PeakNon-PeakNon-PeakNon-PeakNon-PeakNon-PeakNon-PeakNon-PeakNon-PeakNon-PeakNon-PeakNon-PeakNon-PeakNon-PeakNon-PeakNon-PeakNon-PeakNon-PeakNon-PeakNon-PeakNon-PeakNon-PeakNon-PeakNon-PeakNon-PeakNon-PeakNon-PeakNon-PeakNon-PeakNon-PeakNon-PeakNon-PeakNon-PeakNon-PeakNon-PeakNon-PeakNon-PeakNon-PeakNon-PeakNon-PeakNon-PeakNon-PeakNon-PeakNon-PeakNon-PeakNon-PeakNon-PeakNon-PeakNon-PeakNon-PeakNon-PeakNon-PeakNon-PeakNon-PeakNon-PeakNon-PeakNon-PeakNon-PeakNon-PeakNon-PeakNon-PeakNon-PeakNon-PeakNon-PeakNon-PeakNon-PeakNon-PeakNon-PeakNon-PeakNon-PeakNon-PeakNon-PeakNon-PeakNon-PeakNon-PeakNon-PeakNon-PeakNon-PeakNon-PeakNon-PeakNon-PeakNon-PeakNon-PeakNon-PeakNon-PeakNon-PeakNon-PeakNon-PeakNon-PeakNon-PeakNon-PeakNon-PeakNon-PeakNon-PeakNon-PeakNon-PeakNon-PeakNon-PeakNon-PeakNon-PeakNon-PeakNon-PeakNon-PeakNon-PeakNon-PeakNon-PeakNon-PeakNon-PeakNon-PeakNon-PeakNon-PeakNon-PeakNon-PeakNon-PeakPeakPeakPeakPeakPeakPeakPeakPeakPeakPeakPeakPeakPeakPeakPeakPeakPeakPeakPeakPeakPeakPeakPeakPeakPeakPeakPeakPeakPeakPeakPeakPeakPeakPeakPeakPeakPeakPeakPeakPeakPeakPeakPeakPeakPeakPeakPeakPeakPeakPeakPeakPeakPeakPeakPeakPeakPeakPeakPeakPeakPeakPeakPeakPeakPeakPeakPeakPeakPeakPeakPeakPeakPeakPeakPeakPeakPeakPeakPeakPeakPeakPeakPeakPeakPeakPeakPeakPeakPeakPeakPeakPeakPeakPeakPeakPeakPeakPeakPeakPeakPeakPeakPeakPeakPeakPeakPeakPeakPeakPeakPeakPeakPeakPeakPeakPeakPeakPeakPeakPeakPeakPeakPeakPeakPeakPeakPeakPeakPeakPeakPeakPeakPeakPeakPeakPeakPeakPeakPeakPeakPeakPeakPeakPeakPeakPeakPeakPeakPeakPeakPeakPeakPeakPeakPeakPeakPeakPeakPeakPeakPeakPeakPeakPeakPeakPeakNon-PeakNon-PeakNon-PeakNon-PeakNon-PeakNon-PeakNon-PeakNon-PeakNon-PeakNon-PeakNon-PeakNon-PeakNon-PeakNon-PeakNon-PeakNon-PeakNon-PeakNon-PeakNon-PeakNon-PeakNon-PeakNon-PeakNon-PeakNon-PeakNon-PeakNon-PeakNon-PeakNon-PeakNon-PeakNon-PeakNon-PeakNon-PeakNon-PeakNon-PeakNon-PeakNon-PeakNon-PeakNon-PeakNon-PeakNon-PeakNon-PeakNon-PeakNon-PeakNon-PeakNon-PeakNon-PeakNon-PeakNon-PeakNon-PeakNon-PeakNon-PeakNon-PeakNon-PeakNon-PeakNon-PeakNon-PeakNon-PeakNon-PeakNon-PeakNon-PeakNon-PeakNon-PeakNon-PeakNon-PeakNon-PeakNon-PeakNon-PeakNon-PeakNon-PeakNon-PeakNon-PeakNon-PeakNon-PeakNon-PeakNon-PeakNon-PeakNon-PeakNon-PeakNon-PeakNon-PeakNon-PeakNon-PeakNon-PeakNon-PeakNon-PeakNon-PeakNon-PeakNon-PeakNon-PeakNon-PeakNon-PeakNon-PeakNon-PeakNon-PeakNon-PeakNon-PeakNon-PeakNon-PeakNon-PeakNon-PeakNon-PeakNon-PeakNon-PeakNon-PeakNon-PeakNon-PeakNon-PeakNon-PeakNon-PeakNon-PeakNon-PeakNon-PeakNon-PeakNon-PeakNon-PeakNon-PeakNon-PeakNon-PeakNon-PeakNon-PeakNon-PeakNon-PeakNon-PeakNon-PeakNon-PeakNon-PeakNon-PeakNon-PeakNon-PeakNon-PeakNon-PeakNon-PeakNon-PeakNon-PeakNon-PeakNon-PeakNon-PeakNon-PeakNon-PeakNon-PeakNon-PeakNon-PeakNon-PeakNon-PeakNon-PeakNon-PeakNon-PeakNon-PeakNon-PeakNon-PeakNon-PeakNon-PeakNon-PeakNon-PeakNon-PeakNon-PeakNon-PeakNon-PeakNon-PeakNon-PeakNon-PeakNon-PeakNon-PeakNon-PeakNon-PeakNon-PeakNon-PeakNon-PeakNon-PeakNon-PeakNon-PeakNon-PeakNon-PeakNon-PeakNon-PeakNon-PeakNon-PeakNon-PeakNon-PeakNon-PeakNon-PeakNon-PeakNon-PeakNon-PeakNon-PeakNon-PeakNon-PeakNon-PeakNon-PeakNon-PeakNon-PeakNon-PeakNon-PeakNon-PeakNon-PeakNon-PeakNon-PeakNon-PeakNon-PeakNon-PeakNon-PeakNon-PeakNon-PeakNon-PeakNon-PeakNon-PeakNon-PeakNon-PeakNon-PeakNon-PeakNon-PeakNon-PeakNon-PeakNon-PeakNon-PeakNon-PeakNon-PeakNon-PeakNon-PeakNon-PeakNon-PeakNon-PeakNon-PeakNon-PeakNon-PeakNon-PeakNon-PeakNon-PeakNon-PeakNon-PeakNon-PeakNon-PeakNon-PeakNon-PeakNon-PeakNon-PeakNon-PeakNon-PeakNon-PeakNon-PeakNon-PeakNon-PeakNon-PeakNon-PeakNon-PeakNon-PeakNon-PeakNon-PeakNon-PeakNon-PeakNon-PeakNon-PeakNon-PeakNon-PeakNon-PeakNon-PeakNon-PeakNon-PeakNon-PeakNon-PeakNon-PeakNon-PeakNon-PeakNon-PeakNon-PeakNon-PeakNon-PeakNon-PeakNon-PeakNon-PeakNon-PeakNon-PeakNon-PeakNon-PeakNon-PeakNon-PeakNon-PeakNon-PeakNon-PeakNon-PeakNon-PeakNon-PeakNon-PeakNon-PeakNon-PeakNon-PeakNon-PeakNon-PeakNon-PeakNon-PeakNon-PeakNon-PeakNon-PeakNon-PeakNon-PeakNon-PeakNon-PeakNon-PeakNon-PeakNon-PeakNon-PeakNon-PeakNon-PeakNon-PeakNon-PeakNon-PeakNon-PeakNon-PeakNon-PeakNon-PeakNon-PeakNon-PeakNon-PeakNon-PeakNon-PeakNon-PeakNon-PeakNon-PeakNon-PeakNon-PeakNon-PeakNon-PeakNon-PeakNon-PeakNon-PeakNon-PeakNon-PeakNon-PeakNon-PeakNon-PeakNon-PeakPeakPeakPeakPeakPeakPeakPeakPeakPeakPeakPeakPeakPeakPeakPeakPeakPeakPeakPeakPeakPeakPeakPeakPeakPeakPeakPeakPeakPeakPeakPeakPeakPeakPeakPeakPeakPeakPeakPeakPeakPeakPeakPeakPeakPeakPeakPeakPeakPeakPeakPeakPeakPeakPeakPeakPeakPeakPeakPeakPeakPeakPeakPeakPeakPeakPeakPeakPeakPeakPeakPeakPeakPeakPeakPeakPeakPeakPeakPeakPeakPeakPeakPeakPeakPeakPeakPeakPeakPeakPeakPeakPeakPeakPeakPeakPeakPeakPeakPeakPeakPeakPeakPeakPeakPeakPeakPeakPeakPeakPeakPeakPeakPeakPeakPeakPeakPeakPeakPeakPeakPeakPeakPeakPeakPeakPeakPeakPeakPeakPeakPeakPeakPeakPeakPeakPeakPeakPeakPeakPeakPeakPeakPeakNon-PeakNon-PeakNon-PeakNon-PeakNon-PeakNon-PeakNon-PeakNon-PeakNon-PeakNon-PeakNon-PeakNon-PeakNon-PeakNon-PeakNon-PeakNon-PeakNon-PeakNon-PeakNon-PeakNon-PeakNon-PeakNon-PeakNon-PeakNon-PeakNon-PeakNon-PeakNon-PeakNon-PeakNon-PeakNon-PeakNon-PeakNon-PeakNon-PeakNon-PeakNon-PeakNon-PeakNon-PeakNon-PeakNon-PeakNon-PeakNon-PeakNon-PeakNon-PeakNon-PeakNon-PeakNon-PeakNon-PeakNon-PeakNon-PeakNon-PeakNon-PeakNon-PeakNon-PeakNon-PeakNon-PeakNon-PeakNon-PeakNon-PeakNon-PeakNon-PeakNon-PeakNon-PeakNon-PeakNon-PeakNon-PeakNon-PeakNon-PeakNon-PeakNon-PeakNon-PeakNon-PeakNon-PeakNon-PeakNon-PeakNon-PeakNon-PeakNon-PeakNon-PeakNon-PeakNon-PeakNon-PeakNon-PeakNon-PeakNon-PeakNon-PeakNon-PeakNon-PeakNon-PeakNon-PeakNon-PeakNon-PeakNon-PeakNon-PeakNon-PeakNon-PeakNon-PeakNon-PeakNon-PeakNon-PeakNon-PeakNon-PeakNon-PeakNon-PeakNon-PeakNon-PeakNon-PeakNon-PeakNon-PeakNon-PeakNon-PeakNon-PeakNon-PeakNon-PeakNon-PeakNon-PeakNon-PeakNon-PeakNon-PeakNon-PeakNon-PeakNon-PeakNon-PeakNon-PeakNon-PeakNon-PeakNon-PeakNon-PeakNon-PeakNon-PeakNon-PeakNon-PeakNon-PeakNon-PeakNon-PeakNon-PeakNon-PeakNon-PeakNon-PeakNon-PeakNon-PeakNon-PeakNon-PeakNon-PeakNon-PeakNon-PeakNon-PeakNon-PeakNon-PeakNon-PeakNon-PeakNon-PeakNon-PeakNon-PeakNon-PeakNon-PeakNon-PeakNon-PeakNon-PeakNon-PeakNon-PeakNon-PeakNon-PeakNon-PeakNon-PeakNon-PeakNon-PeakNon-PeakNon-PeakNon-PeakNon-PeakNon-PeakNon-PeakNon-PeakNon-PeakNon-PeakNon-PeakNon-PeakNon-PeakNon-PeakNon-PeakNon-PeakNon-PeakNon-PeakNon-PeakNon-PeakNon-PeakNon-PeakNon-PeakNon-PeakNon-PeakPeakPeakPeakPeakPeakPeakPeakPeakPeakPeakPeakPeakPeakPeakPeakPeakPeakPeakPeakPeakPeakPeakPeakPeakPeakPeakPeakPeakPeakPeakPeakPeakPeakPeakPeakPeakPeakPeakPeakPeakPeakPeakPeakPeakPeakPeakPeakPeakPeakPeakPeakPeakPeakPeakPeakPeakPeakPeakPeakPeakPeakPeakPeakPeakPeakPeakPeakPeakPeakPeakPeakPeakPeakPeakPeakPeakPeakPeakPeakPeakPeakPeakPeakPeakPeakPeakPeakPeakPeakPeakPeakPeakPeakPeakPeakPeakPeakPeakPeakPeakPeakPeakPeakPeakPeakPeakPeakPeakPeakPeakPeakPeakPeakPeakPeakPeakPeakPeakPeakPeakPeakPeakPeakPeakPeakPeakPeakPeakPeakPeakPeakPeakPeakPeakPeakPeakPeakPeakPeakPeakPeakPeakPeakPeakPeakPeakPeakPeakPeakPeakPeakPeakPeakPeakPeakPeakPeakPeakPeakPeakPeakPeakPeakPeakPeakPeakPeakPeakPeakNon-PeakNon-PeakNon-PeakNon-PeakNon-PeakNon-PeakNon-PeakNon-PeakNon-PeakNon-PeakNon-PeakNon-PeakNon-PeakNon-PeakNon-PeakNon-PeakNon-PeakNon-PeakNon-PeakNon-PeakNon-PeakNon-PeakNon-PeakNon-PeakNon-PeakNon-PeakNon-PeakNon-PeakNon-PeakNon-PeakNon-PeakNon-PeakNon-PeakNon-PeakNon-PeakNon-PeakNon-PeakNon-PeakNon-PeakNon-PeakNon-PeakNon-PeakNon-PeakNon-PeakNon-PeakNon-PeakNon-PeakNon-PeakNon-PeakNon-PeakNon-PeakNon-PeakNon-PeakNon-PeakNon-PeakNon-PeakNon-PeakNon-PeakNon-PeakNon-PeakNon-PeakNon-PeakNon-PeakNon-PeakNon-PeakNon-PeakNon-PeakNon-PeakNon-PeakNon-PeakNon-PeakNon-PeakNon-PeakNon-PeakNon-PeakNon-PeakNon-PeakNon-PeakNon-PeakNon-PeakNon-PeakNon-PeakNon-PeakNon-PeakNon-PeakNon-PeakNon-PeakNon-PeakNon-PeakNon-PeakNon-PeakNon-PeakNon-PeakNon-PeakNon-PeakNon-PeakNon-PeakNon-PeakNon-PeakNon-PeakNon-PeakNon-PeakNon-PeakNon-PeakNon-PeakNon-PeakNon-PeakNon-PeakNon-PeakNon-PeakNon-PeakNon-PeakNon-PeakNon-PeakNon-PeakNon-PeakNon-PeakNon-PeakNon-PeakNon-PeakNon-PeakNon-PeakNon-PeakNon-PeakNon-PeakNon-PeakNon-PeakNon-PeakNon-PeakNon-PeakNon-PeakNon-PeakNon-PeakNon-PeakNon-PeakNon-PeakNon-PeakNon-PeakNon-PeakNon-PeakNon-PeakNon-PeakNon-PeakNon-PeakNon-PeakNon-PeakNon-PeakNon-PeakNon-PeakNon-PeakNon-PeakNon-PeakNon-PeakNon-PeakNon-PeakNon-PeakNon-PeakNon-PeakNon-PeakNon-PeakNon-PeakNon-PeakNon-PeakNon-PeakNon-PeakNon-PeakNon-PeakNon-PeakNon-PeakNon-PeakNon-PeakNon-PeakNon-PeakNon-PeakNon-PeakNon-PeakNon-PeakNon-PeakNon-PeakNon-PeakNon-PeakNon-PeakNon-PeakNon-PeakNon-PeakNon-PeakNon-PeakNon-PeakNon-PeakNon-PeakNon-PeakNon-PeakNon-PeakNon-PeakNon-PeakNon-PeakNon-PeakNon-PeakNon-PeakNon-PeakNon-PeakNon-PeakNon-PeakNon-PeakNon-PeakNon-PeakNon-PeakNon-PeakNon-PeakNon-PeakNon-PeakNon-PeakNon-PeakNon-PeakNon-PeakNon-PeakNon-PeakNon-PeakNon-PeakNon-PeakNon-PeakNon-PeakNon-PeakNon-PeakNon-PeakNon-PeakNon-PeakNon-PeakNon-PeakNon-PeakNon-PeakNon-PeakNon-PeakNon-PeakNon-PeakNon-PeakNon-PeakNon-PeakNon-PeakNon-PeakNon-PeakNon-PeakNon-PeakNon-PeakNon-PeakNon-PeakNon-PeakNon-PeakNon-PeakNon-PeakNon-PeakNon-PeakNon-PeakNon-PeakNon-PeakNon-PeakNon-PeakNon-PeakNon-PeakNon-PeakNon-PeakNon-PeakNon-PeakNon-PeakNon-PeakNon-PeakNon-PeakNon-PeakNon-PeakNon-PeakNon-PeakNon-PeakNon-PeakNon-PeakNon-PeakNon-PeakNon-PeakNon-PeakNon-PeakNon-PeakNon-PeakNon-PeakNon-PeakNon-PeakNon-PeakNon-PeakNon-PeakNon-PeakNon-PeakNon-PeakNon-PeakNon-PeakNon-PeakNon-PeakNon-PeakNon-PeakNon-PeakNon-PeakNon-PeakNon-PeakNon-PeakNon-PeakNon-PeakNon-PeakNon-PeakPeakPeakPeakPeakPeakPeakPeakPeakPeakPeakPeakPeakPeakPeakPeakPeakPeakPeakPeakPeakPeakPeakPeakPeakPeakPeakPeakPeakPeakPeakPeakPeakPeakPeakPeakPeakPeakPeakPeakPeakPeakPeakPeakPeakPeakPeakPeakPeakPeakPeakPeakPeakPeakPeakPeakPeakPeakPeakPeakPeakPeakPeakPeakPeakPeakPeakPeakPeakPeakPeakPeakPeakPeakPeakPeakPeakPeakPeakPeakPeakPeakPeakPeakPeakPeakPeakPeakPeakPeakPeakPeakPeakPeakPeakPeakPeakPeakPeakPeakPeakPeakPeakPeakPeakPeakPeakPeakPeakPeakPeakPeakPeakPeakPeakPeakPeakPeakPeakPeakPeakPeakPeakPeakNon-PeakNon-PeakNon-PeakNon-PeakNon-PeakNon-PeakNon-PeakNon-PeakNon-PeakNon-PeakNon-PeakNon-PeakNon-PeakNon-PeakNon-PeakNon-PeakNon-PeakNon-PeakNon-PeakNon-PeakNon-PeakNon-PeakNon-PeakNon-PeakNon-PeakNon-PeakNon-PeakNon-PeakNon-PeakNon-PeakNon-PeakNon-PeakNon-PeakNon-PeakNon-PeakNon-PeakNon-PeakNon-PeakNon-PeakNon-PeakNon-PeakNon-PeakNon-PeakNon-PeakNon-PeakNon-PeakNon-PeakNon-PeakNon-PeakNon-PeakNon-PeakNon-PeakNon-PeakNon-PeakNon-PeakNon-PeakNon-PeakNon-PeakNon-PeakNon-PeakNon-PeakNon-PeakNon-PeakNon-PeakNon-PeakNon-PeakNon-PeakNon-PeakNon-PeakNon-PeakNon-PeakNon-PeakNon-PeakNon-PeakNon-PeakNon-PeakNon-PeakNon-PeakNon-PeakNon-PeakNon-PeakNon-PeakNon-PeakNon-PeakNon-PeakNon-PeakNon-PeakNon-PeakNon-PeakNon-PeakNon-PeakNon-PeakNon-PeakNon-PeakNon-PeakNon-PeakNon-PeakNon-PeakNon-PeakNon-PeakNon-PeakNon-PeakNon-PeakNon-PeakNon-PeakNon-PeakNon-PeakNon-PeakNon-PeakNon-PeakNon-PeakNon-PeakNon-PeakNon-PeakNon-PeakNon-PeakNon-PeakNon-PeakNon-PeakNon-PeakNon-PeakNon-PeakNon-PeakNon-PeakNon-PeakNon-PeakNon-PeakNon-PeakNon-PeakNon-PeakNon-PeakNon-PeakNon-PeakNon-PeakNon-PeakNon-PeakNon-PeakNon-PeakNon-PeakNon-PeakNon-PeakNon-PeakNon-PeakNon-PeakNon-PeakNon-PeakNon-PeakNon-PeakNon-PeakNon-PeakNon-PeakNon-PeakNon-PeakNon-PeakNon-PeakNon-PeakNon-PeakNon-PeakNon-PeakNon-PeakNon-PeakNon-PeakNon-PeakNon-PeakNon-PeakNon-PeakNon-PeakNon-PeakNon-PeakNon-PeakNon-PeakNon-PeakNon-PeakNon-PeakNon-PeakNon-PeakNon-PeakNon-PeakNon-PeakNon-PeakNon-PeakNon-PeakNon-PeakNon-PeakNon-PeakNon-PeakNon-PeakNon-PeakNon-PeakNon-PeakNon-PeakNon-PeakNon-PeakNon-PeakNon-PeakNon-PeakPeakPeakPeakPeakPeakPeakPeakPeakPeakPeakPeakPeakPeakPeakPeakPeakPeakPeakPeakPeakPeakPeakPeakPeakPeakPeakPeakPeakPeakPeakPeakPeakPeakPeakPeakPeakPeakPeakPeakPeakPeakPeakPeakPeakPeakPeakPeakPeakPeakPeakPeakPeakPeakPeakPeakPeakPeakPeakPeakPeakPeakPeakPeakPeakPeakPeakPeakPeakPeakPeakPeakPeakPeakPeakPeakPeakPeakPeakPeakPeakPeakPeakPeakPeakPeakPeakPeakPeakPeakPeakPeakPeakPeakPeakPeakPeakPeakPeakPeakPeakPeakPeakPeakPeakPeakPeakPeakPeakPeakPeakPeakPeakPeakPeakPeakPeakPeakPeakPeakPeakPeakPeakPeakPeakPeakPeakPeakPeakPeakPeakPeakPeakPeakPeakPeakPeakPeakPeakPeakPeakPeakPeakPeakPeakPeakPeakPeakPeakPeakPeakPeakPeakPeakPeakPeakPeakPeakPeakPeakPeakPeakPeakPeakNon-PeakNon-PeakNon-PeakNon-PeakNon-PeakNon-PeakNon-PeakNon-PeakNon-PeakNon-PeakNon-PeakNon-PeakNon-PeakNon-PeakNon-PeakNon-PeakNon-PeakNon-PeakNon-PeakNon-PeakNon-PeakNon-PeakNon-PeakNon-PeakNon-PeakNon-PeakNon-PeakNon-PeakNon-PeakNon-PeakNon-PeakNon-PeakNon-PeakNon-PeakNon-PeakNon-PeakNon-PeakNon-PeakNon-PeakNon-PeakNon-PeakNon-PeakNon-PeakNon-PeakNon-PeakNon-PeakNon-PeakNon-PeakNon-PeakNon-PeakNon-PeakNon-PeakNon-PeakNon-PeakNon-PeakNon-PeakNon-PeakNon-PeakNon-PeakNon-PeakNon-PeakNon-PeakNon-PeakNon-PeakNon-PeakNon-PeakNon-PeakNon-PeakNon-PeakNon-PeakNon-PeakNon-PeakNon-PeakNon-PeakNon-PeakNon-PeakNon-PeakNon-PeakNon-PeakNon-PeakNon-PeakNon-PeakNon-PeakNon-PeakNon-PeakNon-PeakNon-PeakNon-PeakNon-PeakNon-PeakNon-PeakNon-PeakNon-PeakNon-PeakNon-PeakNon-PeakNon-PeakNon-PeakNon-PeakNon-PeakNon-PeakNon-PeakNon-PeakNon-PeakNon-PeakNon-PeakNon-PeakNon-PeakNon-PeakNon-PeakNon-PeakNon-PeakNon-PeakNon-PeakNon-PeakNon-PeakNon-PeakNon-PeakNon-PeakNon-PeakNon-PeakNon-PeakNon-PeakNon-PeakNon-PeakNon-PeakNon-PeakNon-PeakNon-PeakNon-PeakNon-PeakNon-PeakNon-PeakNon-PeakNon-PeakNon-PeakNon-PeakNon-PeakNon-PeakNon-PeakNon-PeakNon-PeakNon-PeakNon-PeakNon-PeakNon-PeakNon-PeakNon-PeakNon-PeakNon-PeakNon-PeakNon-PeakNon-PeakNon-PeakNon-PeakNon-PeakNon-PeakNon-PeakNon-PeakNon-PeakNon-PeakNon-PeakNon-PeakNon-PeakNon-PeakNon-PeakNon-PeakNon-PeakNon-PeakNon-PeakNon-PeakNon-PeakNon-PeakNon-PeakNon-PeakNon-PeakNon-PeakNon-PeakNon-PeakNon-PeakNon-PeakNon-PeakNon-PeakNon-PeakNon-PeakNon-PeakNon-PeakNon-PeakNon-PeakNon-PeakNon-PeakNon-PeakNon-PeakNon-PeakNon-PeakNon-PeakNon-PeakNon-PeakNon-PeakNon-PeakNon-PeakNon-PeakNon-PeakNon-PeakNon-PeakNon-PeakNon-PeakNon-PeakNon-PeakNon-PeakNon-PeakNon-PeakNon-PeakNon-PeakNon-PeakNon-PeakNon-PeakNon-PeakNon-PeakNon-PeakNon-PeakNon-PeakNon-PeakNon-PeakNon-PeakNon-PeakNon-PeakNon-PeakNon-PeakNon-PeakNon-PeakNon-PeakNon-PeakNon-PeakNon-PeakNon-PeakNon-PeakNon-PeakNon-PeakNon-PeakNon-PeakNon-PeakNon-PeakNon-PeakNon-PeakNon-PeakNon-PeakNon-PeakNon-PeakNon-PeakNon-PeakNon-PeakNon-PeakNon-PeakNon-PeakNon-PeakNon-PeakNon-PeakNon-PeakNon-PeakNon-PeakNon-PeakNon-PeakNon-PeakNon-PeakNon-PeakNon-PeakNon-PeakNon-PeakNon-PeakNon-PeakNon-PeakNon-PeakNon-PeakNon-PeakNon-PeakNon-PeakNon-PeakNon-PeakNon-PeakNon-PeakNon-PeakNon-PeakNon-PeakNon-PeakNon-PeakNon-PeakNon-PeakNon-PeakNon-PeakNon-PeakNon-PeakNon-PeakNon-PeakNon-PeakNon-PeakNon-PeakNon-PeakNon-PeakNon-PeakNon-PeakNon-PeakNon-PeakNon-PeakNon-PeakNon-PeakNon-PeakNon-PeakNon-PeakNon-PeakNon-PeakNon-PeakNon-PeakNon-PeakNon-PeakNon-PeakNon-PeakNon-PeakNon-PeakNon-PeakNon-PeakNon-PeakNon-PeakNon-PeakNon-PeakNon-PeakNon-PeakPeakPeakPeakPeakPeakPeakPeakPeakPeakPeakPeakPeakPeakPeakPeakPeakPeakPeakPeakPeakPeakPeakPeakPeakPeakPeakPeakPeakPeakPeakPeakPeakPeakPeakPeakPeakPeakPeakPeakPeakPeakPeakPeakPeakPeakPeakPeakPeakPeakPeakPeakPeakPeakPeakPeakPeakPeakPeakPeakPeakPeakPeakPeakPeakPeakPeakPeakPeakPeakPeakPeakPeakPeakPeakPeakPeakPeakPeakPeakPeakPeakPeakPeakPeakPeakPeakPeakPeakPeakPeakPeakPeakPeakPeakPeakPeakPeakPeakPeakPeakPeakPeakPeakPeakPeakPeakPeakPeakPeakPeakPeakPeakPeakPeakPeakPeakPeakPeakPeakPeakPeakPeakPeakPeakPeakPeakPeakPeakPeakPeakPeakPeakPeakPeakPeakPeakPeakPeakPeakPeakPeakNon-PeakNon-PeakNon-PeakNon-PeakNon-PeakNon-PeakNon-PeakNon-PeakNon-PeakNon-PeakNon-PeakNon-PeakNon-PeakNon-PeakNon-PeakNon-PeakNon-PeakNon-PeakNon-PeakNon-PeakNon-PeakNon-PeakNon-PeakNon-PeakNon-PeakNon-PeakNon-PeakNon-PeakNon-PeakNon-PeakNon-PeakNon-PeakNon-PeakNon-PeakNon-PeakNon-PeakNon-PeakNon-PeakNon-PeakNon-PeakNon-PeakNon-PeakNon-PeakNon-PeakNon-PeakNon-PeakNon-PeakNon-PeakNon-PeakNon-PeakNon-PeakNon-PeakNon-PeakNon-PeakNon-PeakNon-PeakNon-PeakNon-PeakNon-PeakNon-PeakNon-PeakNon-PeakNon-PeakNon-PeakNon-PeakNon-PeakNon-PeakNon-PeakNon-PeakNon-PeakNon-PeakNon-PeakNon-PeakNon-PeakNon-PeakNon-PeakNon-PeakNon-PeakNon-PeakNon-PeakNon-PeakNon-PeakNon-PeakNon-PeakNon-PeakNon-PeakNon-PeakNon-PeakNon-PeakNon-PeakNon-PeakNon-PeakNon-PeakNon-PeakNon-PeakNon-PeakNon-PeakNon-PeakNon-PeakNon-PeakNon-PeakNon-PeakNon-PeakNon-PeakNon-PeakNon-PeakNon-PeakNon-PeakNon-PeakNon-PeakNon-PeakNon-PeakNon-PeakNon-PeakNon-PeakNon-PeakNon-PeakNon-PeakNon-PeakNon-PeakNon-PeakNon-PeakNon-PeakNon-PeakNon-PeakNon-PeakNon-PeakNon-PeakNon-PeakNon-PeakNon-PeakNon-PeakNon-PeakNon-PeakNon-PeakNon-PeakNon-PeakNon-PeakNon-PeakNon-PeakNon-PeakNon-PeakNon-PeakNon-PeakNon-PeakNon-PeakNon-PeakNon-PeakNon-PeakNon-PeakNon-PeakNon-PeakNon-PeakNon-PeakNon-PeakNon-PeakNon-PeakNon-PeakNon-PeakNon-PeakNon-PeakNon-PeakNon-PeakNon-PeakNon-PeakNon-PeakNon-PeakNon-PeakNon-PeakNon-PeakNon-PeakNon-PeakNon-PeakNon-PeakNon-PeakNon-PeakNon-PeakNon-PeakNon-PeakNon-PeakNon-PeakNon-PeakNon-PeakNon-PeakNon-PeakNon-PeakNon-PeakNon-PeakNon-PeakNon-PeakNon-PeakNon-PeakNon-PeakNon-PeakNon-PeakNon-PeakNon-PeakNon-PeakNon-PeakNon-PeakNon-PeakNon-PeakNon-PeakNon-PeakNon-PeakNon-PeakNon-PeakNon-PeakNon-PeakNon-PeakNon-PeakNon-PeakNon-PeakNon-PeakNon-PeakNon-PeakNon-PeakNon-PeakNon-PeakNon-PeakNon-PeakNon-PeakNon-PeakNon-PeakPeakPeakPeakPeakPeakPeakPeakPeakPeakPeakPeakPeakPeakPeakPeakPeakPeakPeakPeakPeakPeakPeakPeakPeakPeakPeakPeakPeakPeakPeakPeakPeakPeakPeakPeakPeakPeakPeakPeakPeakPeakPeakPeakPeakPeakPeakPeakPeakPeakPeakPeakPeakPeakPeakPeakPeakPeakPeakPeakPeakPeakPeakPeakPeakPeakPeakPeakPeakPeakPeakPeakPeakPeakPeakPeakPeakPeakPeakPeakPeakPeakPeakPeakPeakPeakPeakPeakPeakPeakPeakPeakPeakPeakPeakPeakPeakPeakPeakPeakPeakPeakPeakPeakPeakPeakPeakPeakPeakPeakPeakPeakPeakPeakPeakPeakPeakPeakPeakPeakPeakPeakPeakPeakPeakPeakPeakPeakPeakPeakPeakPeakPeakPeakPeakPeakPeakPeakPeakPeakPeakPeakPeakPeakPeakPeakPeakPeakPeakPeakPeakPeakPeakPeakPeakPeakPeakPeakPeakPeakPeakPeakPeakPeakPeakPeakPeakPeakPeakPeakPeakPeakPeakPeakPeakPeakPeakPeakPeakPeakPeakPeakPeakPeakPeakPeakPeakPeakNon-PeakNon-PeakNon-PeakNon-PeakNon-PeakNon-PeakNon-PeakNon-PeakNon-PeakNon-PeakNon-PeakNon-PeakNon-PeakNon-PeakNon-PeakNon-PeakNon-PeakNon-PeakNon-PeakNon-PeakNon-PeakNon-PeakNon-PeakNon-PeakNon-PeakNon-PeakNon-PeakNon-PeakNon-PeakNon-PeakNon-PeakNon-PeakNon-PeakNon-PeakNon-PeakNon-PeakNon-PeakNon-PeakNon-PeakNon-PeakNon-PeakNon-PeakNon-PeakNon-PeakNon-PeakNon-PeakNon-PeakNon-PeakNon-PeakNon-PeakNon-PeakNon-PeakNon-PeakNon-PeakNon-PeakNon-PeakNon-PeakNon-PeakNon-PeakNon-PeakNon-PeakNon-PeakNon-PeakNon-PeakNon-PeakNon-PeakNon-PeakNon-PeakNon-PeakNon-PeakNon-PeakNon-PeakNon-PeakNon-PeakNon-PeakNon-PeakNon-PeakNon-PeakNon-PeakNon-PeakNon-PeakNon-PeakNon-PeakNon-PeakNon-PeakNon-PeakNon-PeakNon-PeakNon-PeakNon-PeakNon-PeakNon-PeakNon-PeakNon-PeakNon-PeakNon-PeakNon-PeakNon-PeakNon-PeakNon-PeakNon-PeakNon-PeakNon-PeakNon-PeakNon-PeakNon-PeakNon-PeakNon-PeakNon-PeakNon-PeakNon-PeakNon-PeakNon-PeakNon-PeakNon-PeakNon-PeakNon-PeakNon-PeakNon-PeakNon-PeakNon-PeakNon-PeakNon-PeakNon-PeakNon-PeakNon-PeakNon-PeakNon-PeakNon-PeakNon-PeakNon-PeakNon-PeakNon-PeakNon-PeakNon-PeakNon-PeakNon-PeakNon-PeakNon-PeakNon-PeakNon-PeakNon-PeakNon-PeakNon-PeakNon-PeakNon-PeakNon-PeakNon-PeakNon-PeakNon-PeakNon-PeakNon-PeakNon-PeakNon-PeakNon-PeakNon-PeakNon-PeakNon-PeakNon-PeakNon-PeakNon-PeakNon-PeakNon-PeakNon-PeakNon-PeakNon-PeakNon-PeakNon-PeakNon-PeakNon-PeakNon-PeakNon-PeakNon-PeakNon-PeakNon-PeakNon-PeakNon-PeakNon-PeakNon-PeakNon-PeakNon-PeakNon-PeakNon-PeakNon-PeakNon-PeakNon-PeakNon-PeakNon-PeakNon-PeakNon-PeakNon-PeakNon-PeakNon-PeakNon-PeakNon-PeakNon-PeakNon-PeakNon-PeakNon-PeakNon-PeakNon-PeakNon-PeakNon-PeakNon-PeakNon-PeakNon-PeakNon-PeakNon-PeakNon-PeakNon-PeakNon-PeakNon-PeakNon-PeakNon-PeakNon-PeakNon-PeakNon-PeakNon-PeakNon-PeakNon-PeakNon-PeakNon-PeakNon-PeakNon-PeakNon-PeakNon-PeakNon-PeakNon-PeakNon-PeakNon-PeakNon-PeakNon-PeakNon-PeakNon-PeakNon-PeakNon-PeakNon-PeakNon-PeakNon-PeakNon-PeakNon-PeakNon-PeakNon-PeakNon-PeakNon-PeakNon-PeakNon-PeakNon-PeakNon-PeakNon-PeakNon-PeakNon-PeakNon-PeakNon-PeakNon-PeakNon-PeakNon-PeakNon-PeakNon-PeakNon-PeakNon-PeakNon-PeakNon-PeakNon-PeakNon-PeakNon-PeakNon-PeakNon-PeakNon-PeakNon-PeakNon-PeakNon-PeakNon-PeakNon-PeakNon-PeakNon-PeakNon-PeakNon-PeakNon-PeakNon-PeakNon-PeakNon-PeakNon-PeakNon-PeakNon-PeakNon-PeakNon-PeakNon-PeakNon-PeakNon-PeakNon-PeakNon-PeakNon-PeakNon-PeakNon-PeakNon-PeakNon-PeakNon-PeakNon-PeakNon-PeakNon-PeakNon-PeakNon-PeakNon-PeakNon-PeakNon-PeakNon-PeakNon-PeakNon-PeakNon-PeakNon-PeakNon-PeakNon-PeakNon-PeakNon-PeakNon-PeakPeakPeakPeakPeakPeakPeakPeakPeakPeakPeakPeakPeakPeakPeakPeakPeakPeakPeakPeakPeakPeakPeakPeakPeakPeakPeakPeakPeakPeakPeakPeakPeakPeakPeakPeakPeakPeakPeakPeakPeakPeakPeakPeakPeakPeakPeakPeakPeakPeakPeakPeakPeakPeakPeakPeakPeakPeakPeakPeakPeakPeakPeakPeakPeakPeakPeakPeakPeakPeakPeakPeakPeakPeakPeakPeakPeakPeakPeakPeakPeakPeakPeakPeakPeakPeakPeakPeakPeakPeakPeakPeakPeakPeakPeakPeakPeakPeakPeakPeakPeakPeakPeakPeakPeakPeakPeakPeakPeakPeakPeakPeakPeakPeakPeakPeakPeakPeakPeakPeakPeakPeakPeakPeakPeakPeakPeakPeakPeakPeakPeakPeakPeakPeakPeakPeakPeakPeakPeakPeakPeakPeakNon-PeakNon-PeakNon-PeakNon-PeakNon-PeakNon-PeakNon-PeakNon-PeakNon-PeakNon-PeakNon-PeakNon-PeakNon-PeakNon-PeakNon-PeakNon-PeakNon-PeakNon-PeakNon-PeakNon-PeakNon-PeakNon-PeakNon-PeakNon-PeakNon-PeakNon-PeakNon-PeakNon-PeakNon-PeakNon-PeakNon-PeakNon-PeakNon-PeakNon-PeakNon-PeakNon-PeakNon-PeakNon-PeakNon-PeakNon-PeakNon-PeakNon-PeakNon-PeakNon-PeakNon-PeakNon-PeakNon-PeakNon-PeakNon-PeakNon-PeakNon-PeakNon-PeakNon-PeakNon-PeakNon-PeakNon-PeakNon-PeakNon-PeakNon-PeakNon-PeakNon-PeakNon-PeakNon-PeakNon-PeakNon-PeakNon-PeakNon-PeakNon-PeakNon-PeakNon-PeakNon-PeakNon-PeakNon-PeakNon-PeakNon-PeakNon-PeakNon-PeakNon-PeakNon-PeakNon-PeakNon-PeakNon-PeakNon-PeakNon-PeakNon-PeakNon-PeakNon-PeakNon-PeakNon-PeakNon-PeakNon-PeakNon-PeakNon-PeakNon-PeakNon-PeakNon-PeakNon-PeakNon-PeakNon-PeakNon-PeakNon-PeakNon-PeakNon-PeakNon-PeakNon-PeakNon-PeakNon-PeakNon-PeakNon-PeakNon-PeakNon-PeakNon-PeakNon-PeakNon-PeakNon-PeakNon-PeakNon-PeakNon-PeakNon-PeakNon-PeakNon-PeakNon-PeakNon-PeakNon-PeakNon-PeakNon-PeakNon-PeakNon-PeakNon-PeakNon-PeakNon-PeakNon-PeakNon-PeakNon-PeakNon-PeakNon-PeakNon-PeakNon-PeakNon-PeakNon-PeakNon-PeakNon-PeakNon-PeakNon-PeakNon-PeakNon-PeakNon-PeakNon-PeakNon-PeakNon-PeakNon-PeakNon-PeakNon-PeakNon-PeakNon-PeakNon-PeakNon-PeakNon-PeakNon-PeakNon-PeakNon-PeakNon-PeakNon-PeakNon-PeakNon-PeakNon-PeakNon-PeakNon-PeakNon-PeakNon-PeakNon-PeakNon-PeakNon-PeakNon-PeakNon-PeakNon-PeakNon-PeakNon-PeakNon-PeakNon-PeakNon-PeakNon-PeakNon-PeakNon-PeakNon-PeakNon-PeakNon-PeakNon-PeakNon-PeakNon-PeakNon-PeakNon-PeakNon-PeakNon-PeakNon-PeakNon-PeakNon-PeakNon-PeakNon-PeakNon-PeakNon-PeakNon-PeakNon-PeakNon-PeakNon-PeakNon-PeakNon-PeakNon-PeakNon-PeakNon-PeakNon-PeakNon-PeakNon-PeakNon-PeakNon-PeakNon-PeakNon-PeakNon-PeakNon-PeakNon-PeakPeakPeakPeakPeakPeakPeakPeakPeakPeakPeakPeakPeakPeakPeakPeakPeakPeakPeakPeakPeakPeakPeakPeakPeakPeakPeakPeakPeakPeakPeakPeakPeakPeakPeakPeakPeakPeakPeakPeakPeakPeakPeakPeakPeakPeakPeakPeakPeakPeakPeakPeakPeakPeakPeakPeakPeakPeakPeakPeakPeakPeakPeakPeakPeakPeakPeakPeakPeakPeakPeakPeakPeakPeakPeakPeakPeakPeakPeakPeakPeakPeakPeakPeakPeakPeakPeakPeakPeakPeakPeakPeakPeakPeakPeakPeakPeakPeakPeakPeakPeakPeakPeakPeakPeakPeakPeakPeakPeakPeakPeakPeakPeakPeakPeakPeakPeakPeakPeakPeakPeakPeakPeakPeakPeakPeakPeakPeakPeakPeakPeakPeakPeakPeakPeakPeakPeakPeakPeakPeakPeakPeakPeakPeakPeakPeakPeakPeakPeakPeakPeakPeakPeakPeakPeakPeakPeakPeakPeakPeakNon-PeakNon-PeakNon-PeakNon-PeakNon-PeakNon-PeakNon-PeakNon-PeakNon-PeakNon-PeakNon-PeakNon-PeakNon-PeakNon-PeakNon-PeakNon-PeakNon-PeakNon-PeakNon-PeakNon-PeakNon-PeakNon-PeakNon-PeakNon-PeakNon-PeakNon-PeakNon-PeakNon-PeakNon-PeakNon-PeakNon-PeakNon-PeakNon-PeakNon-PeakNon-PeakNon-PeakNon-PeakNon-PeakNon-PeakNon-PeakNon-PeakNon-PeakNon-PeakNon-PeakNon-PeakNon-PeakNon-PeakNon-PeakNon-PeakNon-PeakNon-PeakNon-PeakNon-PeakNon-PeakNon-PeakNon-PeakNon-PeakNon-PeakNon-PeakNon-PeakNon-PeakNon-PeakNon-PeakNon-PeakNon-PeakNon-PeakNon-PeakNon-PeakNon-PeakNon-PeakNon-PeakNon-PeakNon-PeakNon-PeakNon-PeakNon-PeakNon-PeakNon-PeakNon-PeakNon-PeakNon-PeakNon-PeakNon-PeakNon-PeakNon-PeakNon-PeakNon-PeakNon-PeakNon-PeakNon-PeakNon-PeakNon-PeakNon-PeakNon-PeakNon-PeakNon-PeakNon-PeakNon-PeakNon-PeakNon-PeakNon-PeakNon-PeakNon-PeakNon-PeakNon-PeakNon-PeakNon-PeakNon-PeakNon-PeakNon-PeakNon-PeakNon-PeakNon-PeakNon-PeakNon-PeakNon-PeakNon-PeakNon-PeakNon-PeakNon-PeakNon-PeakNon-PeakNon-PeakNon-PeakNon-PeakNon-PeakNon-PeakNon-PeakNon-PeakNon-PeakNon-PeakNon-PeakNon-PeakNon-PeakNon-PeakNon-PeakNon-PeakNon-PeakNon-PeakNon-PeakNon-PeakNon-PeakNon-PeakNon-PeakNon-PeakNon-PeakNon-PeakNon-PeakNon-PeakNon-PeakNon-PeakNon-PeakNon-PeakNon-PeakNon-PeakNon-PeakNon-PeakNon-PeakNon-PeakNon-PeakNon-PeakNon-PeakNon-PeakNon-PeakNon-PeakNon-PeakNon-PeakNon-PeakNon-PeakNon-PeakNon-PeakNon-PeakNon-PeakNon-PeakNon-PeakNon-PeakNon-PeakNon-PeakNon-PeakNon-PeakNon-PeakNon-PeakNon-PeakNon-PeakNon-PeakNon-PeakNon-PeakNon-PeakNon-PeakNon-PeakNon-PeakNon-PeakNon-PeakNon-PeakNon-PeakNon-PeakNon-PeakNon-PeakNon-PeakNon-PeakNon-PeakNon-PeakNon-PeakNon-PeakNon-PeakNon-PeakNon-PeakNon-PeakNon-PeakNon-PeakNon-PeakNon-PeakNon-PeakNon-PeakNon-PeakNon-PeakNon-PeakNon-PeakNon-PeakNon-PeakNon-PeakNon-PeakNon-PeakNon-PeakNon-PeakNon-PeakNon-PeakNon-PeakNon-PeakNon-PeakNon-PeakNon-PeakNon-PeakNon-PeakNon-PeakNon-PeakNon-PeakNon-PeakNon-PeakNon-PeakNon-PeakNon-PeakNon-PeakNon-PeakNon-PeakNon-PeakNon-PeakNon-PeakNon-PeakNon-PeakNon-PeakNon-PeakNon-PeakNon-PeakNon-PeakNon-PeakNon-PeakNon-PeakNon-PeakNon-PeakNon-PeakNon-PeakNon-PeakNon-PeakNon-PeakNon-PeakNon-PeakNon-PeakNon-PeakNon-PeakNon-PeakNon-PeakNon-PeakNon-PeakNon-PeakNon-PeakNon-PeakNon-PeakNon-PeakNon-PeakNon-PeakNon-PeakNon-PeakNon-PeakNon-PeakNon-PeakNon-PeakNon-PeakNon-PeakNon-PeakNon-PeakNon-PeakNon-PeakNon-PeakNon-PeakNon-PeakNon-PeakNon-PeakNon-PeakNon-PeakNon-PeakNon-PeakNon-PeakNon-PeakNon-PeakNon-PeakNon-PeakNon-PeakNon-PeakNon-PeakNon-PeakNon-PeakNon-PeakNon-PeakNon-PeakNon-PeakNon-PeakNon-PeakNon-PeakNon-PeakNon-PeakNon-PeakNon-PeakNon-PeakNon-PeakNon-PeakNon-PeakNon-PeakNon-PeakNon-PeakNon-PeakNon-PeakPeakPeakPeakPeakPeakPeakPeakPeakPeakPeakPeakPeakPeakPeakPeakPeakPeakPeakPeakPeakPeakPeakPeakPeakPeakPeakPeakPeakPeakPeakPeakPeakPeakPeakPeakPeakPeakPeakPeakPeakPeakPeakPeakPeakPeakPeakPeakPeakPeakPeakPeakPeakPeakPeakPeakPeakPeakPeakPeakPeakPeakPeakPeakPeakPeakPeakPeakPeakPeakPeakPeakPeakPeakPeakPeakPeakPeakPeakPeakPeakPeakPeakPeakPeakPeakPeakPeakPeakPeakPeakPeakPeakPeakPeakPeakPeakPeakPeakPeakPeakPeakPeakPeakPeakPeakPeakPeakPeakPeakPeakPeakPeakPeakPeakPeakPeakPeakPeakPeakPeakPeakPeakPeakPeakPeakPeakPeakPeakPeakPeakPeakPeakPeakPeakPeakPeakPeakPeakPeakPeakPeakPeakPeakPeakPeakPeakPeakPeakPeakNon-PeakNon-PeakNon-PeakNon-PeakNon-PeakNon-PeakNon-PeakNon-PeakNon-PeakNon-PeakNon-PeakNon-PeakNon-PeakNon-PeakNon-PeakNon-PeakNon-PeakNon-PeakNon-PeakNon-PeakNon-PeakNon-PeakNon-PeakNon-PeakNon-PeakNon-PeakNon-PeakNon-PeakNon-PeakNon-PeakNon-PeakNon-PeakNon-PeakNon-PeakNon-PeakNon-PeakNon-PeakNon-PeakNon-PeakNon-PeakNon-PeakNon-PeakNon-PeakNon-PeakNon-PeakNon-PeakNon-PeakNon-PeakNon-PeakNon-PeakNon-PeakNon-PeakNon-PeakNon-PeakNon-PeakNon-PeakNon-PeakNon-PeakNon-PeakNon-PeakNon-PeakNon-PeakNon-PeakNon-PeakNon-PeakNon-PeakNon-PeakNon-PeakNon-PeakNon-PeakNon-PeakNon-PeakNon-PeakNon-PeakNon-PeakNon-PeakNon-PeakNon-PeakNon-PeakNon-PeakNon-PeakNon-PeakNon-PeakNon-PeakNon-PeakNon-PeakNon-PeakNon-PeakNon-PeakNon-PeakNon-PeakNon-PeakNon-PeakNon-PeakNon-PeakNon-PeakNon-PeakNon-PeakNon-PeakNon-PeakNon-PeakNon-PeakNon-PeakNon-PeakNon-PeakNon-PeakNon-PeakNon-PeakNon-PeakNon-PeakNon-PeakNon-PeakNon-PeakNon-PeakNon-PeakNon-PeakNon-PeakNon-PeakNon-PeakNon-PeakNon-PeakNon-PeakNon-PeakNon-PeakNon-PeakNon-PeakNon-PeakNon-PeakNon-PeakNon-PeakNon-PeakNon-PeakNon-PeakNon-PeakNon-PeakNon-PeakNon-PeakNon-PeakNon-PeakNon-PeakNon-PeakNon-PeakNon-PeakNon-PeakNon-PeakNon-PeakNon-PeakNon-PeakNon-PeakNon-PeakNon-PeakNon-PeakNon-PeakNon-PeakNon-PeakNon-PeakNon-PeakNon-PeakNon-PeakNon-PeakNon-PeakNon-PeakNon-PeakNon-PeakNon-PeakNon-PeakNon-PeakNon-PeakNon-PeakNon-PeakNon-PeakNon-PeakNon-PeakNon-PeakNon-PeakNon-PeakNon-PeakNon-PeakNon-PeakNon-PeakNon-PeakNon-PeakNon-PeakNon-PeakNon-PeakNon-PeakNon-PeakNon-PeakNon-PeakNon-PeakNon-PeakNon-PeakNon-PeakPeakPeakPeakPeakPeakPeakPeakPeakPeakPeakPeakPeakPeakPeakPeakPeakPeakPeakPeakPeakPeakPeakPeakPeakPeakPeakPeakPeakPeakPeakPeakPeakPeakPeakPeakPeakPeakPeakPeakPeakPeakPeakPeakPeakPeakPeakPeakPeakPeakPeakPeakPeakPeakPeakPeakPeakPeakPeakPeakPeakPeakPeakPeakPeakPeakPeakPeakPeakPeakPeakPeakPeakPeakPeakPeakPeakPeakPeakPeakPeakPeakPeakPeakPeakPeakPeakPeakPeakPeakPeakPeakPeakPeakPeakPeakPeakPeakPeakPeakPeakPeakPeakPeakPeakPeakPeakPeakPeakPeakPeakPeakPeakPeakPeakPeakPeakPeakPeakPeakPeakPeakPeakPeakPeakPeakPeakPeakPeakPeakPeakPeakPeakPeakPeakPeakPeakPeakPeakPeakPeakPeakPeakPeakPeakPeakPeakPeakPeakPeakPeakPeakPeakPeakPeakPeakPeakPeakPeakPeakPeakPeakPeakPeakPeakPeakPeakPeakPeakPeakPeakPeakPeakPeakPeakNon-PeakNon-PeakNon-PeakNon-PeakNon-PeakNon-PeakNon-PeakNon-PeakNon-PeakNon-PeakNon-PeakNon-PeakNon-PeakNon-PeakNon-PeakNon-PeakNon-PeakNon-PeakNon-PeakNon-PeakNon-PeakNon-PeakNon-PeakNon-PeakNon-PeakNon-PeakNon-PeakNon-PeakNon-PeakNon-PeakNon-PeakNon-PeakNon-PeakNon-PeakNon-PeakNon-PeakNon-PeakNon-PeakNon-PeakNon-PeakNon-PeakNon-PeakNon-PeakNon-PeakNon-PeakNon-PeakNon-PeakNon-PeakNon-PeakNon-PeakNon-PeakNon-PeakNon-PeakNon-PeakNon-PeakNon-PeakNon-PeakNon-PeakNon-PeakNon-PeakNon-PeakNon-PeakNon-PeakNon-PeakNon-PeakNon-PeakNon-PeakNon-PeakNon-PeakNon-PeakNon-PeakNon-PeakNon-PeakNon-PeakNon-PeakNon-PeakNon-PeakNon-PeakNon-PeakNon-PeakNon-PeakNon-PeakNon-PeakNon-PeakNon-PeakNon-PeakNon-PeakNon-PeakNon-PeakNon-PeakNon-PeakNon-PeakNon-PeakNon-PeakNon-PeakNon-PeakNon-PeakNon-PeakNon-PeakNon-PeakNon-PeakNon-PeakNon-PeakNon-PeakNon-PeakNon-PeakNon-PeakNon-PeakNon-PeakNon-PeakNon-PeakNon-PeakNon-PeakNon-PeakNon-PeakNon-PeakNon-PeakNon-PeakNon-PeakNon-PeakNon-PeakNon-PeakNon-PeakNon-PeakNon-PeakNon-PeakNon-PeakNon-PeakNon-PeakNon-PeakNon-PeakNon-PeakNon-PeakNon-PeakNon-PeakNon-PeakNon-PeakNon-PeakNon-PeakNon-PeakNon-PeakNon-PeakNon-PeakNon-PeakNon-PeakNon-PeakNon-PeakNon-PeakNon-PeakNon-PeakNon-PeakNon-PeakNon-PeakNon-PeakNon-PeakNon-PeakNon-PeakNon-PeakNon-PeakNon-PeakNon-PeakNon-PeakNon-PeakNon-PeakNon-PeakNon-PeakNon-PeakNon-PeakNon-PeakNon-PeakNon-PeakNon-PeakNon-PeakNon-PeakNon-PeakNon-PeakNon-PeakNon-PeakNon-PeakNon-PeakNon-PeakNon-PeakNon-PeakNon-PeakNon-PeakNon-PeakNon-PeakNon-PeakNon-PeakNon-PeakNon-PeakNon-PeakNon-PeakNon-PeakNon-PeakNon-PeakNon-PeakNon-PeakNon-PeakNon-PeakNon-PeakNon-PeakNon-PeakNon-PeakNon-PeakNon-PeakNon-PeakNon-PeakNon-PeakNon-PeakNon-PeakNon-PeakNon-PeakNon-PeakNon-PeakNon-PeakNon-PeakNon-PeakNon-PeakNon-PeakNon-PeakNon-PeakNon-PeakNon-PeakNon-PeakNon-PeakNon-PeakNon-PeakNon-PeakNon-PeakNon-PeakNon-PeakNon-PeakNon-PeakNon-PeakNon-PeakNon-PeakNon-PeakNon-PeakNon-PeakNon-PeakNon-PeakNon-PeakNon-PeakNon-PeakNon-PeakNon-PeakNon-PeakNon-PeakNon-PeakNon-PeakNon-PeakNon-PeakNon-PeakNon-PeakNon-PeakNon-PeakNon-PeakNon-PeakNon-PeakNon-PeakNon-PeakNon-PeakNon-PeakNon-PeakNon-PeakNon-PeakNon-PeakNon-PeakNon-PeakNon-PeakNon-PeakNon-PeakNon-PeakNon-PeakNon-PeakNon-PeakNon-PeakNon-PeakNon-PeakNon-PeakNon-PeakNon-PeakNon-PeakNon-PeakNon-PeakNon-PeakNon-PeakNon-PeakNon-PeakNon-PeakNon-PeakNon-PeakNon-PeakNon-PeakNon-PeakNon-PeakNon-PeakNon-PeakNon-PeakNon-PeakNon-PeakNon-PeakNon-PeakNon-PeakNon-PeakNon-PeakNon-PeakNon-PeakNon-PeakNon-PeakNon-PeakNon-PeakNon-PeakNon-PeakNon-PeakNon-PeakNon-PeakNon-PeakNon-PeakNon-PeakNon-PeakNon-PeakNon-PeakNon-PeakNon-PeakNon-PeakNon-PeakNon-PeakPeakPeakPeakPeakPeakPeakPeakPeakPeakPeakPeakPeakPeakPeakPeakPeakPeakPeakPeakPeakPeakPeakPeakPeakPeakPeakPeakPeakPeakPeakPeakPeakPeakPeakPeakPeakPeakPeakPeakPeakPeakPeakPeakPeakPeakPeakPeakPeakPeakPeakPeakPeakPeakPeakPeakPeakPeakPeakPeakPeakPeakPeakPeakPeakPeakPeakPeakPeakPeakPeakPeakPeakPeakPeakPeakPeakPeakPeakPeakPeakPeakPeakPeakPeakPeakPeakPeakPeakPeakPeakPeakPeakPeakPeakPeakPeakPeakPeakPeakPeakPeakPeakPeakPeakPeakPeakPeakPeakPeakPeakPeakPeakPeakPeakPeakPeakPeakPeakPeakPeakPeakPeakPeakPeakPeakPeakPeakPeakPeakPeakPeakPeakPeakPeakPeakPeakPeakNon-PeakNon-PeakNon-PeakNon-PeakNon-PeakNon-PeakNon-PeakNon-PeakNon-PeakNon-PeakNon-PeakNon-PeakNon-PeakNon-PeakNon-PeakNon-PeakNon-PeakNon-PeakNon-PeakNon-PeakNon-PeakNon-PeakNon-PeakNon-PeakNon-PeakNon-PeakNon-PeakNon-PeakNon-PeakNon-PeakNon-PeakNon-PeakNon-PeakNon-PeakNon-PeakNon-PeakNon-PeakNon-PeakNon-PeakNon-PeakNon-PeakNon-PeakNon-PeakNon-PeakNon-PeakNon-PeakNon-PeakNon-PeakNon-PeakNon-PeakNon-PeakNon-PeakNon-PeakNon-PeakNon-PeakNon-PeakNon-PeakNon-PeakNon-PeakNon-PeakNon-PeakNon-PeakNon-PeakNon-PeakNon-PeakNon-PeakNon-PeakNon-PeakNon-PeakNon-PeakNon-PeakNon-PeakNon-PeakNon-PeakNon-PeakNon-PeakNon-PeakNon-PeakNon-PeakNon-PeakNon-PeakNon-PeakNon-PeakNon-PeakNon-PeakNon-PeakNon-PeakNon-PeakNon-PeakNon-PeakNon-PeakNon-PeakNon-PeakNon-PeakNon-PeakNon-PeakNon-PeakNon-PeakNon-PeakNon-PeakNon-PeakNon-PeakNon-PeakNon-PeakNon-PeakNon-PeakNon-PeakNon-PeakNon-PeakNon-PeakNon-PeakNon-PeakNon-PeakNon-PeakNon-PeakNon-PeakNon-PeakNon-PeakNon-PeakNon-PeakNon-PeakNon-PeakNon-PeakNon-PeakNon-PeakNon-PeakNon-PeakNon-PeakNon-PeakNon-PeakNon-PeakNon-PeakNon-PeakNon-PeakNon-PeakNon-PeakNon-PeakNon-PeakNon-PeakNon-PeakNon-PeakNon-PeakNon-PeakNon-PeakNon-PeakNon-PeakNon-PeakNon-PeakNon-PeakNon-PeakNon-PeakNon-PeakNon-PeakNon-PeakNon-PeakNon-PeakNon-PeakNon-PeakNon-PeakNon-PeakNon-PeakNon-PeakNon-PeakNon-PeakNon-PeakNon-PeakNon-PeakNon-PeakNon-PeakNon-PeakNon-PeakNon-PeakNon-PeakNon-PeakNon-PeakNon-PeakNon-PeakNon-PeakNon-PeakNon-PeakNon-PeakNon-PeakNon-PeakNon-PeakNon-PeakNon-PeakNon-PeakNon-PeakNon-PeakNon-PeakNon-PeakNon-PeakNon-PeakNon-PeakNon-PeakNon-PeakNon-PeakNon-PeakNon-PeakNon-PeakNon-PeakNon-PeakNon-PeakNon-PeakNon-PeakNon-PeakNon-PeakNon-PeakNon-PeakNon-PeakNon-PeakNon-PeakNon-PeakNon-PeakNon-PeakNon-PeakNon-PeakNon-PeakNon-PeakNon-PeakPeakPeakPeakPeakPeakPeakPeakPeakPeakPeakPeakPeakPeakPeakPeakPeakPeakPeakPeakPeakPeakPeakPeakPeakPeakPeakPeakPeakPeakPeakPeakPeakPeakPeakPeakPeakPeakPeakPeakPeakPeakPeakPeakPeakPeakPeakPeakPeakPeakPeakPeakPeakPeakPeakPeakPeakPeakPeakPeakPeakPeakPeakPeakPeakPeakPeakPeakPeakPeakPeakPeakPeakPeakPeakPeakPeakPeakPeakPeakPeakPeakPeakPeakPeakPeakPeakPeakPeakPeakPeakPeakPeakPeakPeakPeakPeakPeakPeakPeakPeakPeakPeakPeakPeakPeakPeakPeakPeakPeakPeakPeakPeakPeakPeakPeakPeakPeakPeakPeakPeakPeakPeakPeakPeakPeakPeakPeakPeakPeakPeakPeakPeakPeakPeakPeakPeakPeakPeakPeakPeakPeakPeakPeakPeakPeakPeakPeakPeakPeakPeakPeakPeakPeakPeakPeakNon-PeakNon-PeakNon-PeakNon-PeakNon-PeakNon-PeakNon-PeakNon-PeakNon-PeakNon-PeakNon-PeakNon-PeakNon-PeakNon-PeakNon-PeakNon-PeakNon-PeakNon-PeakNon-PeakNon-PeakNon-PeakNon-PeakNon-PeakNon-PeakNon-PeakNon-PeakNon-PeakNon-PeakNon-PeakNon-PeakNon-PeakNon-PeakNon-PeakNon-PeakNon-PeakNon-PeakNon-PeakNon-PeakNon-PeakNon-PeakNon-PeakNon-PeakNon-PeakNon-PeakNon-PeakNon-PeakNon-PeakNon-PeakNon-PeakNon-PeakNon-PeakNon-PeakNon-PeakNon-PeakNon-PeakNon-PeakNon-PeakNon-PeakNon-PeakNon-PeakNon-PeakNon-PeakNon-PeakNon-PeakNon-PeakNon-PeakNon-PeakNon-PeakNon-PeakNon-PeakNon-PeakNon-PeakNon-PeakNon-PeakNon-PeakNon-PeakNon-PeakNon-PeakNon-PeakNon-PeakNon-PeakNon-PeakNon-PeakNon-PeakNon-PeakNon-PeakNon-PeakNon-PeakNon-PeakNon-PeakNon-PeakNon-PeakNon-PeakNon-PeakNon-PeakNon-PeakNon-PeakNon-PeakNon-PeakNon-PeakNon-PeakNon-PeakNon-PeakNon-PeakNon-PeakNon-PeakNon-PeakNon-PeakNon-PeakNon-PeakNon-PeakNon-PeakNon-PeakNon-PeakNon-PeakNon-PeakNon-PeakNon-PeakNon-PeakNon-PeakNon-PeakNon-PeakNon-PeakNon-PeakNon-PeakNon-PeakNon-PeakNon-PeakNon-PeakNon-PeakNon-PeakNon-PeakNon-PeakNon-PeakNon-PeakNon-PeakNon-PeakNon-PeakNon-PeakNon-PeakNon-PeakNon-PeakNon-PeakNon-PeakNon-PeakNon-PeakNon-PeakNon-PeakNon-PeakNon-PeakNon-PeakNon-PeakNon-PeakNon-PeakNon-PeakNon-PeakNon-PeakNon-PeakNon-PeakNon-PeakNon-PeakNon-PeakNon-PeakNon-PeakNon-PeakNon-PeakNon-PeakNon-PeakNon-PeakNon-PeakNon-PeakNon-PeakNon-PeakNon-PeakNon-PeakNon-PeakNon-PeakNon-PeakNon-PeakNon-PeakNon-PeakNon-PeakNon-PeakNon-PeakNon-PeakNon-PeakNon-PeakNon-PeakNon-PeakNon-PeakNon-PeakNon-PeakNon-PeakNon-PeakNon-PeakNon-PeakNon-PeakNon-PeakNon-PeakNon-PeakNon-PeakNon-PeakNon-PeakNon-PeakNon-PeakNon-PeakNon-PeakNon-PeakNon-PeakNon-PeakNon-PeakNon-PeakNon-PeakNon-PeakNon-PeakNon-PeakNon-PeakNon-PeakNon-PeakNon-PeakNon-PeakNon-PeakNon-PeakNon-PeakNon-PeakNon-PeakNon-PeakNon-PeakNon-PeakNon-PeakNon-PeakNon-PeakNon-PeakNon-PeakNon-PeakNon-PeakNon-PeakNon-PeakNon-PeakNon-PeakNon-PeakNon-PeakNon-PeakNon-PeakNon-PeakNon-PeakNon-PeakNon-PeakNon-PeakNon-PeakNon-PeakNon-PeakNon-PeakNon-PeakNon-PeakNon-PeakNon-PeakNon-PeakNon-PeakNon-PeakNon-PeakNon-PeakNon-PeakNon-PeakNon-PeakNon-PeakNon-PeakNon-PeakNon-PeakNon-PeakNon-PeakNon-PeakNon-PeakNon-PeakNon-PeakNon-PeakNon-PeakNon-PeakNon-PeakNon-PeakNon-PeakNon-PeakNon-PeakNon-PeakNon-PeakNon-PeakNon-PeakNon-PeakNon-PeakNon-PeakNon-PeakNon-PeakNon-PeakNon-PeakNon-PeakNon-PeakNon-PeakNon-PeakNon-PeakNon-PeakNon-PeakNon-PeakNon-PeakNon-PeakNon-PeakNon-PeakNon-PeakNon-PeakNon-PeakNon-PeakPeakPeakPeakPeakPeakPeakPeakPeakPeakPeakPeakPeakPeakPeakPeakPeakPeakPeakPeakPeakPeakPeakPeakPeakPeakPeakPeakPeakPeakPeakPeakPeakPeakPeakPeakPeakPeakPeakPeakPeakPeakPeakPeakPeakPeakPeakPeakPeakPeakPeakPeakPeakPeakPeakPeakPeakPeakPeakPeakPeakPeakPeakPeakPeakPeakPeakPeakPeakPeakPeakPeakPeakPeakPeakPeakPeakPeakPeakPeakPeakPeakPeakPeakPeakPeakPeakPeakPeakPeakPeakPeakPeakPeakPeakPeakPeakPeakPeakPeakPeakPeakPeakPeakPeakPeakPeakPeakPeakPeakPeakPeakPeakPeakPeakPeakPeakPeakPeakPeakPeakPeakPeakPeakPeakPeakPeakPeakPeakPeakPeakPeakPeakPeakPeakPeakPeakPeakPeakPeakPeakPeakPeakPeakPeakPeakPeakPeakPeakPeakPeakPeakNon-PeakNon-PeakNon-PeakNon-PeakNon-PeakNon-PeakNon-PeakNon-PeakNon-PeakNon-PeakNon-PeakNon-PeakNon-PeakNon-PeakNon-PeakNon-PeakNon-PeakNon-PeakNon-PeakNon-PeakNon-PeakNon-PeakNon-PeakNon-PeakNon-PeakNon-PeakNon-PeakNon-PeakNon-PeakNon-PeakNon-PeakNon-PeakNon-PeakNon-PeakNon-PeakNon-PeakNon-PeakNon-PeakNon-PeakNon-PeakNon-PeakNon-PeakNon-PeakNon-PeakNon-PeakNon-PeakNon-PeakNon-PeakNon-PeakNon-PeakNon-PeakNon-PeakNon-PeakNon-PeakNon-PeakNon-PeakNon-PeakNon-PeakNon-PeakNon-PeakNon-PeakNon-PeakNon-PeakNon-PeakNon-PeakNon-PeakNon-PeakNon-PeakNon-PeakNon-PeakNon-PeakNon-PeakNon-PeakNon-PeakNon-PeakNon-PeakNon-PeakNon-PeakNon-PeakNon-PeakNon-PeakNon-PeakNon-PeakNon-PeakNon-PeakNon-PeakNon-PeakNon-PeakNon-PeakNon-PeakNon-PeakNon-PeakNon-PeakNon-PeakNon-PeakNon-PeakNon-PeakNon-PeakNon-PeakNon-PeakNon-PeakNon-PeakNon-PeakNon-PeakNon-PeakNon-PeakNon-PeakNon-PeakNon-PeakNon-PeakNon-PeakNon-PeakNon-PeakNon-PeakNon-PeakNon-PeakNon-PeakNon-PeakNon-PeakNon-PeakNon-PeakNon-PeakNon-PeakNon-PeakNon-PeakNon-PeakNon-PeakNon-PeakNon-PeakNon-PeakNon-PeakNon-PeakNon-PeakNon-PeakNon-PeakNon-PeakNon-PeakNon-PeakNon-PeakNon-PeakNon-PeakNon-PeakNon-PeakNon-PeakNon-PeakNon-PeakNon-PeakNon-PeakNon-PeakNon-PeakNon-PeakNon-PeakNon-PeakNon-PeakNon-PeakNon-PeakNon-PeakNon-PeakNon-PeakNon-PeakNon-PeakNon-PeakNon-PeakNon-PeakNon-PeakNon-PeakNon-PeakNon-PeakNon-PeakNon-PeakNon-PeakNon-PeakNon-PeakNon-PeakNon-PeakNon-PeakNon-PeakNon-PeakNon-PeakNon-PeakNon-PeakNon-PeakNon-PeakNon-PeakNon-PeakNon-PeakNon-PeakNon-PeakNon-PeakNon-PeakNon-PeakNon-PeakNon-PeakNon-PeakNon-PeakNon-PeakNon-PeakNon-PeakNon-PeakNon-PeakNon-PeakNon-PeakNon-PeakNon-PeakNon-PeakNon-PeakNon-PeakNon-PeakNon-PeakPeakPeakPeakPeakPeakPeakPeakPeakPeakPeakPeakPeakPeakPeakPeakPeakPeakPeakPeakPeakPeakPeakPeakPeakPeakPeakPeakPeakPeakPeakPeakPeakPeakPeakPeakPeakPeakPeakPeakPeakPeakPeakPeakPeakPeakPeakPeakPeakPeakPeakPeakPeakPeakPeakPeakPeakPeakPeakPeakPeakPeakPeakPeakPeakPeakPeakPeakPeakPeakPeakPeakPeakPeakPeakPeakPeakPeakPeakPeakPeakPeakPeakPeakPeakPeakPeakPeakPeakPeakPeakPeakPeakPeakPeakPeakPeakPeakPeakPeakPeakPeakPeakPeakPeakPeakPeakPeakPeakPeakPeakPeakPeakPeakPeakPeakPeakPeakPeakPeakPeakPeakPeakPeakPeakPeakPeakPeakPeakPeakPeakPeakPeakPeakPeakPeakPeakPeakPeakPeakPeakPeakPeakPeakPeakPeakPeakPeakPeakPeakPeakPeakPeakPeakPeakPeakPeakPeakPeakPeakPeakPeakPeakPeakPeakPeakPeakPeakPeakPeakPeakPeakPeakNon-PeakNon-PeakNon-PeakNon-PeakNon-PeakNon-PeakNon-PeakNon-PeakNon-PeakNon-PeakNon-PeakNon-PeakNon-PeakNon-PeakNon-PeakNon-PeakNon-PeakNon-PeakNon-PeakNon-PeakNon-PeakNon-PeakNon-PeakNon-PeakNon-PeakNon-PeakNon-PeakNon-PeakNon-PeakNon-PeakNon-PeakNon-PeakNon-PeakNon-PeakNon-PeakNon-PeakNon-PeakNon-PeakNon-PeakNon-PeakNon-PeakNon-PeakNon-PeakNon-PeakNon-PeakNon-PeakNon-PeakNon-PeakNon-PeakNon-PeakNon-PeakNon-PeakNon-PeakNon-PeakNon-PeakNon-PeakNon-PeakNon-PeakNon-PeakNon-PeakNon-PeakNon-PeakNon-PeakNon-PeakNon-PeakNon-PeakNon-PeakNon-PeakNon-PeakNon-PeakNon-PeakNon-PeakNon-PeakNon-PeakNon-PeakNon-PeakNon-PeakNon-PeakNon-PeakNon-PeakNon-PeakNon-PeakNon-PeakNon-PeakNon-PeakNon-PeakNon-PeakNon-PeakNon-PeakNon-PeakNon-PeakNon-PeakNon-PeakNon-PeakNon-PeakNon-PeakNon-PeakNon-PeakNon-PeakNon-PeakNon-PeakNon-PeakNon-PeakNon-PeakNon-PeakNon-PeakNon-PeakNon-PeakNon-PeakNon-PeakNon-PeakNon-PeakNon-PeakNon-PeakNon-PeakNon-PeakNon-PeakNon-PeakNon-PeakNon-PeakNon-PeakNon-PeakNon-PeakNon-PeakNon-PeakNon-PeakNon-PeakNon-PeakNon-PeakNon-PeakNon-PeakNon-PeakNon-PeakNon-PeakNon-PeakNon-PeakNon-PeakNon-PeakNon-PeakNon-PeakNon-PeakNon-PeakNon-PeakNon-PeakNon-PeakNon-PeakNon-PeakNon-PeakNon-PeakNon-PeakNon-PeakNon-PeakNon-PeakNon-PeakNon-PeakNon-PeakNon-PeakNon-PeakNon-PeakNon-PeakNon-PeakNon-PeakNon-PeakNon-PeakNon-PeakNon-PeakNon-PeakNon-PeakNon-PeakNon-PeakNon-PeakNon-PeakNon-PeakNon-PeakNon-PeakNon-PeakNon-PeakNon-PeakNon-PeakNon-PeakNon-PeakNon-PeakNon-PeakNon-PeakNon-PeakNon-PeakNon-PeakNon-PeakNon-PeakNon-PeakNon-PeakNon-PeakNon-PeakNon-PeakNon-PeakNon-PeakNon-PeakNon-PeakNon-PeakNon-PeakNon-PeakNon-PeakNon-PeakNon-PeakNon-PeakNon-PeakNon-PeakNon-PeakNon-PeakNon-PeakNon-PeakNon-PeakNon-PeakNon-PeakNon-PeakNon-PeakNon-PeakNon-PeakNon-PeakNon-PeakNon-PeakNon-PeakNon-PeakNon-PeakNon-PeakNon-PeakNon-PeakNon-PeakNon-PeakNon-PeakNon-PeakNon-PeakNon-PeakNon-PeakNon-PeakNon-PeakNon-PeakNon-PeakNon-PeakNon-PeakNon-PeakNon-PeakNon-PeakNon-PeakNon-PeakNon-PeakNon-PeakNon-PeakNon-PeakNon-PeakNon-PeakNon-PeakNon-PeakNon-PeakNon-PeakNon-PeakNon-PeakNon-PeakNon-PeakNon-PeakNon-PeakNon-PeakNon-PeakNon-PeakNon-PeakNon-PeakNon-PeakNon-PeakNon-PeakNon-PeakNon-PeakNon-PeakNon-PeakNon-PeakNon-PeakNon-PeakNon-PeakNon-PeakNon-PeakNon-PeakNon-PeakNon-PeakNon-PeakNon-PeakNon-PeakNon-PeakNon-PeakNon-PeakNon-PeakNon-PeakNon-PeakNon-PeakNon-PeakNon-PeakNon-PeakNon-PeakNon-PeakNon-PeakNon-PeakNon-PeakNon-PeakNon-PeakNon-PeakNon-PeakNon-PeakNon-PeakNon-PeakNon-PeakNon-PeakPeakPeakPeakPeakPeakPeakPeakPeakPeakPeakPeakPeakPeakPeakPeakPeakPeakPeakPeakPeakPeakPeakPeakPeakPeakPeakPeakPeakPeakPeakPeakPeakPeakPeakPeakPeakPeakPeakPeakPeakPeakPeakPeakPeakPeakPeakPeakPeakPeakPeakPeakPeakPeakPeakPeakPeakPeakPeakPeakPeakPeakPeakPeakPeakPeakPeakPeakPeakPeakPeakPeakPeakPeakPeakPeakPeakPeakPeakPeakPeakPeakPeakPeakPeakPeakPeakPeakPeakPeakPeakPeakPeakPeakPeakPeakPeakPeakPeakPeakPeakPeakPeakPeakPeakPeakPeakPeakPeakPeakPeakPeakPeakPeakPeakPeakPeakPeakPeakPeakPeakPeakPeakPeakPeakPeakPeakPeakNon-PeakNon-PeakNon-PeakNon-PeakNon-PeakNon-PeakNon-PeakNon-PeakNon-PeakNon-PeakNon-PeakNon-PeakNon-PeakNon-PeakNon-PeakNon-PeakNon-PeakNon-PeakNon-PeakNon-PeakNon-PeakNon-PeakNon-PeakNon-PeakNon-PeakNon-PeakNon-PeakNon-PeakNon-PeakNon-PeakNon-PeakNon-PeakNon-PeakNon-PeakNon-PeakNon-PeakNon-PeakNon-PeakNon-PeakNon-PeakNon-PeakNon-PeakNon-PeakNon-PeakNon-PeakNon-PeakNon-PeakNon-PeakNon-PeakNon-PeakNon-PeakNon-PeakNon-PeakNon-PeakNon-PeakNon-PeakNon-PeakNon-PeakNon-PeakNon-PeakNon-PeakNon-PeakNon-PeakNon-PeakNon-PeakNon-PeakNon-PeakNon-PeakNon-PeakNon-PeakNon-PeakNon-PeakNon-PeakNon-PeakNon-PeakNon-PeakNon-PeakNon-PeakNon-PeakNon-PeakNon-PeakNon-PeakNon-PeakNon-PeakNon-PeakNon-PeakNon-PeakNon-PeakNon-PeakNon-PeakNon-PeakNon-PeakNon-PeakNon-PeakNon-PeakNon-PeakNon-PeakNon-PeakNon-PeakNon-PeakNon-PeakNon-PeakNon-PeakNon-PeakNon-PeakNon-PeakNon-PeakNon-PeakNon-PeakNon-PeakNon-PeakNon-PeakNon-PeakNon-PeakNon-PeakNon-PeakNon-PeakNon-PeakNon-PeakNon-PeakNon-PeakNon-PeakNon-PeakNon-PeakNon-PeakNon-PeakNon-PeakNon-PeakNon-PeakNon-PeakNon-PeakNon-PeakNon-PeakNon-PeakNon-PeakNon-PeakNon-PeakNon-PeakNon-PeakNon-PeakNon-PeakNon-PeakNon-PeakNon-PeakNon-PeakNon-PeakNon-PeakNon-PeakNon-PeakNon-PeakNon-PeakNon-PeakNon-PeakNon-PeakNon-PeakNon-PeakNon-PeakNon-PeakNon-PeakNon-PeakNon-PeakNon-PeakNon-PeakNon-PeakNon-PeakNon-PeakNon-PeakNon-PeakNon-PeakNon-PeakNon-PeakNon-PeakNon-PeakNon-PeakNon-PeakNon-PeakNon-PeakNon-PeakNon-PeakNon-PeakNon-PeakNon-PeakNon-PeakNon-PeakNon-PeakNon-PeakNon-PeakNon-PeakNon-PeakNon-PeakNon-PeakNon-PeakNon-PeakNon-PeakNon-PeakNon-PeakNon-PeakNon-PeakNon-PeakNon-PeakPeakPeakPeakPeakPeakPeakPeakPeakPeakPeakPeakPeakPeakPeakPeakPeakPeakPeakPeakPeakPeakPeakPeakPeakPeakPeakPeakPeakPeakPeakPeakPeakPeakPeakPeakPeakPeakPeakPeakPeakPeakPeakPeakPeakPeakPeakPeakPeakPeakPeakPeakPeakPeakPeakPeakPeakPeakPeakPeakPeakPeakPeakPeakPeakPeakPeakPeakPeakPeakPeakPeakPeakPeakPeakPeakPeakPeakPeakPeakPeakPeakPeakPeakPeakPeakPeakPeakPeakPeakPeakPeakPeakPeakPeakPeakPeakPeakPeakPeakPeakPeakPeakPeakPeakPeakPeakPeakPeakPeakPeakPeakPeakPeakPeakPeakPeakPeakPeakPeakPeakPeakPeakPeakPeakPeakPeakPeakPeakPeakPeakPeakPeakPeakPeakPeakPeakPeakPeakPeakPeakPeakPeakPeakPeakPeakPeakPeakPeakPeakPeakPeakPeakPeakPeakPeakPeakPeakPeakPeakPeakPeakPeakPeakPeakPeakPeakNon-PeakNon-PeakNon-PeakNon-PeakNon-PeakNon-PeakNon-PeakNon-PeakNon-PeakNon-PeakNon-PeakNon-PeakNon-PeakNon-PeakNon-PeakNon-PeakNon-PeakNon-PeakNon-PeakNon-PeakNon-PeakNon-PeakNon-PeakNon-PeakNon-PeakNon-PeakNon-PeakNon-PeakNon-PeakNon-PeakNon-PeakNon-PeakNon-PeakNon-PeakNon-PeakNon-PeakNon-PeakNon-PeakNon-PeakNon-PeakNon-PeakNon-PeakNon-PeakNon-PeakNon-PeakNon-PeakNon-PeakNon-PeakNon-PeakNon-PeakNon-PeakNon-PeakNon-PeakNon-PeakNon-PeakNon-PeakNon-PeakNon-PeakNon-PeakNon-PeakNon-PeakNon-PeakNon-PeakNon-PeakNon-PeakNon-PeakNon-PeakNon-PeakNon-PeakNon-PeakNon-PeakNon-PeakNon-PeakNon-PeakNon-PeakNon-PeakNon-PeakNon-PeakNon-PeakNon-PeakNon-PeakNon-PeakNon-PeakNon-PeakNon-PeakNon-PeakNon-PeakNon-PeakNon-PeakNon-PeakNon-PeakNon-PeakNon-PeakNon-PeakNon-PeakNon-PeakNon-PeakNon-PeakNon-PeakNon-PeakNon-PeakNon-PeakNon-PeakNon-PeakNon-PeakNon-PeakNon-PeakNon-PeakNon-PeakNon-PeakNon-PeakNon-PeakNon-PeakNon-PeakNon-PeakNon-PeakNon-PeakNon-PeakNon-PeakNon-PeakNon-PeakNon-PeakNon-PeakNon-PeakNon-PeakNon-PeakNon-PeakNon-PeakNon-PeakNon-PeakNon-PeakNon-PeakNon-PeakNon-PeakNon-PeakNon-PeakNon-PeakNon-PeakNon-PeakNon-PeakNon-PeakNon-PeakNon-PeakNon-PeakNon-PeakNon-PeakNon-PeakNon-PeakNon-PeakNon-PeakNon-PeakNon-PeakNon-PeakNon-PeakNon-PeakNon-PeakNon-PeakNon-PeakNon-PeakNon-PeakNon-PeakNon-PeakNon-PeakNon-PeakNon-PeakNon-PeakNon-PeakNon-PeakNon-PeakNon-PeakNon-PeakNon-PeakNon-PeakNon-PeakNon-PeakNon-PeakNon-PeakNon-PeakNon-PeakNon-PeakNon-PeakNon-PeakNon-PeakNon-PeakNon-PeakNon-PeakNon-PeakNon-PeakNon-PeakNon-PeakNon-PeakNon-PeakNon-PeakNon-PeakNon-PeakNon-PeakNon-PeakNon-PeakNon-PeakNon-PeakNon-PeakNon-PeakNon-PeakNon-PeakNon-PeakNon-PeakNon-PeakNon-PeakNon-PeakNon-PeakNon-PeakNon-PeakNon-PeakNon-PeakNon-PeakNon-PeakNon-PeakNon-PeakNon-PeakNon-PeakNon-PeakNon-PeakNon-PeakNon-PeakNon-PeakNon-PeakNon-PeakNon-PeakNon-PeakNon-PeakNon-PeakNon-PeakNon-PeakNon-PeakNon-PeakNon-PeakNon-PeakNon-PeakNon-PeakNon-PeakNon-PeakNon-PeakNon-PeakNon-PeakNon-PeakNon-PeakNon-PeakNon-PeakNon-PeakNon-PeakNon-PeakNon-PeakNon-PeakNon-PeakNon-PeakNon-PeakNon-PeakNon-PeakNon-PeakNon-PeakNon-PeakNon-PeakNon-PeakNon-PeakNon-PeakNon-PeakNon-PeakNon-PeakNon-PeakNon-PeakNon-PeakNon-PeakNon-PeakNon-PeakNon-PeakNon-PeakNon-PeakNon-PeakNon-PeakNon-PeakNon-PeakNon-PeakNon-PeakNon-PeakNon-PeakNon-PeakNon-PeakNon-PeakNon-PeakNon-PeakNon-PeakNon-PeakNon-PeakNon-PeakNon-PeakNon-PeakNon-PeakPeakPeakPeakPeakPeakPeakPeakPeakPeakPeakPeakPeakPeakPeakPeakPeakPeakPeakPeakPeakPeakPeakPeakPeakPeakPeakPeakPeakPeakPeakPeakPeakPeakPeakPeakPeakPeakPeakPeakPeakPeakPeakPeakPeakPeakPeakPeakPeakPeakPeakPeakPeakPeakPeakPeakPeakPeakPeakPeakPeakPeakPeakPeakPeakPeakPeakPeakPeakPeakPeakPeakPeakPeakPeakPeakPeakPeakPeakPeakPeakPeakPeakPeakPeakPeakPeakPeakPeakPeakPeakPeakPeakPeakPeakPeakPeakPeakPeakPeakPeakPeakPeakPeakPeakPeakPeakPeakPeakPeakPeakPeakPeakPeakPeakPeakPeakPeakPeakPeakPeakPeakPeakPeakPeakPeakPeakPeakPeakPeakPeakPeakPeakPeakPeakPeakPeakPeakPeakPeakPeakPeakPeakPeakPeakPeakPeakPeakPeakNon-PeakNon-PeakNon-PeakNon-PeakNon-PeakNon-PeakNon-PeakNon-PeakNon-PeakNon-PeakNon-PeakNon-PeakNon-PeakNon-PeakNon-PeakNon-PeakNon-PeakNon-PeakNon-PeakNon-PeakNon-PeakNon-PeakNon-PeakNon-PeakNon-PeakNon-PeakNon-PeakNon-PeakNon-PeakNon-PeakNon-PeakNon-PeakNon-PeakNon-PeakNon-PeakNon-PeakNon-PeakNon-PeakNon-PeakNon-PeakNon-PeakNon-PeakNon-PeakNon-PeakNon-PeakNon-PeakNon-PeakNon-PeakNon-PeakNon-PeakNon-PeakNon-PeakNon-PeakNon-PeakNon-PeakNon-PeakNon-PeakNon-PeakNon-PeakNon-PeakNon-PeakNon-PeakNon-PeakNon-PeakNon-PeakNon-PeakNon-PeakNon-PeakNon-PeakNon-PeakNon-PeakNon-PeakNon-PeakNon-PeakNon-PeakNon-PeakNon-PeakNon-PeakNon-PeakNon-PeakNon-PeakNon-PeakNon-PeakNon-PeakNon-PeakNon-PeakNon-PeakNon-PeakNon-PeakNon-PeakNon-PeakNon-PeakNon-PeakNon-PeakNon-PeakNon-PeakNon-PeakNon-PeakNon-PeakNon-PeakNon-PeakNon-PeakNon-PeakNon-PeakNon-PeakNon-PeakNon-PeakNon-PeakNon-PeakNon-PeakNon-PeakNon-PeakNon-PeakNon-PeakNon-PeakNon-PeakNon-PeakNon-PeakNon-PeakNon-PeakNon-PeakNon-PeakNon-PeakNon-PeakNon-PeakNon-PeakNon-PeakNon-PeakNon-PeakNon-PeakNon-PeakNon-PeakNon-PeakNon-PeakNon-PeakNon-PeakNon-PeakNon-PeakNon-PeakNon-PeakNon-PeakNon-PeakNon-PeakNon-PeakNon-PeakNon-PeakNon-PeakNon-PeakNon-PeakNon-PeakNon-PeakNon-PeakNon-PeakNon-PeakNon-PeakNon-PeakNon-PeakNon-PeakNon-PeakNon-PeakNon-PeakNon-PeakNon-PeakNon-PeakNon-PeakNon-PeakNon-PeakNon-PeakNon-PeakNon-PeakNon-PeakNon-PeakNon-PeakNon-PeakNon-PeakNon-PeakNon-PeakNon-PeakNon-PeakNon-PeakNon-PeakNon-PeakNon-PeakNon-PeakNon-PeakNon-PeakNon-PeakPeakPeakPeakPeakPeakPeakPeakPeakPeakPeakPeakPeakPeakPeakPeakPeakPeakPeakPeakPeakPeakPeakPeakPeakPeakPeakPeakPeakPeakPeakPeakPeakPeakPeakPeakPeakPeakPeakPeakPeakPeakPeakPeakPeakPeakPeakPeakPeakPeakPeakPeakPeakPeakPeakPeakPeakPeakPeakPeakPeakPeakPeakPeakPeakPeakPeakPeakPeakPeakPeakPeakPeakPeakPeakPeakPeakPeakPeakPeakPeakPeakPeakPeakPeakPeakPeakPeakPeakPeakPeakPeakPeakPeakPeakPeakPeakPeakPeakPeakPeakPeakPeakPeakPeakPeakPeakPeakPeakPeakPeakPeakPeakPeakPeakPeakPeakPeakPeakPeakPeakPeakPeakPeakPeakPeakPeakPeakPeakPeakPeakPeakPeakPeakPeakPeakPeakPeakPeakPeakPeakPeakPeakPeakPeakPeakPeakPeakPeakPeakPeakPeakPeakPeakPeakPeakPeakPeakPeakPeakPeakPeakPeakPeakPeakPeakPeakNon-PeakNon-PeakNon-PeakNon-PeakNon-PeakNon-PeakNon-PeakNon-PeakNon-PeakNon-PeakNon-PeakNon-PeakNon-PeakNon-PeakNon-PeakNon-PeakNon-PeakNon-PeakNon-PeakNon-PeakNon-PeakNon-PeakNon-PeakNon-PeakNon-PeakNon-PeakNon-PeakNon-PeakNon-PeakNon-PeakNon-PeakNon-PeakNon-PeakNon-PeakNon-PeakNon-PeakNon-PeakNon-PeakNon-PeakNon-PeakNon-PeakNon-PeakNon-PeakNon-PeakNon-PeakNon-PeakNon-PeakNon-PeakNon-PeakNon-PeakNon-PeakNon-PeakNon-PeakNon-PeakNon-PeakNon-PeakNon-PeakNon-PeakNon-PeakNon-PeakNon-PeakNon-PeakNon-PeakNon-PeakNon-PeakNon-PeakNon-PeakNon-PeakNon-PeakNon-PeakNon-PeakNon-PeakNon-PeakNon-PeakNon-PeakNon-PeakNon-PeakNon-PeakNon-PeakNon-PeakNon-PeakNon-PeakNon-PeakNon-PeakNon-PeakNon-PeakNon-PeakNon-PeakNon-PeakNon-PeakNon-PeakNon-PeakNon-PeakNon-PeakNon-PeakNon-PeakNon-PeakNon-PeakNon-PeakNon-PeakNon-PeakNon-PeakNon-PeakNon-PeakNon-PeakNon-PeakNon-PeakNon-PeakNon-PeakNon-PeakNon-PeakNon-PeakNon-PeakNon-PeakNon-PeakNon-PeakNon-PeakNon-PeakNon-PeakNon-PeakNon-PeakNon-PeakNon-PeakNon-PeakNon-PeakNon-PeakNon-PeakNon-PeakNon-PeakNon-PeakNon-PeakNon-PeakNon-PeakNon-PeakNon-PeakNon-PeakNon-PeakNon-PeakNon-PeakNon-PeakNon-PeakNon-PeakNon-PeakNon-PeakNon-PeakNon-PeakNon-PeakNon-PeakNon-PeakNon-PeakNon-PeakNon-PeakNon-PeakNon-PeakNon-PeakNon-PeakNon-PeakNon-PeakNon-PeakNon-PeakNon-PeakNon-PeakNon-PeakNon-PeakNon-PeakNon-PeakNon-PeakNon-PeakNon-PeakNon-PeakNon-PeakNon-PeakNon-PeakNon-PeakNon-PeakNon-PeakNon-PeakNon-PeakNon-PeakNon-PeakNon-PeakNon-PeakNon-PeakNon-PeakNon-PeakNon-PeakNon-PeakNon-PeakNon-PeakNon-PeakNon-PeakNon-PeakNon-PeakNon-PeakNon-PeakNon-PeakNon-PeakNon-PeakNon-PeakNon-PeakNon-PeakNon-PeakNon-PeakNon-PeakNon-PeakNon-PeakNon-PeakNon-PeakNon-PeakNon-PeakNon-PeakNon-PeakNon-PeakNon-PeakNon-PeakNon-PeakNon-PeakNon-PeakNon-PeakNon-PeakNon-PeakNon-PeakNon-PeakNon-PeakNon-PeakNon-PeakNon-PeakNon-PeakNon-PeakNon-PeakNon-PeakNon-PeakNon-PeakNon-PeakNon-PeakNon-PeakNon-PeakNon-PeakNon-PeakNon-PeakNon-PeakNon-PeakNon-PeakNon-PeakNon-PeakNon-PeakNon-PeakNon-PeakNon-PeakNon-PeakNon-PeakNon-PeakNon-PeakNon-PeakNon-PeakNon-PeakNon-PeakNon-PeakNon-PeakNon-PeakNon-PeakNon-PeakNon-PeakNon-PeakNon-PeakNon-PeakNon-PeakNon-PeakNon-PeakNon-PeakNon-PeakNon-PeakNon-PeakNon-PeakNon-PeakNon-PeakNon-PeakNon-PeakNon-PeakNon-PeakNon-PeakNon-PeakNon-PeakNon-PeakNon-PeakNon-PeakNon-PeakNon-PeakNon-PeakNon-PeakNon-PeakNon-PeakNon-PeakNon-PeakNon-PeakNon-PeakNon-PeakNon-PeakNon-PeakNon-PeakNon-PeakPeakPeakPeakPeakPeakPeakPeakPeakPeakPeakPeakPeakPeakPeakPeakPeakPeakPeakPeakPeakPeakPeakPeakPeakPeakPeakPeakPeakPeakPeakPeakPeakPeakPeakPeakPeakPeakPeakPeakPeakPeakPeakPeakPeakPeakPeakPeakPeakPeakPeakPeakPeakPeakPeakPeakPeakPeakPeakPeakPeakPeakPeakPeakPeakPeakPeakPeakPeakPeakPeakPeakPeakPeakPeakPeakPeakPeakPeakPeakPeakPeakPeakPeakPeakPeakPeakPeakPeakPeakPeakPeakPeakPeakPeakPeakPeakPeakPeakPeakPeakPeakPeakPeakPeakPeakPeakPeakPeakPeakPeakPeakPeakPeakPeakPeakPeakPeakPeakPeakPeakPeakPeakPeakPeakPeakNon-PeakNon-PeakNon-PeakNon-PeakNon-PeakNon-PeakNon-PeakNon-PeakNon-PeakNon-PeakNon-PeakNon-PeakNon-PeakNon-PeakNon-PeakNon-PeakNon-PeakNon-PeakNon-PeakNon-PeakNon-PeakNon-PeakNon-PeakNon-PeakNon-PeakNon-PeakNon-PeakNon-PeakNon-PeakNon-PeakNon-PeakNon-PeakNon-PeakNon-PeakNon-PeakNon-PeakNon-PeakNon-PeakNon-PeakNon-PeakNon-PeakNon-PeakNon-PeakNon-PeakNon-PeakNon-PeakNon-PeakNon-PeakNon-PeakNon-PeakNon-PeakNon-PeakNon-PeakNon-PeakNon-PeakNon-PeakNon-PeakNon-PeakNon-PeakNon-PeakNon-PeakNon-PeakNon-PeakNon-PeakNon-PeakNon-PeakNon-PeakNon-PeakNon-PeakNon-PeakNon-PeakNon-PeakNon-PeakNon-PeakNon-PeakNon-PeakNon-PeakNon-PeakNon-PeakNon-PeakNon-PeakNon-PeakNon-PeakNon-PeakNon-PeakNon-PeakNon-PeakNon-PeakNon-PeakNon-PeakNon-PeakNon-PeakNon-PeakNon-PeakNon-PeakNon-PeakNon-PeakNon-PeakNon-PeakNon-PeakNon-PeakNon-PeakNon-PeakNon-PeakNon-PeakNon-PeakNon-PeakNon-PeakNon-PeakNon-PeakNon-PeakNon-PeakNon-PeakNon-PeakNon-PeakNon-PeakNon-PeakNon-PeakNon-PeakNon-PeakNon-PeakNon-PeakNon-PeakNon-PeakNon-PeakNon-PeakNon-PeakNon-PeakNon-PeakNon-PeakNon-PeakNon-PeakNon-PeakNon-PeakNon-PeakNon-PeakNon-PeakNon-PeakNon-PeakNon-PeakNon-PeakNon-PeakNon-PeakNon-PeakNon-PeakNon-PeakNon-PeakNon-PeakNon-PeakNon-PeakNon-PeakNon-PeakNon-PeakNon-PeakNon-PeakNon-PeakNon-PeakNon-PeakNon-PeakNon-PeakNon-PeakNon-PeakNon-PeakNon-PeakNon-PeakNon-PeakNon-PeakNon-PeakNon-PeakNon-PeakNon-PeakNon-PeakNon-PeakNon-PeakNon-PeakNon-PeakNon-PeakNon-PeakNon-PeakNon-PeakNon-PeakNon-PeakNon-PeakNon-PeakNon-PeakNon-PeakNon-PeakNon-PeakPeakPeakPeakPeakPeakPeakPeakPeakPeakPeakPeakPeakPeakPeakPeakPeakPeakPeakPeakPeakPeakPeakPeakPeakPeakPeakPeakPeakPeakPeakPeakPeakPeakPeakPeakPeakPeakPeakPeakPeakPeakPeakPeakPeakPeakPeakPeakPeakPeakPeakPeakPeakPeakPeakPeakPeakPeakPeakPeakPeakPeakPeakPeakPeakPeakPeakPeakPeakPeakPeakPeakPeakPeakPeakPeakPeakPeakPeakPeakPeakPeakPeakPeakPeakPeakPeakPeakPeakPeakPeakPeakPeakPeakPeakPeakPeakPeakPeakPeakPeakPeakPeakPeakPeakPeakPeakPeakPeakPeakPeakPeakPeakPeakPeakPeakPeakPeakPeakPeakPeakPeakPeakPeakPeakPeakPeakPeakPeakPeakPeakPeakPeakPeakPeakPeakPeakPeakPeakPeakPeakPeakPeakPeakPeakPeakPeakPeakPeakPeakPeakPeakPeakPeakPeakPeakPeakPeakPeakPeakPeakPeakPeakPeakPeakPeakPeakPeakPeakPeakPeakPeakPeakPeakPeakPeakPeakPeakPeakPeakPeakPeakPeakPeakPeakPeakNon-PeakNon-PeakNon-PeakNon-PeakNon-PeakNon-PeakNon-PeakNon-PeakNon-PeakNon-PeakNon-PeakNon-PeakNon-PeakNon-PeakNon-PeakNon-PeakNon-PeakNon-PeakNon-PeakNon-PeakNon-PeakNon-PeakNon-PeakNon-PeakNon-PeakNon-PeakNon-PeakNon-PeakNon-PeakNon-PeakNon-PeakNon-PeakNon-PeakNon-PeakNon-PeakNon-PeakNon-PeakNon-PeakNon-PeakNon-PeakNon-PeakNon-PeakNon-PeakNon-PeakNon-PeakNon-PeakNon-PeakNon-PeakNon-PeakNon-PeakNon-PeakNon-PeakNon-PeakNon-PeakNon-PeakNon-PeakNon-PeakNon-PeakNon-PeakNon-PeakNon-PeakNon-PeakNon-PeakNon-PeakNon-PeakNon-PeakNon-PeakNon-PeakNon-PeakNon-PeakNon-PeakNon-PeakNon-PeakNon-PeakNon-PeakNon-PeakNon-PeakNon-PeakNon-PeakNon-PeakNon-PeakNon-PeakNon-PeakNon-PeakNon-PeakNon-PeakNon-PeakNon-PeakNon-PeakNon-PeakNon-PeakNon-PeakNon-PeakNon-PeakNon-PeakNon-PeakNon-PeakNon-PeakNon-PeakNon-PeakNon-PeakNon-PeakNon-PeakNon-PeakNon-PeakNon-PeakNon-PeakNon-PeakNon-PeakNon-PeakNon-PeakNon-PeakNon-PeakNon-PeakNon-PeakNon-PeakNon-PeakNon-PeakNon-PeakNon-PeakNon-PeakNon-PeakNon-PeakNon-PeakNon-PeakNon-PeakNon-PeakNon-PeakNon-PeakNon-PeakNon-PeakNon-PeakNon-PeakNon-PeakNon-PeakNon-PeakNon-PeakNon-PeakNon-PeakNon-PeakNon-PeakNon-PeakNon-PeakNon-PeakNon-PeakNon-PeakNon-PeakNon-PeakNon-PeakNon-PeakNon-PeakNon-PeakNon-PeakNon-PeakNon-PeakNon-PeakNon-PeakNon-PeakNon-PeakNon-PeakNon-PeakNon-PeakNon-PeakNon-PeakNon-PeakNon-PeakNon-PeakNon-PeakNon-PeakNon-PeakNon-PeakNon-PeakNon-PeakNon-PeakNon-PeakNon-PeakNon-PeakNon-PeakNon-PeakNon-PeakNon-PeakNon-PeakNon-PeakNon-PeakNon-PeakNon-PeakNon-PeakNon-PeakNon-PeakNon-PeakNon-PeakNon-PeakNon-PeakNon-PeakNon-PeakNon-PeakNon-PeakNon-PeakNon-PeakNon-PeakNon-PeakNon-PeakNon-PeakNon-PeakNon-PeakNon-PeakNon-PeakNon-PeakNon-PeakNon-PeakNon-PeakNon-PeakNon-PeakNon-PeakNon-PeakNon-PeakNon-PeakNon-PeakNon-PeakNon-PeakNon-PeakNon-PeakNon-PeakNon-PeakNon-PeakNon-PeakNon-PeakNon-PeakNon-PeakNon-PeakNon-PeakNon-PeakNon-PeakNon-PeakNon-PeakNon-PeakNon-PeakNon-PeakNon-PeakNon-PeakNon-PeakNon-PeakNon-PeakNon-PeakNon-PeakNon-PeakNon-PeakNon-PeakNon-PeakNon-PeakNon-PeakNon-PeakNon-PeakNon-PeakNon-PeakNon-PeakNon-PeakNon-PeakNon-PeakNon-PeakNon-PeakNon-PeakNon-PeakNon-PeakNon-PeakNon-PeakNon-PeakNon-PeakNon-PeakNon-PeakNon-PeakNon-PeakNon-PeakNon-PeakNon-PeakNon-PeakNon-PeakNon-PeakNon-PeakNon-PeakNon-PeakNon-PeakNon-PeakNon-PeakNon-PeakNon-PeakNon-PeakNon-PeakNon-PeakNon-PeakNon-PeakNon-PeakNon-PeakNon-PeakNon-PeakNon-PeakNon-PeakNon-PeakNon-PeakNon-PeakNon-PeakNon-PeakNon-PeakNon-PeakNon-PeakNon-PeakNon-PeakNon-PeakNon-PeakPeakPeakPeakPeakPeakPeakPeakPeakPeakPeakPeakPeakPeakPeakPeakPeakPeakPeakPeakPeakPeakPeakPeakPeakPeakPeakPeakPeakPeakPeakPeakPeakPeakPeakPeakPeakPeakPeakPeakPeakPeakPeakPeakPeakPeakPeakPeakPeakPeakPeakPeakPeakPeakPeakPeakPeakPeakPeakPeakPeakPeakPeakPeakPeakPeakPeakPeakPeakPeakPeakPeakPeakPeakPeakPeakPeakPeakPeakPeakPeakPeakPeakPeakPeakPeakPeakPeakPeakPeakPeakPeakPeakPeakPeakPeakPeakPeakPeakPeakPeakPeakPeakPeakPeakPeakPeakPeakPeakPeakPeakPeakPeakPeakPeakPeakPeakPeakPeakPeakPeakPeakPeakPeakPeakPeakPeakPeakPeakPeakPeakPeakPeakPeakPeakPeakPeakPeakPeakPeakPeakPeakPeakPeakPeakPeakPeakPeakPeakPeakPeakPeakPeakPeakPeakPeakPeakPeakPeakNon-PeakNon-PeakNon-PeakNon-PeakNon-PeakNon-PeakNon-PeakNon-PeakNon-PeakNon-PeakNon-PeakNon-PeakNon-PeakNon-PeakNon-PeakNon-PeakNon-PeakNon-PeakNon-PeakNon-PeakNon-PeakNon-PeakNon-PeakNon-PeakNon-PeakNon-PeakNon-PeakNon-PeakNon-PeakNon-PeakNon-PeakNon-PeakNon-PeakNon-PeakNon-PeakNon-PeakNon-PeakNon-PeakNon-PeakNon-PeakNon-PeakNon-PeakNon-PeakNon-PeakNon-PeakNon-PeakNon-PeakNon-PeakNon-PeakNon-PeakNon-PeakNon-PeakNon-PeakNon-PeakNon-PeakNon-PeakNon-PeakNon-PeakNon-PeakNon-PeakNon-PeakNon-PeakNon-PeakNon-PeakNon-PeakNon-PeakNon-PeakNon-PeakNon-PeakNon-PeakNon-PeakNon-PeakNon-PeakNon-PeakNon-PeakNon-PeakNon-PeakNon-PeakNon-PeakNon-PeakNon-PeakNon-PeakNon-PeakNon-PeakNon-PeakNon-PeakNon-PeakNon-PeakNon-PeakNon-PeakNon-PeakNon-PeakNon-PeakNon-PeakNon-PeakNon-PeakNon-PeakNon-PeakNon-PeakNon-PeakNon-PeakNon-PeakNon-PeakNon-PeakNon-PeakNon-PeakNon-PeakNon-PeakNon-PeakNon-PeakNon-PeakNon-PeakNon-PeakNon-PeakNon-PeakNon-PeakNon-PeakNon-PeakNon-PeakNon-PeakNon-PeakNon-PeakNon-PeakNon-PeakNon-PeakNon-PeakNon-PeakNon-PeakNon-PeakNon-PeakNon-PeakNon-PeakNon-PeakNon-PeakNon-PeakNon-PeakNon-PeakNon-PeakNon-PeakNon-PeakNon-PeakNon-PeakNon-PeakNon-PeakNon-PeakNon-PeakNon-PeakNon-PeakNon-PeakNon-PeakNon-PeakNon-PeakNon-PeakNon-PeakNon-PeakNon-PeakNon-PeakNon-PeakNon-PeakNon-PeakNon-PeakNon-PeakNon-PeakNon-PeakNon-PeakNon-PeakNon-PeakNon-PeakNon-PeakNon-PeakNon-PeakNon-PeakNon-PeakNon-PeakNon-PeakNon-PeakNon-PeakNon-PeakNon-PeakNon-PeakNon-PeakNon-PeakNon-PeakNon-PeakNon-PeakNon-PeakNon-PeakNon-PeakNon-PeakNon-PeakNon-PeakNon-PeakNon-PeakNon-PeakNon-PeakNon-PeakNon-PeakNon-PeakNon-PeakNon-PeakNon-PeakNon-PeakNon-PeakNon-PeakNon-PeakNon-PeakNon-PeakNon-PeakNon-PeakNon-PeakNon-PeakNon-PeakNon-PeakNon-PeakNon-PeakNon-PeakNon-PeakNon-PeakNon-PeakNon-PeakPeakPeakPeakPeakPeakPeakPeakPeakPeakPeakPeakPeakPeakPeakPeakPeakPeakPeakPeakPeakPeakPeakPeakPeakPeakPeakPeakPeakPeakPeakPeakPeakPeakPeakPeakPeakPeakPeakPeakPeakPeakPeakPeakPeakPeakPeakPeakPeakPeakPeakPeakPeakPeakPeakPeakPeakPeakPeakPeakPeakPeakPeakPeakPeakPeakPeakPeakPeakPeakPeakPeakPeakPeakPeakPeakPeakPeakPeakPeakPeakPeakPeakPeakPeakPeakPeakPeakPeakPeakPeakPeakPeakPeakPeakPeakPeakPeakPeakPeakPeakPeakPeakPeakPeakPeakPeakPeakPeakPeakPeakPeakPeakPeakPeakPeakPeakPeakPeakPeakPeakPeakPeakPeakPeakPeakPeakPeakPeakPeakPeakPeakPeakPeakPeakPeakPeakPeakPeakPeakPeakPeakPeakPeakPeakPeakPeakPeakPeakPeakPeakPeakPeakPeakPeakPeakPeakNon-PeakNon-PeakNon-PeakNon-PeakNon-PeakNon-PeakNon-PeakNon-PeakNon-PeakNon-PeakNon-PeakNon-PeakNon-PeakNon-PeakNon-PeakNon-PeakNon-PeakNon-PeakNon-PeakNon-PeakNon-PeakNon-PeakNon-PeakNon-PeakNon-PeakNon-PeakNon-PeakNon-PeakNon-PeakNon-PeakNon-PeakNon-PeakNon-PeakNon-PeakNon-PeakNon-PeakNon-PeakNon-PeakNon-PeakNon-PeakNon-PeakNon-PeakNon-PeakNon-PeakNon-PeakNon-PeakNon-PeakNon-PeakNon-PeakNon-PeakNon-PeakNon-PeakNon-PeakNon-PeakNon-PeakNon-PeakNon-PeakNon-PeakNon-PeakNon-PeakNon-PeakNon-PeakNon-PeakNon-PeakNon-PeakNon-PeakNon-PeakNon-PeakNon-PeakNon-PeakNon-PeakNon-PeakNon-PeakNon-PeakNon-PeakNon-PeakNon-PeakNon-PeakNon-PeakNon-PeakNon-PeakNon-PeakNon-PeakNon-PeakNon-PeakNon-PeakNon-PeakNon-PeakNon-PeakNon-PeakNon-PeakNon-PeakNon-PeakNon-PeakNon-PeakNon-PeakNon-PeakNon-PeakNon-PeakNon-PeakNon-PeakNon-PeakNon-PeakNon-PeakNon-PeakNon-PeakNon-PeakNon-PeakNon-PeakNon-PeakNon-PeakNon-PeakNon-PeakNon-PeakNon-PeakNon-PeakNon-PeakNon-PeakNon-PeakNon-PeakNon-PeakNon-PeakNon-PeakNon-PeakNon-PeakNon-PeakNon-PeakNon-PeakNon-PeakNon-PeakNon-PeakNon-PeakNon-PeakNon-PeakNon-PeakNon-PeakNon-PeakNon-PeakNon-PeakNon-PeakNon-PeakNon-PeakNon-PeakNon-PeakNon-PeakNon-PeakNon-PeakNon-PeakNon-PeakNon-PeakNon-PeakNon-PeakNon-PeakNon-PeakNon-PeakNon-PeakNon-PeakNon-PeakNon-PeakNon-PeakNon-PeakNon-PeakNon-PeakNon-PeakNon-PeakNon-PeakNon-PeakNon-PeakNon-PeakNon-PeakNon-PeakNon-PeakNon-PeakNon-PeakNon-PeakNon-PeakNon-PeakNon-PeakNon-PeakNon-PeakNon-PeakNon-PeakNon-PeakNon-PeakNon-PeakNon-PeakNon-PeakNon-PeakNon-PeakNon-PeakNon-PeakNon-PeakNon-PeakNon-PeakNon-PeakNon-PeakNon-PeakNon-PeakNon-PeakNon-PeakNon-PeakNon-PeakNon-PeakNon-PeakNon-PeakNon-PeakNon-PeakNon-PeakNon-PeakNon-PeakNon-PeakNon-PeakNon-PeakNon-PeakNon-PeakNon-PeakNon-PeakNon-PeakNon-PeakNon-PeakNon-PeakNon-PeakNon-PeakNon-PeakNon-PeakNon-PeakNon-PeakNon-PeakNon-PeakNon-PeakNon-PeakNon-PeakNon-PeakNon-PeakNon-PeakNon-PeakNon-PeakNon-PeakNon-PeakNon-PeakNon-PeakNon-PeakNon-PeakNon-PeakNon-PeakNon-PeakNon-PeakNon-PeakNon-PeakNon-PeakNon-PeakNon-PeakNon-PeakNon-PeakNon-PeakNon-PeakNon-PeakNon-PeakNon-PeakNon-PeakNon-PeakNon-PeakNon-PeakNon-PeakNon-PeakNon-PeakNon-PeakNon-PeakNon-PeakNon-PeakNon-PeakNon-PeakNon-PeakNon-PeakNon-PeakNon-PeakNon-PeakNon-PeakNon-PeakNon-PeakNon-PeakNon-PeakNon-PeakNon-PeakNon-PeakNon-PeakNon-PeakNon-PeakNon-PeakNon-PeakNon-PeakNon-PeakNon-PeakNon-PeakPeakPeakPeakPeakPeakPeakPeakPeakPeakPeakPeakPeakPeakPeakPeakPeakPeakPeakPeakPeakPeakPeakPeakPeakPeakPeakPeakPeakPeakPeakPeakPeakPeakPeakPeakPeakPeakPeakPeakPeakPeakPeakPeakPeakPeakPeakPeakPeakPeakPeakPeakPeakPeakPeakPeakPeakPeakPeakPeakPeakPeakPeakPeakPeakPeakPeakPeakPeakPeakPeakPeakPeakPeakPeakPeakPeakPeakPeakPeakPeakPeakPeakPeakPeakPeakPeakPeakPeakPeakPeakPeakPeakPeakPeakPeakPeakPeakPeakPeakPeakPeakPeakPeakPeakPeakPeakPeakPeakPeakPeakPeakPeakPeakPeakPeakPeakPeakPeakPeakPeakPeakPeakPeakPeakPeakPeakPeakPeakPeakPeakPeakPeakPeakPeakPeakPeakPeakPeakPeakPeakNon-PeakNon-PeakNon-PeakNon-PeakNon-PeakNon-PeakNon-PeakNon-PeakNon-PeakNon-PeakNon-PeakNon-PeakNon-PeakNon-PeakNon-PeakNon-PeakNon-PeakNon-PeakNon-PeakNon-PeakNon-PeakNon-PeakNon-PeakNon-PeakNon-PeakNon-PeakNon-PeakNon-PeakNon-PeakNon-PeakNon-PeakNon-PeakNon-PeakNon-PeakNon-PeakNon-PeakNon-PeakNon-PeakNon-PeakNon-PeakNon-PeakNon-PeakNon-PeakNon-PeakNon-PeakNon-PeakNon-PeakNon-PeakNon-PeakNon-PeakNon-PeakNon-PeakNon-PeakNon-PeakNon-PeakNon-PeakNon-PeakNon-PeakNon-PeakNon-PeakNon-PeakNon-PeakNon-PeakNon-PeakNon-PeakNon-PeakNon-PeakNon-PeakNon-PeakNon-PeakNon-PeakNon-PeakNon-PeakNon-PeakNon-PeakNon-PeakNon-PeakNon-PeakNon-PeakNon-PeakNon-PeakNon-PeakNon-PeakNon-PeakNon-PeakNon-PeakNon-PeakNon-PeakNon-PeakNon-PeakNon-PeakNon-PeakNon-PeakNon-PeakNon-PeakNon-PeakNon-PeakNon-PeakNon-PeakNon-PeakNon-PeakNon-PeakNon-PeakNon-PeakNon-PeakNon-PeakNon-PeakNon-PeakNon-PeakNon-PeakNon-PeakNon-PeakNon-PeakNon-PeakNon-PeakNon-PeakNon-PeakNon-PeakNon-PeakNon-PeakNon-PeakNon-PeakNon-PeakNon-PeakNon-PeakNon-PeakNon-PeakNon-PeakNon-PeakNon-PeakNon-PeakNon-PeakNon-PeakNon-PeakNon-PeakNon-PeakNon-PeakNon-PeakNon-PeakNon-PeakNon-PeakNon-PeakNon-PeakNon-PeakNon-PeakNon-PeakNon-PeakNon-PeakNon-PeakNon-PeakNon-PeakNon-PeakNon-PeakNon-PeakNon-PeakNon-PeakNon-PeakNon-PeakNon-PeakNon-PeakNon-PeakNon-PeakNon-PeakNon-PeakNon-PeakNon-PeakNon-PeakNon-PeakNon-PeakNon-PeakNon-PeakNon-PeakNon-PeakNon-PeakNon-PeakNon-PeakNon-PeakNon-PeakNon-PeakNon-PeakNon-PeakNon-PeakNon-PeakNon-PeakNon-PeakNon-PeakNon-PeakNon-PeakNon-PeakNon-PeakNon-PeakNon-PeakNon-PeakNon-PeakNon-PeakNon-PeakNon-PeakNon-PeakNon-PeakNon-PeakNon-PeakNon-PeakNon-PeakNon-PeakNon-PeakNon-PeakNon-PeakNon-PeakNon-PeakNon-PeakNon-PeakNon-PeakPeakPeakPeakPeakPeakPeakPeakPeakPeakPeakPeakPeakPeakPeakPeakPeakPeakPeakPeakPeakPeakPeakPeakPeakPeakPeakPeakPeakPeakPeakPeakPeakPeakPeakPeakPeakPeakPeakPeakPeakPeakPeakPeakPeakPeakPeakPeakPeakPeakPeakPeakPeakPeakPeakPeakPeakPeakPeakPeakPeakPeakPeakPeakPeakPeakPeakPeakPeakPeakPeakPeakPeakPeakPeakPeakPeakPeakPeakPeakPeakPeakPeakPeakPeakPeakPeakPeakPeakPeakPeakPeakPeakPeakPeakPeakPeakPeakPeakPeakPeakPeakPeakPeakPeakPeakPeakPeakPeakPeakPeakPeakPeakPeakPeakPeakPeakPeakPeakPeakPeakPeakPeakPeakPeakPeakPeakPeakPeakPeakPeakPeakPeakPeakPeakPeakPeakPeakPeakPeakPeakPeakPeakPeakPeakPeakPeakPeakPeakPeakPeakPeakPeakPeakPeakPeakPeakPeakPeakPeakPeakPeakNon-PeakNon-PeakNon-PeakNon-PeakNon-PeakNon-PeakNon-PeakNon-PeakNon-PeakNon-PeakNon-PeakNon-PeakNon-PeakNon-PeakNon-PeakNon-PeakNon-PeakNon-PeakNon-PeakNon-PeakNon-PeakNon-PeakNon-PeakNon-PeakNon-PeakNon-PeakNon-PeakNon-PeakNon-PeakNon-PeakNon-PeakNon-PeakNon-PeakNon-PeakNon-PeakNon-PeakNon-PeakNon-PeakNon-PeakNon-PeakNon-PeakNon-PeakNon-PeakNon-PeakNon-PeakNon-PeakNon-PeakNon-PeakNon-PeakNon-PeakNon-PeakNon-PeakNon-PeakNon-PeakNon-PeakNon-PeakNon-PeakNon-PeakNon-PeakNon-PeakNon-PeakNon-PeakNon-PeakNon-PeakNon-PeakNon-PeakNon-PeakNon-PeakNon-PeakNon-PeakNon-PeakNon-PeakNon-PeakNon-PeakNon-PeakNon-PeakNon-PeakNon-PeakNon-PeakNon-PeakNon-PeakNon-PeakNon-PeakNon-PeakNon-PeakNon-PeakNon-PeakNon-PeakNon-PeakNon-PeakNon-PeakNon-PeakNon-PeakNon-PeakNon-PeakNon-PeakNon-PeakNon-PeakNon-PeakNon-PeakNon-PeakNon-PeakNon-PeakNon-PeakNon-PeakNon-PeakNon-PeakNon-PeakNon-PeakNon-PeakNon-PeakNon-PeakNon-PeakNon-PeakNon-PeakNon-PeakNon-PeakNon-PeakNon-PeakNon-PeakNon-PeakNon-PeakNon-PeakNon-PeakNon-PeakNon-PeakNon-PeakNon-PeakNon-PeakNon-PeakNon-PeakNon-PeakNon-PeakNon-PeakNon-PeakNon-PeakNon-PeakNon-PeakNon-PeakNon-PeakNon-PeakNon-PeakNon-PeakNon-PeakNon-PeakNon-PeakNon-PeakNon-PeakNon-PeakNon-PeakNon-PeakNon-PeakNon-PeakNon-PeakNon-PeakNon-PeakNon-PeakNon-PeakNon-PeakNon-PeakNon-PeakNon-PeakNon-PeakNon-PeakNon-PeakNon-PeakNon-PeakNon-PeakNon-PeakNon-PeakNon-PeakNon-PeakNon-PeakNon-PeakNon-PeakNon-PeakNon-PeakNon-PeakNon-PeakNon-PeakNon-PeakNon-PeakNon-PeakNon-PeakNon-PeakNon-PeakNon-PeakNon-PeakNon-PeakNon-PeakNon-PeakNon-PeakNon-PeakNon-PeakNon-PeakNon-PeakNon-PeakNon-PeakNon-PeakNon-PeakNon-PeakNon-PeakNon-PeakNon-PeakNon-PeakNon-PeakNon-PeakNon-PeakNon-PeakNon-PeakNon-PeakNon-PeakNon-PeakNon-PeakNon-PeakNon-PeakNon-PeakNon-PeakNon-PeakNon-PeakNon-PeakNon-PeakNon-PeakNon-PeakNon-PeakNon-PeakNon-PeakNon-PeakNon-PeakNon-PeakNon-PeakNon-PeakNon-PeakNon-PeakNon-PeakNon-PeakNon-PeakNon-PeakNon-PeakNon-PeakNon-PeakNon-PeakNon-PeakNon-PeakNon-PeakNon-PeakNon-PeakNon-PeakNon-PeakNon-PeakNon-PeakNon-PeakNon-PeakNon-PeakNon-PeakNon-PeakNon-PeakNon-PeakNon-PeakNon-PeakNon-PeakNon-PeakNon-PeakNon-PeakNon-PeakNon-PeakNon-PeakNon-PeakNon-PeakNon-PeakNon-PeakNon-PeakNon-PeakNon-PeakNon-PeakNon-PeakNon-PeakNon-PeakNon-PeakNon-PeakNon-PeakNon-PeakNon-PeakNon-PeakNon-PeakNon-PeakNon-PeakNon-PeakNon-PeakNon-PeakNon-PeakNon-PeakNon-PeakNon-PeakNon-PeakPeakPeakPeakPeakPeakPeakPeakPeakPeakPeakPeakPeakPeakPeakPeakPeakPeakPeakPeakPeakPeakPeakPeakPeakPeakPeakPeakPeakPeakPeakPeakPeakPeakPeakPeakPeakPeakPeakPeakPeakPeakPeakPeakPeakPeakPeakPeakPeakPeakPeakPeakPeakPeakPeakPeakPeakPeakPeakPeakPeakPeakPeakPeakPeakPeakPeakPeakPeakPeakPeakPeakPeakPeakPeakPeakPeakPeakPeakPeakPeakPeakPeakPeakPeakPeakPeakPeakPeakPeakPeakPeakPeakPeakPeakPeakPeakPeakPeakPeakPeakPeakPeakPeakPeakPeakPeakPeakPeakPeakPeakPeakPeakPeakPeakPeakPeakPeakPeakPeakNon-PeakNon-PeakNon-PeakNon-PeakNon-PeakNon-PeakNon-PeakNon-PeakNon-PeakNon-PeakNon-PeakNon-PeakNon-PeakNon-PeakNon-PeakNon-PeakNon-PeakNon-PeakNon-PeakNon-PeakNon-PeakNon-PeakNon-PeakNon-PeakNon-PeakNon-PeakNon-PeakNon-PeakNon-PeakNon-PeakNon-PeakNon-PeakNon-PeakNon-PeakNon-PeakNon-PeakNon-PeakNon-PeakNon-PeakNon-PeakNon-PeakNon-PeakNon-PeakNon-PeakNon-PeakNon-PeakNon-PeakNon-PeakNon-PeakNon-PeakNon-PeakNon-PeakNon-PeakNon-PeakNon-PeakNon-PeakNon-PeakNon-PeakNon-PeakNon-PeakNon-PeakNon-PeakNon-PeakNon-PeakNon-PeakNon-PeakNon-PeakNon-PeakNon-PeakNon-PeakNon-PeakNon-PeakNon-PeakNon-PeakNon-PeakNon-PeakNon-PeakNon-PeakNon-PeakNon-PeakNon-PeakNon-PeakNon-PeakNon-PeakNon-PeakNon-PeakNon-PeakNon-PeakNon-PeakNon-PeakNon-PeakNon-PeakNon-PeakNon-PeakNon-PeakNon-PeakNon-PeakNon-PeakNon-PeakNon-PeakNon-PeakNon-PeakNon-PeakNon-PeakNon-PeakNon-PeakNon-PeakNon-PeakNon-PeakNon-PeakNon-PeakNon-PeakNon-PeakNon-PeakNon-PeakNon-PeakNon-PeakNon-PeakNon-PeakNon-PeakNon-PeakNon-PeakNon-PeakNon-PeakNon-PeakNon-PeakNon-PeakNon-PeakNon-PeakNon-PeakNon-PeakNon-PeakNon-PeakNon-PeakNon-PeakNon-PeakNon-PeakNon-PeakNon-PeakNon-PeakNon-PeakNon-PeakNon-PeakNon-PeakNon-PeakNon-PeakNon-PeakNon-PeakNon-PeakNon-PeakNon-PeakNon-PeakNon-PeakNon-PeakNon-PeakNon-PeakNon-PeakNon-PeakNon-PeakNon-PeakNon-PeakNon-PeakNon-PeakNon-PeakNon-PeakNon-PeakNon-PeakNon-PeakNon-PeakNon-PeakNon-PeakNon-PeakNon-PeakNon-PeakNon-PeakNon-PeakNon-PeakNon-PeakNon-PeakNon-PeakNon-PeakNon-PeakNon-PeakNon-PeakNon-PeakNon-PeakNon-PeakNon-PeakNon-PeakNon-PeakNon-PeakNon-PeakNon-PeakNon-PeakNon-PeakNon-PeakNon-PeakNon-PeakNon-PeakNon-PeakNon-PeakNon-PeakNon-PeakNon-PeakNon-PeakNon-PeakNon-PeakNon-PeakNon-PeakNon-PeakNon-PeakNon-PeakNon-PeakNon-PeakNon-PeakNon-PeakNon-PeakPeakPeakPeakPeakPeakPeakPeakPeakPeakPeakPeakPeakPeakPeakPeakPeakPeakPeakPeakPeakPeakPeakPeakPeakPeakPeakPeakPeakPeakPeakPeakPeakPeakPeakPeakPeakPeakPeakPeakPeakPeakPeakPeakPeakPeakPeakPeakPeakPeakPeakPeakPeakPeakPeakPeakPeakPeakPeakPeakPeakPeakPeakPeakPeakPeakPeakPeakPeakPeakPeakPeakPeakPeakPeakPeakPeakPeakPeakPeakPeakPeakPeakPeakPeakPeakPeakPeakPeakPeakPeakPeakPeakPeakPeakPeakPeakPeakPeakPeakPeakPeakPeakPeakPeakPeakPeakPeakPeakPeakPeakPeakPeakPeakPeakPeakPeakPeakPeakPeakPeakPeakPeakPeakPeakPeakPeakPeakPeakPeakPeakPeakPeakPeakPeakPeakPeakPeakPeakPeakPeakPeakPeakPeakPeakPeakPeakPeakPeakPeakPeakPeakPeakPeakPeakPeakPeakPeakPeakPeakPeakPeakPeakPeakPeakPeakPeakPeakPeakPeakPeakPeakPeakPeakPeakPeakPeakPeakNon-PeakNon-PeakNon-PeakNon-PeakNon-PeakNon-PeakNon-PeakNon-PeakNon-PeakNon-PeakNon-PeakNon-PeakNon-PeakNon-PeakNon-PeakNon-PeakNon-PeakNon-PeakNon-PeakNon-PeakNon-PeakNon-PeakNon-PeakNon-PeakNon-PeakNon-PeakNon-PeakNon-PeakNon-PeakNon-PeakNon-PeakNon-PeakNon-PeakNon-PeakNon-PeakNon-PeakNon-PeakNon-PeakNon-PeakNon-PeakNon-PeakNon-PeakNon-PeakNon-PeakNon-PeakNon-PeakNon-PeakNon-PeakNon-PeakNon-PeakNon-PeakNon-PeakNon-PeakNon-PeakNon-PeakNon-PeakNon-PeakNon-PeakNon-PeakNon-PeakNon-PeakNon-PeakNon-PeakNon-PeakNon-PeakNon-PeakNon-PeakNon-PeakNon-PeakNon-PeakNon-PeakNon-PeakNon-PeakNon-PeakNon-PeakNon-PeakNon-PeakNon-PeakNon-PeakNon-PeakNon-PeakNon-PeakNon-PeakNon-PeakNon-PeakNon-PeakNon-PeakNon-PeakNon-PeakNon-PeakNon-PeakNon-PeakNon-PeakNon-PeakNon-PeakNon-PeakNon-PeakNon-PeakNon-PeakNon-PeakNon-PeakNon-PeakNon-PeakNon-PeakNon-PeakNon-PeakNon-PeakNon-PeakNon-PeakNon-PeakNon-PeakNon-PeakNon-PeakNon-PeakNon-PeakNon-PeakNon-PeakNon-PeakNon-PeakNon-PeakNon-PeakNon-PeakNon-PeakNon-PeakNon-PeakNon-PeakNon-PeakNon-PeakNon-PeakNon-PeakNon-PeakNon-PeakNon-PeakNon-PeakNon-PeakNon-PeakNon-PeakNon-PeakNon-PeakNon-PeakNon-PeakNon-PeakNon-PeakNon-PeakNon-PeakNon-PeakNon-PeakNon-PeakNon-PeakNon-PeakNon-PeakNon-PeakNon-PeakNon-PeakNon-PeakNon-PeakNon-PeakNon-PeakNon-PeakNon-PeakNon-PeakNon-PeakNon-PeakNon-PeakNon-PeakNon-PeakNon-PeakNon-PeakNon-PeakNon-PeakNon-PeakNon-PeakNon-PeakNon-PeakNon-PeakNon-PeakNon-PeakNon-PeakNon-PeakNon-PeakNon-PeakNon-PeakNon-PeakNon-PeakNon-PeakNon-PeakNon-PeakNon-PeakNon-PeakNon-PeakNon-PeakNon-PeakNon-PeakNon-PeakNon-PeakNon-PeakNon-PeakNon-PeakNon-PeakNon-PeakNon-PeakNon-PeakNon-PeakNon-PeakNon-PeakNon-PeakNon-PeakNon-PeakNon-PeakNon-PeakNon-PeakNon-PeakNon-PeakNon-PeakNon-PeakNon-PeakNon-PeakNon-PeakNon-PeakNon-PeakNon-PeakNon-PeakNon-PeakNon-PeakNon-PeakNon-PeakNon-PeakNon-PeakNon-PeakNon-PeakNon-PeakNon-PeakNon-PeakNon-PeakNon-PeakNon-PeakNon-PeakNon-PeakNon-PeakNon-PeakNon-PeakNon-PeakNon-PeakNon-PeakNon-PeakNon-PeakNon-PeakNon-PeakNon-PeakNon-PeakNon-PeakNon-PeakNon-PeakNon-PeakNon-PeakNon-PeakNon-PeakNon-PeakNon-PeakNon-PeakNon-PeakNon-PeakNon-PeakNon-PeakNon-PeakNon-PeakNon-PeakNon-PeakNon-PeakNon-PeakNon-PeakNon-PeakNon-PeakNon-PeakNon-PeakNon-PeakNon-PeakNon-PeakNon-PeakNon-PeakNon-PeakNon-PeakNon-PeakNon-PeakNon-PeakNon-PeakNon-PeakNon-PeakNon-PeakNon-PeakNon-PeakNon-PeakNon-PeakNon-PeakNon-PeakNon-PeakNon-PeakNon-PeakNon-PeakNon-PeakNon-PeakNon-PeakNon-PeakNon-PeakNon-PeakNon-PeakNon-PeakNon-PeakNon-PeakNon-PeakNon-PeakNon-PeakNon-PeakNon-PeakNon-PeakPeakPeakPeakPeakPeakPeakPeakPeakPeakPeakPeakPeakPeakPeakPeakPeakPeakPeakPeakPeakPeakPeakPeakPeakPeakPeakPeakPeakPeakPeakPeakPeakPeakPeakPeakPeakPeakPeakPeakPeakPeakPeakPeakPeakPeakPeakPeakPeakPeakPeakPeakPeakPeakPeakPeakPeakPeakPeakPeakPeakPeakPeakPeakPeakPeakPeakPeakPeakPeakPeakPeakPeakPeakPeakPeakPeakPeakPeakPeakPeakPeakPeakPeakPeakPeakPeakPeakPeakPeakPeakPeakPeakPeakPeakPeakPeakPeakPeakPeakPeakPeakPeakPeakPeakPeakPeakPeakPeakPeakPeakPeakPeakPeakPeakPeakPeakPeakPeakPeakPeakPeakPeakPeakPeakPeakPeakPeakPeakPeakPeakPeakPeakPeakNon-PeakNon-PeakNon-PeakNon-PeakNon-PeakNon-PeakNon-PeakNon-PeakNon-PeakNon-PeakNon-PeakNon-PeakNon-PeakNon-PeakNon-PeakNon-PeakNon-PeakNon-PeakNon-PeakNon-PeakNon-PeakNon-PeakNon-PeakNon-PeakNon-PeakNon-PeakNon-PeakNon-PeakNon-PeakNon-PeakNon-PeakNon-PeakNon-PeakNon-PeakNon-PeakNon-PeakNon-PeakNon-PeakNon-PeakNon-PeakNon-PeakNon-PeakNon-PeakNon-PeakNon-PeakNon-PeakNon-PeakNon-PeakNon-PeakNon-PeakNon-PeakNon-PeakNon-PeakNon-PeakNon-PeakNon-PeakNon-PeakNon-PeakNon-PeakNon-PeakNon-PeakNon-PeakNon-PeakNon-PeakNon-PeakNon-PeakNon-PeakNon-PeakNon-PeakNon-PeakNon-PeakNon-PeakNon-PeakNon-PeakNon-PeakNon-PeakNon-PeakNon-PeakNon-PeakNon-PeakNon-PeakNon-PeakNon-PeakNon-PeakNon-PeakNon-PeakNon-PeakNon-PeakNon-PeakNon-PeakNon-PeakNon-PeakNon-PeakNon-PeakNon-PeakNon-PeakNon-PeakNon-PeakNon-PeakNon-PeakNon-PeakNon-PeakNon-PeakNon-PeakNon-PeakNon-PeakNon-PeakNon-PeakNon-PeakNon-PeakNon-PeakNon-PeakNon-PeakNon-PeakNon-PeakNon-PeakNon-PeakNon-PeakNon-PeakNon-PeakNon-PeakNon-PeakNon-PeakNon-PeakNon-PeakNon-PeakNon-PeakNon-PeakNon-PeakNon-PeakNon-PeakNon-PeakNon-PeakNon-PeakNon-PeakNon-PeakNon-PeakNon-PeakNon-PeakNon-PeakNon-PeakNon-PeakNon-PeakNon-PeakNon-PeakNon-PeakNon-PeakNon-PeakNon-PeakNon-PeakNon-PeakNon-PeakNon-PeakNon-PeakNon-PeakNon-PeakNon-PeakNon-PeakNon-PeakNon-PeakNon-PeakNon-PeakNon-PeakNon-PeakNon-PeakNon-PeakNon-PeakNon-PeakNon-PeakNon-PeakNon-PeakNon-PeakNon-PeakNon-PeakNon-PeakNon-PeakNon-PeakNon-PeakNon-PeakNon-PeakNon-PeakNon-PeakNon-PeakNon-PeakNon-PeakNon-PeakNon-PeakNon-PeakNon-PeakNon-PeakNon-PeakNon-PeakNon-PeakNon-PeakNon-PeakNon-PeakNon-PeakNon-PeakPeakPeakPeakPeakPeakPeakPeakPeakPeakPeakPeakPeakPeakPeakPeakPeakPeakPeakPeakPeakPeakPeakPeakPeakPeakPeakPeakPeakPeakPeakPeakPeakPeakPeakPeakPeakPeakPeakPeakPeakPeakPeakPeakPeakPeakPeakPeakPeakPeakPeakPeakPeakPeakPeakPeakPeakPeakPeakPeakPeakPeakPeakPeakPeakPeakPeakPeakPeakPeakPeakPeakPeakPeakPeakPeakPeakPeakPeakPeakPeakPeakPeakPeakPeakPeakPeakPeakPeakPeakPeakPeakPeakPeakPeakPeakPeakPeakPeakPeakPeakPeakPeakPeakPeakPeakPeakPeakPeakPeakPeakPeakPeakPeakPeakPeakPeakPeakPeakPeakPeakPeakPeakPeakPeakPeakPeakPeakPeakPeakPeakPeakPeakPeakPeakPeakPeakPeakPeakPeakPeakPeakPeakPeakPeakPeakPeakPeakPeakPeakPeakPeakPeakPeakPeakPeakPeakPeakPeakPeakPeakPeakPeakPeakPeakPeakPeakPeakPeakPeakNon-PeakNon-PeakNon-PeakNon-PeakNon-PeakNon-PeakNon-PeakNon-PeakNon-PeakNon-PeakNon-PeakNon-PeakNon-PeakNon-PeakNon-PeakNon-PeakNon-PeakNon-PeakNon-PeakNon-PeakNon-PeakNon-PeakNon-PeakNon-PeakNon-PeakNon-PeakNon-PeakNon-PeakNon-PeakNon-PeakNon-PeakNon-PeakNon-PeakNon-PeakNon-PeakNon-PeakNon-PeakNon-PeakNon-PeakNon-PeakNon-PeakNon-PeakNon-PeakNon-PeakNon-PeakNon-PeakNon-PeakNon-PeakNon-PeakNon-PeakNon-PeakNon-PeakNon-PeakNon-PeakNon-PeakNon-PeakNon-PeakNon-PeakNon-PeakNon-PeakNon-PeakNon-PeakNon-PeakNon-PeakNon-PeakNon-PeakNon-PeakNon-PeakNon-PeakNon-PeakNon-PeakNon-PeakNon-PeakNon-PeakNon-PeakNon-PeakNon-PeakNon-PeakNon-PeakNon-PeakNon-PeakNon-PeakNon-PeakNon-PeakNon-PeakNon-PeakNon-PeakNon-PeakNon-PeakNon-PeakNon-PeakNon-PeakNon-PeakNon-PeakNon-PeakNon-PeakNon-PeakNon-PeakNon-PeakNon-PeakNon-PeakNon-PeakNon-PeakNon-PeakNon-PeakNon-PeakNon-PeakNon-PeakNon-PeakNon-PeakNon-PeakNon-PeakNon-PeakNon-PeakNon-PeakNon-PeakNon-PeakNon-PeakNon-PeakNon-PeakNon-PeakNon-PeakNon-PeakNon-PeakNon-PeakNon-PeakNon-PeakNon-PeakNon-PeakNon-PeakNon-PeakNon-PeakNon-PeakNon-PeakNon-PeakNon-PeakNon-PeakNon-PeakNon-PeakNon-PeakNon-PeakNon-PeakNon-PeakNon-PeakNon-PeakNon-PeakNon-PeakNon-PeakNon-PeakNon-PeakNon-PeakNon-PeakNon-PeakNon-PeakNon-PeakNon-PeakNon-PeakNon-PeakNon-PeakNon-PeakNon-PeakNon-PeakNon-PeakNon-PeakNon-PeakNon-PeakNon-PeakNon-PeakNon-PeakNon-PeakNon-PeakNon-PeakNon-PeakNon-PeakNon-PeakNon-PeakNon-PeakNon-PeakNon-PeakNon-PeakNon-PeakNon-PeakNon-PeakNon-PeakNon-PeakNon-PeakNon-PeakNon-PeakNon-PeakNon-PeakNon-PeakNon-PeakNon-PeakNon-PeakNon-PeakNon-PeakNon-PeakNon-PeakNon-PeakNon-PeakNon-PeakNon-PeakNon-PeakNon-PeakNon-PeakNon-PeakNon-PeakNon-PeakNon-PeakNon-PeakNon-PeakNon-PeakNon-PeakNon-PeakNon-PeakNon-PeakNon-PeakNon-PeakNon-PeakNon-PeakNon-PeakNon-PeakNon-PeakNon-PeakNon-PeakNon-PeakNon-PeakNon-PeakNon-PeakNon-PeakNon-PeakNon-PeakNon-PeakNon-PeakNon-PeakNon-PeakNon-PeakNon-PeakNon-PeakNon-PeakNon-PeakNon-PeakNon-PeakNon-PeakNon-PeakNon-PeakNon-PeakNon-PeakNon-PeakNon-PeakNon-PeakNon-PeakNon-PeakNon-PeakNon-PeakNon-PeakNon-PeakNon-PeakNon-PeakNon-PeakNon-PeakNon-PeakNon-PeakNon-PeakNon-PeakNon-PeakNon-PeakNon-PeakNon-PeakNon-PeakNon-PeakNon-PeakNon-PeakNon-PeakNon-PeakNon-PeakNon-PeakNon-PeakNon-PeakNon-PeakNon-PeakNon-PeakNon-PeakNon-PeakNon-PeakNon-PeakNon-PeakNon-PeakNon-PeakNon-PeakNon-PeakNon-PeakNon-PeakNon-PeakNon-PeakNon-PeakNon-PeakNon-PeakNon-PeakNon-PeakNon-PeakNon-PeakNon-PeakNon-PeakPeakPeakPeakPeakPeakPeakPeakPeakPeakPeakPeakPeakPeakPeakPeakPeakPeakPeakPeakPeakPeakPeakPeakPeakPeakPeakPeakPeakPeakPeakPeakPeakPeakPeakPeakPeakPeakPeakPeakPeakPeakPeakPeakPeakPeakPeakPeakPeakPeakPeakPeakPeakPeakPeakPeakPeakPeakPeakPeakPeakPeakPeakPeakPeakPeakPeakPeakPeakPeakPeakPeakPeakPeakPeakPeakPeakPeakPeakPeakPeakPeakPeakPeakPeakPeakPeakPeakPeakPeakPeakPeakPeakPeakPeakPeakPeakPeakPeakPeakPeakPeakPeakPeakPeakPeakPeakPeakPeakPeakPeakPeakPeakPeakPeakPeakPeakPeakPeakPeakPeakPeakPeakPeakPeakPeakPeakPeakPeakPeakPeakPeakPeakPeakPeakPeakPeakPeakPeakPeakPeakPeakPeakPeakPeakPeakPeakPeakPeakPeakPeakPeakNon-PeakNon-PeakNon-PeakNon-PeakNon-PeakNon-PeakNon-PeakNon-PeakNon-PeakNon-PeakNon-PeakNon-PeakNon-PeakNon-PeakNon-PeakNon-PeakNon-PeakNon-PeakNon-PeakNon-PeakNon-PeakNon-PeakNon-PeakNon-PeakNon-PeakNon-PeakNon-PeakNon-PeakNon-PeakNon-PeakNon-PeakNon-PeakNon-PeakNon-PeakNon-PeakNon-PeakNon-PeakNon-PeakNon-PeakNon-PeakNon-PeakNon-PeakNon-PeakNon-PeakNon-PeakNon-PeakNon-PeakNon-PeakNon-PeakNon-PeakNon-PeakNon-PeakNon-PeakNon-PeakNon-PeakNon-PeakNon-PeakNon-PeakNon-PeakNon-PeakNon-PeakNon-PeakNon-PeakNon-PeakNon-PeakNon-PeakNon-PeakNon-PeakNon-PeakNon-PeakNon-PeakNon-PeakNon-PeakNon-PeakNon-PeakNon-PeakNon-PeakNon-PeakNon-PeakNon-PeakNon-PeakNon-PeakNon-PeakNon-PeakNon-PeakNon-PeakNon-PeakNon-PeakNon-PeakNon-PeakNon-PeakNon-PeakNon-PeakNon-PeakNon-PeakNon-PeakNon-PeakNon-PeakNon-PeakNon-PeakNon-PeakNon-PeakNon-PeakNon-PeakNon-PeakNon-PeakNon-PeakNon-PeakNon-PeakNon-PeakNon-PeakNon-PeakNon-PeakNon-PeakNon-PeakNon-PeakNon-PeakNon-PeakNon-PeakNon-PeakNon-PeakNon-PeakNon-PeakNon-PeakNon-PeakNon-PeakNon-PeakNon-PeakNon-PeakNon-PeakNon-PeakNon-PeakNon-PeakNon-PeakNon-PeakNon-PeakNon-PeakNon-PeakNon-PeakNon-PeakNon-PeakNon-PeakNon-PeakNon-PeakNon-PeakNon-PeakNon-PeakNon-PeakNon-PeakNon-PeakNon-PeakNon-PeakNon-PeakNon-PeakNon-PeakNon-PeakNon-PeakNon-PeakNon-PeakNon-PeakNon-PeakNon-PeakNon-PeakNon-PeakNon-PeakNon-PeakNon-PeakNon-PeakNon-PeakNon-PeakNon-PeakNon-PeakNon-PeakNon-PeakNon-PeakNon-PeakNon-PeakNon-PeakNon-PeakNon-PeakNon-PeakNon-PeakNon-PeakNon-PeakNon-PeakNon-PeakNon-PeakNon-PeakNon-PeakNon-PeakNon-PeakNon-PeakPeakPeakPeakPeakPeakPeakPeakPeakPeakPeakPeakPeakPeakPeakPeakPeakPeakPeakPeakPeakPeakPeakPeakPeakPeakPeakPeakPeakPeakPeakPeakPeakPeakPeakPeakPeakPeakPeakPeakPeakPeakPeakPeakPeakPeakPeakPeakPeakPeakPeakPeakPeakPeakPeakPeakPeakPeakPeakPeakPeakPeakPeakPeakPeakPeakPeakPeakPeakPeakPeakPeakPeakPeakPeakPeakPeakPeakPeakPeakPeakPeakPeakPeakPeakPeakPeakPeakPeakPeakPeakPeakPeakPeakPeakPeakPeakPeakPeakPeakPeakPeakPeakPeakPeakPeakPeakPeakPeakPeakPeakPeakPeakPeakPeakPeakPeakPeakPeakPeakPeakPeakPeakPeakPeakPeakPeakPeakPeakPeakPeakPeakPeakPeakPeakPeakPeakPeakPeakPeakPeakPeakPeakPeakPeakPeakPeakPeakPeakPeakPeakPeakPeakPeakPeakPeakPeakPeakPeakPeakPeakPeakPeakPeakPeakPeakPeakPeakPeakPeakPeakPeakPeakPeakNon-PeakNon-PeakNon-PeakNon-PeakNon-PeakNon-PeakNon-PeakNon-PeakNon-PeakNon-PeakNon-PeakNon-PeakNon-PeakNon-PeakNon-PeakNon-PeakNon-PeakNon-PeakNon-PeakNon-PeakNon-PeakNon-PeakNon-PeakNon-PeakNon-PeakNon-PeakNon-PeakNon-PeakNon-PeakNon-PeakNon-PeakNon-PeakNon-PeakNon-PeakNon-PeakNon-PeakNon-PeakNon-PeakNon-PeakNon-PeakNon-PeakNon-PeakNon-PeakNon-PeakNon-PeakNon-PeakNon-PeakNon-PeakNon-PeakNon-PeakNon-PeakNon-PeakNon-PeakNon-PeakNon-PeakNon-PeakNon-PeakNon-PeakNon-PeakNon-PeakNon-PeakNon-PeakNon-PeakNon-PeakNon-PeakNon-PeakNon-PeakNon-PeakNon-PeakNon-PeakNon-PeakNon-PeakNon-PeakNon-PeakNon-PeakNon-PeakNon-PeakNon-PeakNon-PeakNon-PeakNon-PeakNon-PeakNon-PeakNon-PeakNon-PeakNon-PeakNon-PeakNon-PeakNon-PeakNon-PeakNon-PeakNon-PeakNon-PeakNon-PeakNon-PeakNon-PeakNon-PeakNon-PeakNon-PeakNon-PeakNon-PeakNon-PeakNon-PeakNon-PeakNon-PeakNon-PeakNon-PeakNon-PeakNon-PeakNon-PeakNon-PeakNon-PeakNon-PeakNon-PeakNon-PeakNon-PeakNon-PeakNon-PeakNon-PeakNon-PeakNon-PeakNon-PeakNon-PeakNon-PeakNon-PeakNon-PeakNon-PeakNon-PeakNon-PeakNon-PeakNon-PeakNon-PeakNon-PeakNon-PeakNon-PeakNon-PeakNon-PeakNon-PeakNon-PeakNon-PeakNon-PeakNon-PeakNon-PeakNon-PeakNon-PeakNon-PeakNon-PeakNon-PeakNon-PeakNon-PeakNon-PeakNon-PeakNon-PeakNon-PeakNon-PeakNon-PeakNon-PeakNon-PeakNon-PeakNon-PeakNon-PeakNon-PeakNon-PeakNon-PeakNon-PeakNon-PeakNon-PeakNon-PeakNon-PeakNon-PeakNon-PeakNon-PeakNon-PeakNon-PeakNon-PeakNon-PeakNon-PeakNon-PeakNon-PeakNon-PeakNon-PeakNon-PeakNon-PeakNon-PeakNon-PeakNon-PeakNon-PeakNon-PeakNon-PeakNon-PeakNon-PeakNon-PeakNon-PeakNon-PeakNon-PeakNon-PeakNon-PeakNon-PeakNon-PeakNon-PeakNon-PeakNon-PeakNon-PeakNon-PeakNon-PeakNon-PeakNon-PeakNon-PeakNon-PeakNon-PeakNon-PeakNon-PeakNon-PeakNon-PeakNon-PeakNon-PeakNon-PeakNon-PeakNon-PeakNon-PeakNon-PeakNon-PeakNon-PeakNon-PeakNon-PeakNon-PeakNon-PeakNon-PeakNon-PeakNon-PeakNon-PeakNon-PeakNon-PeakNon-PeakNon-PeakNon-PeakNon-PeakNon-PeakNon-PeakNon-PeakNon-PeakNon-PeakNon-PeakNon-PeakNon-PeakNon-PeakNon-PeakNon-PeakNon-PeakNon-PeakNon-PeakNon-PeakNon-PeakNon-PeakNon-PeakNon-PeakNon-PeakNon-PeakNon-PeakNon-PeakNon-PeakNon-PeakNon-PeakNon-PeakNon-PeakNon-PeakNon-PeakNon-PeakNon-PeakNon-PeakNon-PeakNon-PeakNon-PeakNon-PeakNon-PeakNon-PeakNon-PeakNon-PeakNon-PeakNon-PeakNon-PeakNon-PeakNon-PeakNon-PeakNon-PeakNon-PeakNon-PeakNon-PeakNon-PeakNon-PeakNon-PeakNon-PeakNon-PeakNon-PeakNon-PeakNon-PeakNon-PeakNon-PeakNon-PeakNon-PeakNon-PeakNon-PeakNon-PeakNon-PeakNon-PeakPeakPeakPeakPeakPeakPeakPeakPeakPeakPeakPeakPeakPeakPeakPeakPeakPeakPeakPeakPeakPeakPeakPeakPeakPeakPeakPeakPeakPeakPeakPeakPeakPeakPeakPeakPeakPeakPeakPeakPeakPeakPeakPeakPeakPeakPeakPeakPeakPeakPeakPeakPeakPeakPeakPeakPeakPeakPeakPeakPeakPeakPeakPeakPeakPeakPeakPeakPeakPeakPeakPeakPeakPeakPeakPeakPeakPeakPeakPeakPeakPeakPeakPeakPeakPeakPeakPeakPeakPeakPeakPeakPeakPeakPeakPeakPeakPeakPeakPeakPeakPeakPeakPeakPeakPeakPeakPeakPeakPeakPeakPeakPeakPeakPeakPeakPeakPeakPeakPeakPeakNon-PeakNon-PeakNon-PeakNon-PeakNon-PeakNon-PeakNon-PeakNon-PeakNon-PeakNon-PeakNon-PeakNon-PeakNon-PeakNon-PeakNon-PeakNon-PeakNon-PeakNon-PeakNon-PeakNon-PeakNon-PeakNon-PeakNon-PeakNon-PeakNon-PeakNon-PeakNon-PeakNon-PeakNon-PeakNon-PeakNon-PeakNon-PeakNon-PeakNon-PeakNon-PeakNon-PeakNon-PeakNon-PeakNon-PeakNon-PeakNon-PeakNon-PeakNon-PeakNon-PeakNon-PeakNon-PeakNon-PeakNon-PeakNon-PeakNon-PeakNon-PeakNon-PeakNon-PeakNon-PeakNon-PeakNon-PeakNon-PeakNon-PeakNon-PeakNon-PeakNon-PeakNon-PeakNon-PeakNon-PeakNon-PeakNon-PeakNon-PeakNon-PeakNon-PeakNon-PeakNon-PeakNon-PeakNon-PeakNon-PeakNon-PeakNon-PeakNon-PeakNon-PeakNon-PeakNon-PeakNon-PeakNon-PeakNon-PeakNon-PeakNon-PeakNon-PeakNon-PeakNon-PeakNon-PeakNon-PeakNon-PeakNon-PeakNon-PeakNon-PeakNon-PeakNon-PeakNon-PeakNon-PeakNon-PeakNon-PeakNon-PeakNon-PeakNon-PeakNon-PeakNon-PeakNon-PeakNon-PeakNon-PeakNon-PeakNon-PeakNon-PeakNon-PeakNon-PeakNon-PeakNon-PeakNon-PeakNon-PeakNon-PeakNon-PeakNon-PeakNon-PeakNon-PeakNon-PeakNon-PeakNon-PeakNon-PeakNon-PeakNon-PeakNon-PeakNon-PeakNon-PeakNon-PeakNon-PeakNon-PeakNon-PeakNon-PeakNon-PeakNon-PeakNon-PeakNon-PeakNon-PeakNon-PeakNon-PeakNon-PeakNon-PeakNon-PeakNon-PeakNon-PeakNon-PeakNon-PeakNon-PeakNon-PeakNon-PeakNon-PeakNon-PeakNon-PeakNon-PeakNon-PeakNon-PeakNon-PeakNon-PeakNon-PeakNon-PeakNon-PeakNon-PeakNon-PeakNon-PeakNon-PeakNon-PeakNon-PeakNon-PeakNon-PeakNon-PeakNon-PeakNon-PeakNon-PeakNon-PeakNon-PeakNon-PeakNon-PeakNon-PeakNon-PeakNon-PeakNon-PeakNon-PeakNon-PeakNon-PeakNon-PeakNon-PeakNon-PeakNon-PeakNon-PeakNon-PeakNon-PeakPeakPeakPeakPeakPeakPeakPeakPeakPeakPeakPeakPeakPeakPeakPeakPeakPeakPeakPeakPeakPeakPeakPeakPeakPeakPeakPeakPeakPeakPeakPeakPeakPeakPeakPeakPeakPeakPeakPeakPeakPeakPeakPeakPeakPeakPeakPeakPeakPeakPeakPeakPeakPeakPeakPeakPeakPeakPeakPeakPeakPeakPeakPeakPeakPeakPeakPeakPeakPeakPeakPeakPeakPeakPeakPeakPeakPeakPeakPeakPeakPeakPeakPeakPeakPeakPeakPeakPeakPeakPeakPeakPeakPeakPeakPeakPeakPeakPeakPeakPeakPeakPeakPeakPeakPeakPeakPeakPeakPeakPeakPeakPeakPeakPeakPeakPeakPeakPeakPeakPeakPeakPeakPeakPeakPeakPeakPeakPeakPeakPeakPeakPeakPeakPeakPeakPeakPeakPeakPeakPeakPeakPeakPeakPeakPeakPeakPeakPeakPeakPeakPeakPeakPeakPeakPeakPeakPeakPeakPeakPeakPeakPeakPeakPeakPeakPeakPeakPeakPeakPeakPeakPeakPeakPeakPeakPeakPeakPeakPeakPeakPeakPeakPeakPeakPeakPeakPeakPeakPeakPeakPeakPeakPeakPeakPeakPeakPeakPeakPeakPeakPeakPeakPeakPeakPeakPeakPeakPeakPeakNon-PeakNon-PeakNon-PeakNon-PeakNon-PeakNon-PeakNon-PeakNon-PeakNon-PeakNon-PeakNon-PeakNon-PeakNon-PeakNon-PeakNon-PeakNon-PeakNon-PeakNon-PeakNon-PeakNon-PeakNon-PeakNon-PeakNon-PeakNon-PeakNon-PeakNon-PeakNon-PeakNon-PeakNon-PeakNon-PeakNon-PeakNon-PeakNon-PeakNon-PeakNon-PeakNon-PeakNon-PeakNon-PeakNon-PeakNon-PeakNon-PeakNon-PeakNon-PeakNon-PeakNon-PeakNon-PeakNon-PeakNon-PeakNon-PeakNon-PeakNon-PeakNon-PeakNon-PeakNon-PeakNon-PeakNon-PeakNon-PeakNon-PeakNon-PeakNon-PeakNon-PeakNon-PeakNon-PeakNon-PeakNon-PeakNon-PeakNon-PeakNon-PeakNon-PeakNon-PeakNon-PeakNon-PeakNon-PeakNon-PeakNon-PeakNon-PeakNon-PeakNon-PeakNon-PeakNon-PeakNon-PeakNon-PeakNon-PeakNon-PeakNon-PeakNon-PeakNon-PeakNon-PeakNon-PeakNon-PeakNon-PeakNon-PeakNon-PeakNon-PeakNon-PeakNon-PeakNon-PeakNon-PeakNon-PeakNon-PeakNon-PeakNon-PeakNon-PeakNon-PeakNon-PeakNon-PeakNon-PeakNon-PeakNon-PeakNon-PeakNon-PeakNon-PeakNon-PeakNon-PeakNon-PeakNon-PeakNon-PeakNon-PeakNon-PeakNon-PeakNon-PeakNon-PeakNon-PeakNon-PeakNon-PeakNon-PeakNon-PeakNon-PeakNon-PeakNon-PeakNon-PeakNon-PeakNon-PeakNon-PeakNon-PeakNon-PeakNon-PeakNon-PeakNon-PeakNon-PeakNon-PeakNon-PeakNon-PeakNon-PeakNon-PeakNon-PeakNon-PeakNon-PeakNon-PeakNon-PeakNon-PeakNon-PeakNon-PeakNon-PeakNon-PeakNon-PeakNon-PeakNon-PeakNon-PeakNon-PeakNon-PeakNon-PeakNon-PeakNon-PeakNon-PeakNon-PeakNon-PeakNon-PeakNon-PeakNon-PeakNon-PeakNon-PeakNon-PeakNon-PeakNon-PeakNon-PeakNon-PeakNon-PeakNon-PeakNon-PeakNon-PeakNon-PeakNon-PeakNon-PeakNon-PeakNon-PeakNon-PeakNon-PeakNon-PeakNon-PeakNon-PeakNon-PeakNon-PeakNon-PeakNon-PeakNon-PeakNon-PeakNon-PeakNon-PeakNon-PeakNon-PeakNon-PeakNon-PeakNon-PeakNon-PeakNon-PeakNon-PeakNon-PeakNon-PeakNon-PeakNon-PeakNon-PeakNon-PeakNon-PeakNon-PeakNon-PeakNon-PeakNon-PeakNon-PeakNon-PeakNon-PeakNon-PeakNon-PeakNon-PeakNon-PeakNon-PeakNon-PeakNon-PeakNon-PeakNon-PeakNon-PeakNon-PeakNon-PeakNon-PeakNon-PeakNon-PeakNon-PeakNon-PeakNon-PeakNon-PeakNon-PeakNon-PeakNon-PeakNon-PeakNon-PeakNon-PeakNon-PeakNon-PeakNon-PeakNon-PeakNon-PeakNon-PeakNon-PeakNon-PeakNon-PeakNon-PeakNon-PeakNon-PeakNon-PeakNon-PeakNon-PeakNon-PeakNon-PeakNon-PeakNon-PeakNon-PeakNon-PeakNon-PeakNon-PeakNon-PeakNon-PeakNon-PeakNon-PeakNon-PeakNon-PeakNon-PeakNon-PeakNon-PeakNon-PeakNon-PeakNon-PeakNon-PeakNon-PeakNon-PeakNon-PeakNon-PeakNon-PeakNon-PeakNon-PeakNon-PeakNon-PeakNon-PeakNon-PeakNon-PeakNon-PeakNon-PeakNon-PeakNon-PeakNon-PeakNon-PeakPeakPeakPeakPeakPeakPeakPeakPeakPeakPeakPeakPeakPeakPeakPeakPeakPeakPeakPeakPeakPeakPeakPeakPeakPeakPeakPeakPeakPeakPeakPeakPeakPeakPeakPeakPeakPeakPeakPeakPeakPeakPeakPeakPeakPeakPeakPeakPeakPeakPeakPeakPeakPeakPeakPeakPeakPeakPeakPeakPeakPeakPeakPeakPeakPeakPeakPeakPeakPeakPeakPeakPeakPeakPeakPeakPeakPeakPeakPeakPeakPeakPeakPeakPeakPeakPeakPeakPeakPeakPeakPeakPeakPeakPeakPeakPeakPeakPeakPeakPeakPeakPeakPeakPeakPeakPeakPeakPeakPeakPeakPeakPeakPeakPeakPeakPeakPeakPeakPeakPeakPeakPeakPeakPeakPeakPeakPeakPeakPeakPeakPeakPeakPeakPeakPeakPeakPeakPeakPeakPeakNon-PeakNon-PeakNon-PeakNon-PeakNon-PeakNon-PeakNon-PeakNon-PeakNon-PeakNon-PeakNon-PeakNon-PeakNon-PeakNon-PeakNon-PeakNon-PeakNon-PeakNon-PeakNon-PeakNon-PeakNon-PeakNon-PeakNon-PeakNon-PeakNon-PeakNon-PeakNon-PeakNon-PeakNon-PeakNon-PeakNon-PeakNon-PeakNon-PeakNon-PeakNon-PeakNon-PeakNon-PeakNon-PeakNon-PeakNon-PeakNon-PeakNon-PeakNon-PeakNon-PeakNon-PeakNon-PeakNon-PeakNon-PeakNon-PeakNon-PeakNon-PeakNon-PeakNon-PeakNon-PeakNon-PeakNon-PeakNon-PeakNon-PeakNon-PeakNon-PeakNon-PeakNon-PeakNon-PeakNon-PeakNon-PeakNon-PeakNon-PeakNon-PeakNon-PeakNon-PeakNon-PeakNon-PeakNon-PeakNon-PeakNon-PeakNon-PeakNon-PeakNon-PeakNon-PeakNon-PeakNon-PeakNon-PeakNon-PeakNon-PeakNon-PeakNon-PeakNon-PeakNon-PeakNon-PeakNon-PeakNon-PeakNon-PeakNon-PeakNon-PeakNon-PeakNon-PeakNon-PeakNon-PeakNon-PeakNon-PeakNon-PeakNon-PeakNon-PeakNon-PeakNon-PeakNon-PeakNon-PeakNon-PeakNon-PeakNon-PeakNon-PeakNon-PeakNon-PeakNon-PeakNon-PeakNon-PeakNon-PeakNon-PeakNon-PeakNon-PeakNon-PeakNon-PeakNon-PeakNon-PeakNon-PeakNon-PeakNon-PeakNon-PeakNon-PeakNon-PeakNon-PeakNon-PeakNon-PeakNon-PeakNon-PeakNon-PeakNon-PeakNon-PeakNon-PeakNon-PeakNon-PeakNon-PeakNon-PeakNon-PeakNon-PeakNon-PeakNon-PeakNon-PeakNon-PeakNon-PeakNon-PeakNon-PeakNon-PeakNon-PeakNon-PeakNon-PeakNon-PeakNon-PeakNon-PeakNon-PeakNon-PeakNon-PeakNon-PeakNon-PeakNon-PeakNon-PeakNon-PeakNon-PeakNon-PeakNon-PeakNon-PeakNon-PeakNon-PeakNon-PeakNon-PeakNon-PeakNon-PeakNon-PeakNon-PeakNon-PeakNon-PeakNon-PeakNon-PeakNon-PeakNon-PeakNon-PeakNon-PeakNon-PeakNon-PeakNon-PeakPeakPeakPeakPeakPeakPeakPeakPeakPeakPeakPeakPeakPeakPeakPeakPeakPeakPeakPeakPeakPeakPeakPeakPeakPeakPeakPeakPeakPeakPeakPeakPeakPeakPeakPeakPeakPeakPeakPeakPeakPeakPeakPeakPeakPeakPeakPeakPeakPeakPeakPeakPeakPeakPeakPeakPeakPeakPeakPeakPeakPeakPeakPeakPeakPeakPeakPeakPeakPeakPeakPeakPeakPeakPeakPeakPeakPeakPeakPeakPeakPeakPeakPeakPeakPeakPeakPeakPeakPeakPeakPeakPeakPeakPeakPeakPeakPeakPeakPeakPeakPeakPeakPeakPeakPeakPeakPeakPeakPeakPeakPeakPeakPeakPeakPeakPeakPeakPeakPeakPeakPeakPeakPeakPeakPeakPeakPeakPeakPeakPeakPeakPeakPeakPeakPeakPeakPeakPeakPeakPeakPeakPeakPeakPeakPeakPeakPeakPeakPeakPeakPeakPeakPeakPeakPeakPeakPeakPeakPeakPeakPeakPeakPeakPeakPeakPeakPeakPeakPeakPeakPeakPeakPeakPeakPeakPeakPeakPeakPeakPeakPeakPeakPeakPeakNon-PeakNon-PeakNon-PeakNon-PeakNon-PeakNon-PeakNon-PeakNon-PeakNon-PeakNon-PeakNon-PeakNon-PeakNon-PeakNon-PeakNon-PeakNon-PeakNon-PeakNon-PeakNon-PeakNon-PeakNon-PeakNon-PeakNon-PeakNon-PeakNon-PeakNon-PeakNon-PeakNon-PeakNon-PeakNon-PeakNon-PeakNon-PeakNon-PeakNon-PeakNon-PeakNon-PeakNon-PeakNon-PeakNon-PeakNon-PeakNon-PeakNon-PeakNon-PeakNon-PeakNon-PeakNon-PeakNon-PeakNon-PeakNon-PeakNon-PeakNon-PeakNon-PeakNon-PeakNon-PeakNon-PeakNon-PeakNon-PeakNon-PeakNon-PeakNon-PeakNon-PeakNon-PeakNon-PeakNon-PeakNon-PeakNon-PeakNon-PeakNon-PeakNon-PeakNon-PeakNon-PeakNon-PeakNon-PeakNon-PeakNon-PeakNon-PeakNon-PeakNon-PeakNon-PeakNon-PeakNon-PeakNon-PeakNon-PeakNon-PeakNon-PeakNon-PeakNon-PeakNon-PeakNon-PeakNon-PeakNon-PeakNon-PeakNon-PeakNon-PeakNon-PeakNon-PeakNon-PeakNon-PeakNon-PeakNon-PeakNon-PeakNon-PeakNon-PeakNon-PeakNon-PeakNon-PeakNon-PeakNon-PeakNon-PeakNon-PeakNon-PeakNon-PeakNon-PeakNon-PeakNon-PeakNon-PeakNon-PeakNon-PeakNon-PeakNon-PeakNon-PeakNon-PeakNon-PeakNon-PeakNon-PeakNon-PeakNon-PeakNon-PeakNon-PeakNon-PeakNon-PeakNon-PeakNon-PeakNon-PeakNon-PeakNon-PeakNon-PeakNon-PeakNon-PeakNon-PeakNon-PeakNon-PeakNon-PeakNon-PeakNon-PeakNon-PeakNon-PeakNon-PeakNon-PeakNon-PeakNon-PeakNon-PeakNon-PeakNon-PeakNon-PeakNon-PeakNon-PeakNon-PeakNon-PeakNon-PeakNon-PeakNon-PeakNon-PeakNon-PeakNon-PeakNon-PeakNon-PeakNon-PeakNon-PeakNon-PeakNon-PeakNon-PeakNon-PeakNon-PeakNon-PeakNon-PeakNon-PeakNon-PeakNon-PeakNon-PeakNon-PeakNon-PeakNon-PeakNon-PeakNon-PeakNon-PeakNon-PeakNon-PeakNon-PeakNon-PeakNon-PeakNon-PeakNon-PeakNon-PeakNon-PeakNon-PeakNon-PeakNon-PeakNon-PeakNon-PeakNon-PeakNon-PeakNon-PeakNon-PeakNon-PeakNon-PeakNon-PeakNon-PeakNon-PeakNon-PeakNon-PeakNon-PeakNon-PeakNon-PeakNon-PeakNon-PeakNon-PeakNon-PeakNon-PeakNon-PeakNon-PeakNon-PeakNon-PeakNon-PeakNon-PeakNon-PeakNon-PeakNon-PeakNon-PeakNon-PeakNon-PeakNon-PeakNon-PeakNon-PeakNon-PeakNon-PeakNon-PeakNon-PeakNon-PeakNon-PeakNon-PeakNon-PeakNon-PeakNon-PeakNon-PeakNon-PeakNon-PeakNon-PeakNon-PeakNon-PeakNon-PeakNon-PeakNon-PeakNon-PeakNon-PeakNon-PeakNon-PeakNon-PeakNon-PeakNon-PeakNon-PeakNon-PeakNon-PeakNon-PeakNon-PeakNon-PeakNon-PeakNon-PeakNon-PeakNon-PeakNon-PeakNon-PeakNon-PeakNon-PeakNon-PeakNon-PeakNon-PeakNon-PeakNon-PeakNon-PeakNon-PeakNon-PeakNon-PeakNon-PeakNon-PeakNon-PeakNon-PeakNon-PeakNon-PeakNon-PeakNon-PeakNon-PeakNon-PeakNon-PeakNon-PeakNon-PeakNon-PeakNon-PeakNon-PeakNon-PeakNon-PeakNon-PeakNon-PeakNon-PeakNon-PeakNon-PeakNon-PeakNon-PeakNon-PeakNon-PeakNon-PeakNon-PeakNon-PeakPeakPeakPeakPeakPeakPeakPeakPeakPeakPeakPeakPeakPeakPeakPeakPeakPeakPeakPeakPeakPeakPeakPeakPeakPeakPeakPeakPeakPeakPeakPeakPeakPeakPeakPeakPeakPeakPeakPeakPeakPeakPeakPeakPeakPeakPeakPeakPeakPeakPeakPeakPeakPeakPeakPeakPeakPeakPeakPeakPeakPeakPeakPeakPeakPeakPeakPeakPeakPeakPeakPeakPeakPeakPeakPeakPeakPeakPeakPeakPeakPeakPeakPeakPeakPeakPeakPeakPeakPeakPeakPeakPeakPeakPeakPeakPeakPeakPeakPeakPeakPeakPeakPeakPeakPeakPeakPeakPeakPeakPeakPeakPeakPeakPeakPeakPeakPeakPeakPeakPeakPeakPeakPeakPeakPeakPeakPeakPeakPeakPeakPeakPeakPeakPeakPeakPeakPeakPeakPeakPeakPeakPeakPeakPeakPeakPeakPeakPeakPeakPeakPeakPeakPeakPeakPeakPeakPeakPeakPeakPeakPeakPeakPeakPeakPeakPeakPeakNon-PeakNon-PeakNon-PeakNon-PeakNon-PeakNon-PeakNon-PeakNon-PeakNon-PeakNon-PeakNon-PeakNon-PeakNon-PeakNon-PeakNon-PeakNon-PeakNon-PeakNon-PeakNon-PeakNon-PeakNon-PeakNon-PeakNon-PeakNon-PeakNon-PeakNon-PeakNon-PeakNon-PeakNon-PeakNon-PeakNon-PeakNon-PeakNon-PeakNon-PeakNon-PeakNon-PeakNon-PeakNon-PeakNon-PeakNon-PeakNon-PeakNon-PeakNon-PeakNon-PeakNon-PeakNon-PeakNon-PeakNon-PeakNon-PeakNon-PeakNon-PeakNon-PeakNon-PeakNon-PeakNon-PeakNon-PeakNon-PeakNon-PeakNon-PeakNon-PeakNon-PeakNon-PeakNon-PeakNon-PeakNon-PeakNon-PeakNon-PeakNon-PeakNon-PeakNon-PeakNon-PeakNon-PeakNon-PeakNon-PeakNon-PeakNon-PeakNon-PeakNon-PeakNon-PeakNon-PeakNon-PeakNon-PeakNon-PeakNon-PeakNon-PeakNon-PeakNon-PeakNon-PeakNon-PeakNon-PeakNon-PeakNon-PeakNon-PeakNon-PeakNon-PeakNon-PeakNon-PeakNon-PeakNon-PeakNon-PeakNon-PeakNon-PeakNon-PeakNon-PeakNon-PeakNon-PeakNon-PeakNon-PeakNon-PeakNon-PeakNon-PeakNon-PeakNon-PeakNon-PeakNon-PeakNon-PeakNon-PeakNon-PeakNon-PeakNon-PeakNon-PeakNon-PeakNon-PeakNon-PeakNon-PeakNon-PeakNon-PeakNon-PeakNon-PeakNon-PeakNon-PeakNon-PeakNon-PeakNon-PeakNon-PeakNon-PeakNon-PeakNon-PeakNon-PeakNon-PeakNon-PeakNon-PeakNon-PeakNon-PeakNon-PeakNon-PeakNon-PeakNon-PeakNon-PeakNon-PeakNon-PeakNon-PeakNon-PeakNon-PeakNon-PeakNon-PeakNon-PeakNon-PeakNon-PeakNon-PeakNon-PeakNon-PeakNon-PeakNon-PeakNon-PeakNon-PeakNon-PeakNon-PeakNon-PeakNon-PeakNon-PeakNon-PeakNon-PeakNon-PeakNon-PeakNon-PeakNon-PeakNon-PeakNon-PeakNon-PeakNon-PeakNon-PeakNon-PeakNon-PeakNon-PeakNon-PeakNon-PeakNon-PeakNon-PeakNon-PeakNon-PeakNon-PeakNon-PeakNon-PeakNon-PeakNon-PeakNon-PeakNon-PeakNon-PeakNon-PeakNon-PeakNon-PeakNon-PeakNon-PeakNon-PeakNon-PeakNon-PeakNon-PeakNon-PeakNon-PeakNon-PeakNon-PeakNon-PeakNon-PeakNon-PeakNon-PeakNon-PeakNon-PeakNon-PeakNon-PeakNon-PeakNon-PeakNon-PeakNon-PeakNon-PeakNon-PeakNon-PeakNon-PeakNon-PeakNon-PeakNon-PeakPeakPeakPeakPeakPeakPeakPeakPeakPeakPeakPeakPeakPeakPeakPeakPeakPeakPeakPeakPeakPeakPeakPeakPeakPeakPeakPeakPeakPeakPeakPeakPeakPeakPeakPeakPeakPeakPeakPeakPeakPeakPeakPeakPeakPeakPeakPeakPeakPeakPeakPeakPeakPeakPeakPeakPeakPeakPeakPeakPeakPeakPeakPeakPeakPeakPeakPeakPeakPeakPeakPeakPeakPeakPeakPeakPeakPeakPeakPeakPeakPeakPeakPeakPeakPeakPeakPeakPeakPeakPeakPeakPeakPeakPeakPeakPeakPeakPeakPeakPeakPeakPeakPeakPeakPeakPeakPeakPeakPeakPeakPeakPeakPeakPeakPeakPeakPeakPeakPeakPeakPeakPeakPeakPeakPeakPeakPeakPeakPeakPeakPeakPeakPeakPeakPeakPeakPeakPeakPeakPeakPeakPeakPeakPeakPeakPeakPeakPeakPeakPeakPeakPeakPeakPeakPeakPeakPeakPeakPeakPeakPeakPeakPeakPeakPeakPeakPeakPeakPeakPeakPeakPeakPeakPeakPeakPeakPeakPeakPeakPeakPeakNon-PeakNon-PeakNon-PeakNon-PeakNon-PeakNon-PeakNon-PeakNon-PeakNon-PeakNon-PeakNon-PeakNon-PeakNon-PeakNon-PeakNon-PeakNon-PeakNon-PeakNon-PeakNon-PeakNon-PeakNon-PeakNon-PeakNon-PeakNon-PeakNon-PeakNon-PeakNon-PeakNon-PeakNon-PeakNon-PeakNon-PeakNon-PeakNon-PeakNon-PeakNon-PeakNon-PeakNon-PeakNon-PeakNon-PeakNon-PeakNon-PeakNon-PeakNon-PeakNon-PeakNon-PeakNon-PeakNon-PeakNon-PeakNon-PeakNon-PeakNon-PeakNon-PeakNon-PeakNon-PeakNon-PeakNon-PeakNon-PeakNon-PeakNon-PeakNon-PeakNon-PeakNon-PeakNon-PeakNon-PeakNon-PeakNon-PeakNon-PeakNon-PeakNon-PeakNon-PeakNon-PeakNon-PeakNon-PeakNon-PeakNon-PeakNon-PeakNon-PeakNon-PeakNon-PeakNon-PeakNon-PeakNon-PeakNon-PeakNon-PeakNon-PeakNon-PeakNon-PeakNon-PeakNon-PeakNon-PeakNon-PeakNon-PeakNon-PeakNon-PeakNon-PeakNon-PeakNon-PeakNon-PeakNon-PeakNon-PeakNon-PeakNon-PeakNon-PeakNon-PeakNon-PeakNon-PeakNon-PeakNon-PeakNon-PeakNon-PeakNon-PeakNon-PeakNon-PeakNon-PeakNon-PeakNon-PeakNon-PeakNon-PeakNon-PeakNon-PeakNon-PeakNon-PeakNon-PeakNon-PeakNon-PeakNon-PeakNon-PeakNon-PeakNon-PeakNon-PeakNon-PeakNon-PeakNon-PeakNon-PeakNon-PeakNon-PeakNon-PeakNon-PeakNon-PeakNon-PeakNon-PeakNon-PeakNon-PeakNon-PeakNon-PeakNon-PeakNon-PeakNon-PeakNon-PeakNon-PeakNon-PeakNon-PeakNon-PeakNon-PeakNon-PeakNon-PeakNon-PeakNon-PeakNon-PeakNon-PeakNon-PeakNon-PeakNon-PeakNon-PeakNon-PeakNon-PeakNon-PeakNon-PeakNon-PeakNon-PeakNon-PeakNon-PeakNon-PeakNon-PeakNon-PeakNon-PeakNon-PeakNon-PeakNon-PeakNon-PeakNon-PeakNon-PeakNon-PeakNon-PeakNon-PeakNon-PeakNon-PeakNon-PeakNon-PeakNon-PeakNon-PeakNon-PeakNon-PeakNon-PeakNon-PeakNon-PeakNon-PeakNon-PeakNon-PeakNon-PeakNon-PeakNon-PeakNon-PeakNon-PeakNon-PeakNon-PeakNon-PeakNon-PeakNon-PeakNon-PeakNon-PeakNon-PeakNon-PeakNon-PeakNon-PeakNon-PeakNon-PeakNon-PeakNon-PeakNon-PeakNon-PeakNon-PeakNon-PeakNon-PeakNon-PeakNon-PeakNon-PeakNon-PeakNon-PeakNon-PeakNon-PeakNon-PeakNon-PeakNon-PeakNon-PeakNon-PeakNon-PeakNon-PeakNon-PeakNon-PeakNon-PeakNon-PeakNon-PeakNon-PeakNon-PeakNon-PeakNon-PeakNon-PeakNon-PeakNon-PeakNon-PeakNon-PeakNon-PeakNon-PeakNon-PeakNon-PeakNon-PeakNon-PeakNon-PeakNon-PeakNon-PeakNon-PeakNon-PeakNon-PeakNon-PeakNon-PeakNon-PeakNon-PeakNon-PeakNon-PeakNon-PeakNon-PeakNon-PeakNon-PeakNon-PeakNon-PeakNon-PeakNon-PeakNon-PeakNon-PeakNon-PeakNon-PeakNon-PeakNon-PeakNon-PeakNon-PeakNon-PeakNon-PeakNon-PeakNon-PeakNon-PeakNon-PeakNon-PeakNon-PeakNon-PeakNon-PeakNon-PeakNon-PeakNon-PeakNon-PeakNon-PeakNon-PeakNon-PeakNon-PeakNon-PeakNon-PeakNon-PeakNon-PeakNon-PeakNon-PeakNon-PeakNon-PeakNon-PeakNon-PeakNon-PeakNon-PeakNon-PeakNon-PeakNon-PeakNon-PeakNon-PeakNon-PeakNon-PeakNon-PeakNon-PeakNon-PeakNon-PeakNon-PeakNon-PeakNon-PeakNon-PeakNon-PeakNon-PeakNon-PeakNon-PeakNon-PeakPeakPeakPeakPeakPeakPeakPeakPeakPeakPeakPeakPeakPeakPeakPeakPeakPeakPeakPeakPeakPeakPeakPeakPeakPeakPeakPeakPeakPeakPeakPeakPeakPeakPeakPeakPeakPeakPeakPeakPeakPeakPeakPeakPeakPeakPeakPeakPeakPeakPeakPeakPeakPeakPeakPeakPeakPeakPeakPeakPeakPeakPeakPeakPeakPeakPeakPeakPeakPeakPeakPeakPeakPeakPeakPeakPeakPeakPeakPeakPeakPeakPeakPeakPeakPeakPeakPeakPeakPeakPeakPeakPeakPeakPeakPeakPeakPeakPeakPeakPeakPeakPeakPeakPeakPeakPeakPeakPeakPeakPeakPeakPeakPeakPeakPeakPeakPeakPeakPeakPeakPeakPeakPeakPeakPeakPeakPeakPeakPeakPeakPeakPeakPeakPeakPeakPeakPeakPeakPeakPeakNon-PeakNon-PeakNon-PeakNon-PeakNon-PeakNon-PeakNon-PeakNon-PeakNon-PeakNon-PeakNon-PeakNon-PeakNon-PeakNon-PeakNon-PeakNon-PeakNon-PeakNon-PeakNon-PeakNon-PeakNon-PeakNon-PeakNon-PeakNon-PeakNon-PeakNon-PeakNon-PeakNon-PeakNon-PeakNon-PeakNon-PeakNon-PeakNon-PeakNon-PeakNon-PeakNon-PeakNon-PeakNon-PeakNon-PeakNon-PeakNon-PeakNon-PeakNon-PeakNon-PeakNon-PeakNon-PeakNon-PeakNon-PeakNon-PeakNon-PeakNon-PeakNon-PeakNon-PeakNon-PeakNon-PeakNon-PeakNon-PeakNon-PeakNon-PeakNon-PeakNon-PeakNon-PeakNon-PeakNon-PeakNon-PeakNon-PeakNon-PeakNon-PeakNon-PeakNon-PeakNon-PeakNon-PeakNon-PeakNon-PeakNon-PeakNon-PeakNon-PeakNon-PeakNon-PeakNon-PeakNon-PeakNon-PeakNon-PeakNon-PeakNon-PeakNon-PeakNon-PeakNon-PeakNon-PeakNon-PeakNon-PeakNon-PeakNon-PeakNon-PeakNon-PeakNon-PeakNon-PeakNon-PeakNon-PeakNon-PeakNon-PeakNon-PeakNon-PeakNon-PeakNon-PeakNon-PeakNon-PeakNon-PeakNon-PeakNon-PeakNon-PeakNon-PeakNon-PeakNon-PeakNon-PeakNon-PeakNon-PeakNon-PeakNon-PeakNon-PeakNon-PeakNon-PeakNon-PeakNon-PeakNon-PeakNon-PeakNon-PeakNon-PeakNon-PeakNon-PeakNon-PeakNon-PeakNon-PeakNon-PeakNon-PeakNon-PeakNon-PeakNon-PeakNon-PeakNon-PeakNon-PeakNon-PeakNon-PeakNon-PeakNon-PeakNon-PeakNon-PeakNon-PeakNon-PeakNon-PeakNon-PeakNon-PeakNon-PeakNon-PeakNon-PeakNon-PeakNon-PeakNon-PeakNon-PeakNon-PeakNon-PeakNon-PeakNon-PeakNon-PeakNon-PeakNon-PeakNon-PeakNon-PeakNon-PeakNon-PeakNon-PeakNon-PeakNon-PeakNon-PeakNon-PeakNon-PeakNon-PeakNon-PeakNon-PeakPeakPeakPeakPeakPeakPeakPeakPeakPeakPeakPeakPeakPeakPeakPeakPeakPeakPeakPeakPeakPeakPeakPeakPeakPeakPeakPeakPeakPeakPeakPeakPeakPeakPeakPeakPeakPeakPeakPeakPeakPeakPeakPeakPeakPeakPeakPeakPeakPeakPeakPeakPeakPeakPeakPeakPeakPeakPeakPeakPeakPeakPeakPeakPeakPeakPeakPeakPeakPeakPeakPeakPeakPeakPeakPeakPeakPeakPeakPeakPeakPeakPeakPeakPeakPeakPeakPeakPeakPeakPeakPeakPeakPeakPeakPeakPeakPeakPeakPeakPeakPeakPeakPeakPeakPeakPeakPeakPeakPeakPeakPeakPeakPeakPeakPeakPeakPeakPeakPeakPeakPeakPeakPeakPeakPeakPeakPeakPeakPeakPeakPeakPeakPeakPeakPeakPeakPeakPeakPeakPeakPeakPeakPeakPeakPeakPeakPeakPeakPeakPeakPeakPeakPeakPeakPeakPeakPeakPeakPeakPeakPeakPeakPeakNon-PeakNon-PeakNon-PeakNon-PeakNon-PeakNon-PeakNon-PeakNon-PeakNon-PeakNon-PeakNon-PeakNon-PeakNon-PeakNon-PeakNon-PeakNon-PeakNon-PeakNon-PeakNon-PeakNon-PeakNon-PeakNon-PeakNon-PeakNon-PeakNon-PeakNon-PeakNon-PeakNon-PeakNon-PeakNon-PeakNon-PeakNon-PeakNon-PeakNon-PeakNon-PeakNon-PeakNon-PeakNon-PeakNon-PeakNon-PeakNon-PeakNon-PeakNon-PeakNon-PeakNon-PeakNon-PeakNon-PeakNon-PeakNon-PeakNon-PeakNon-PeakNon-PeakNon-PeakNon-PeakNon-PeakNon-PeakNon-PeakNon-PeakNon-PeakNon-PeakNon-PeakNon-PeakNon-PeakNon-PeakNon-PeakNon-PeakNon-PeakNon-PeakNon-PeakNon-PeakNon-PeakNon-PeakNon-PeakNon-PeakNon-PeakNon-PeakNon-PeakNon-PeakNon-PeakNon-PeakNon-PeakNon-PeakNon-PeakNon-PeakNon-PeakNon-PeakNon-PeakNon-PeakNon-PeakNon-PeakNon-PeakNon-PeakNon-PeakNon-PeakNon-PeakNon-PeakNon-PeakNon-PeakNon-PeakNon-PeakNon-PeakNon-PeakNon-PeakNon-PeakNon-PeakNon-PeakNon-PeakNon-PeakNon-PeakNon-PeakNon-PeakNon-PeakNon-PeakNon-PeakNon-PeakNon-PeakNon-PeakNon-PeakNon-PeakNon-PeakNon-PeakNon-PeakNon-PeakNon-PeakNon-PeakNon-PeakNon-PeakNon-PeakNon-PeakNon-PeakNon-PeakNon-PeakNon-PeakNon-PeakNon-PeakNon-PeakNon-PeakNon-PeakNon-PeakNon-PeakNon-PeakNon-PeakNon-PeakNon-PeakNon-PeakNon-PeakNon-PeakNon-PeakNon-PeakNon-PeakNon-PeakNon-PeakNon-PeakNon-PeakNon-PeakNon-PeakNon-PeakNon-PeakNon-PeakNon-PeakNon-PeakNon-PeakNon-PeakNon-PeakNon-PeakNon-PeakNon-PeakNon-PeakNon-PeakNon-PeakNon-PeakNon-PeakNon-PeakNon-PeakNon-PeakNon-PeakNon-PeakNon-PeakNon-PeakNon-PeakNon-PeakNon-PeakNon-PeakNon-PeakNon-PeakNon-PeakNon-PeakNon-PeakNon-PeakNon-PeakNon-PeakNon-PeakNon-PeakNon-PeakNon-PeakNon-PeakNon-PeakNon-PeakNon-PeakNon-PeakNon-PeakNon-PeakNon-PeakNon-PeakNon-PeakNon-PeakNon-PeakNon-PeakNon-PeakNon-PeakNon-PeakNon-PeakNon-PeakNon-PeakNon-PeakNon-PeakNon-PeakNon-PeakNon-PeakNon-PeakNon-PeakNon-PeakNon-PeakNon-PeakNon-PeakNon-PeakNon-PeakNon-PeakNon-PeakNon-PeakNon-PeakNon-PeakNon-PeakNon-PeakNon-PeakNon-PeakNon-PeakNon-PeakNon-PeakNon-PeakNon-PeakNon-PeakNon-PeakNon-PeakNon-PeakNon-PeakNon-PeakNon-PeakNon-PeakNon-PeakNon-PeakNon-PeakNon-PeakNon-PeakNon-PeakNon-PeakNon-PeakNon-PeakNon-PeakNon-PeakNon-PeakNon-PeakNon-PeakNon-PeakNon-PeakNon-PeakNon-PeakNon-PeakNon-PeakNon-PeakNon-PeakNon-PeakNon-PeakNon-PeakNon-PeakNon-PeakNon-PeakNon-PeakNon-PeakNon-PeakNon-PeakNon-PeakNon-PeakNon-PeakNon-PeakNon-PeakNon-PeakNon-PeakNon-PeakNon-PeakNon-PeakNon-PeakNon-PeakNon-PeakNon-PeakNon-PeakNon-PeakNon-PeakNon-PeakNon-PeakNon-PeakNon-PeakNon-PeakNon-PeakNon-PeakNon-PeakNon-PeakNon-PeakNon-PeakNon-PeakNon-PeakNon-PeakNon-PeakNon-PeakNon-PeakNon-PeakNon-PeakPeakPeakPeakPeakPeakPeakPeakPeakPeakPeakPeakPeakPeakPeakPeakPeakPeakPeakPeakPeakPeakPeakPeakPeakPeakPeakPeakPeakPeakPeakPeakPeakPeakPeakPeakPeakPeakPeakPeakPeakPeakPeakPeakPeakPeakPeakPeakPeakPeakPeakPeakPeakPeakPeakPeakPeakPeakPeakPeakPeakPeakPeakPeakPeakPeakPeakPeakPeakPeakPeakPeakPeakPeakPeakPeakPeakPeakPeakPeakPeakPeakPeakPeakPeakPeakPeakPeakPeakPeakPeakPeakPeakPeakPeakPeakPeakPeakPeakPeakPeakPeakPeakPeakPeakPeakPeakPeakPeakPeakPeakPeakPeakPeakPeakPeakPeakPeakPeakPeakPeakPeakPeakPeakPeakPeakPeakPeakPeakPeakPeakPeakPeakPeakPeakPeakPeakPeakPeakPeakPeakPeakPeakPeakPeakNon-PeakNon-PeakNon-PeakNon-PeakNon-PeakNon-PeakNon-PeakNon-PeakNon-PeakNon-PeakNon-PeakNon-PeakNon-PeakNon-PeakNon-PeakNon-PeakNon-PeakNon-PeakNon-PeakNon-PeakNon-PeakNon-PeakNon-PeakNon-PeakNon-PeakNon-PeakNon-PeakNon-PeakNon-PeakNon-PeakNon-PeakNon-PeakNon-PeakNon-PeakNon-PeakNon-PeakNon-PeakNon-PeakNon-PeakNon-PeakNon-PeakNon-PeakNon-PeakNon-PeakNon-PeakNon-PeakNon-PeakNon-PeakNon-PeakNon-PeakNon-PeakNon-PeakNon-PeakNon-PeakNon-PeakNon-PeakNon-PeakNon-PeakNon-PeakNon-PeakNon-PeakNon-PeakNon-PeakNon-PeakNon-PeakNon-PeakNon-PeakNon-PeakNon-PeakNon-PeakNon-PeakNon-PeakNon-PeakNon-PeakNon-PeakNon-PeakNon-PeakNon-PeakNon-PeakNon-PeakNon-PeakNon-PeakNon-PeakNon-PeakNon-PeakNon-PeakNon-PeakNon-PeakNon-PeakNon-PeakNon-PeakNon-PeakNon-PeakNon-PeakNon-PeakNon-PeakNon-PeakNon-PeakNon-PeakNon-PeakNon-PeakNon-PeakNon-PeakNon-PeakNon-PeakNon-PeakNon-PeakNon-PeakNon-PeakNon-PeakNon-PeakNon-PeakNon-PeakNon-PeakNon-PeakNon-PeakNon-PeakNon-PeakNon-PeakNon-PeakNon-PeakNon-PeakNon-PeakNon-PeakNon-PeakNon-PeakNon-PeakNon-PeakNon-PeakNon-PeakNon-PeakNon-PeakNon-PeakNon-PeakNon-PeakNon-PeakNon-PeakNon-PeakNon-PeakNon-PeakNon-PeakNon-PeakNon-PeakNon-PeakNon-PeakNon-PeakNon-PeakNon-PeakNon-PeakNon-PeakNon-PeakNon-PeakNon-PeakNon-PeakNon-PeakNon-PeakNon-PeakNon-PeakNon-PeakNon-PeakNon-PeakNon-PeakNon-PeakNon-PeakNon-PeakNon-PeakNon-PeakNon-PeakNon-PeakNon-PeakNon-PeakNon-PeakNon-PeakNon-PeakNon-PeakNon-PeakNon-PeakNon-PeakNon-PeakNon-PeakNon-PeakNon-PeakNon-PeakNon-PeakNon-PeakNon-PeakNon-PeakNon-PeakNon-PeakNon-PeakNon-PeakNon-PeakNon-PeakNon-PeakNon-PeakNon-PeakNon-PeakPeakPeakPeakPeakPeakPeakPeakPeakPeakPeakPeakPeakPeakPeakPeakPeakPeakPeakPeakPeakPeakPeakPeakPeakPeakPeakPeakPeakPeakPeakPeakPeakPeakPeakPeakPeakPeakPeakPeakPeakPeakPeakPeakPeakPeakPeakPeakPeakPeakPeakPeakPeakPeakPeakPeakPeakPeakPeakPeakPeakPeakPeakPeakPeakPeakPeakPeakPeakPeakPeakPeakPeakPeakPeakPeakPeakPeakPeakPeakPeakPeakPeakPeakPeakPeakPeakPeakPeakPeakPeakPeakPeakPeakPeakPeakPeakPeakPeakPeakPeakPeakPeakPeakPeakPeakPeakPeakPeakPeakPeakPeakPeakPeakPeakPeakPeakPeakPeakPeakPeakPeakPeakPeakPeakPeakPeakPeakPeakPeakPeakPeakPeakPeakPeakPeakPeakPeakPeakPeakPeakPeakPeakPeakPeakPeakPeakPeakPeakPeakPeakPeakPeakPeakPeakPeakPeakPeakPeakPeakPeakPeakPeakPeakPeakPeakPeakPeakPeakPeakPeakPeakPeakPeakPeakPeakPeakPeakPeakPeakPeakPeakPeakPeakPeakPeakPeakPeakPeakPeakNon-PeakNon-PeakNon-PeakNon-PeakNon-PeakNon-PeakNon-PeakNon-PeakNon-PeakNon-PeakNon-PeakNon-PeakNon-PeakNon-PeakNon-PeakNon-PeakNon-PeakNon-PeakNon-PeakNon-PeakNon-PeakNon-PeakNon-PeakNon-PeakNon-PeakNon-PeakNon-PeakNon-PeakNon-PeakNon-PeakNon-PeakNon-PeakNon-PeakNon-PeakNon-PeakNon-PeakNon-PeakNon-PeakNon-PeakNon-PeakNon-PeakNon-PeakNon-PeakNon-PeakNon-PeakNon-PeakNon-PeakNon-PeakNon-PeakNon-PeakNon-PeakNon-PeakNon-PeakNon-PeakNon-PeakNon-PeakNon-PeakNon-PeakNon-PeakNon-PeakNon-PeakNon-PeakNon-PeakNon-PeakNon-PeakNon-PeakNon-PeakNon-PeakNon-PeakNon-PeakNon-PeakNon-PeakNon-PeakNon-PeakNon-PeakNon-PeakNon-PeakNon-PeakNon-PeakNon-PeakNon-PeakNon-PeakNon-PeakNon-PeakNon-PeakNon-PeakNon-PeakNon-PeakNon-PeakNon-PeakNon-PeakNon-PeakNon-PeakNon-PeakNon-PeakNon-PeakNon-PeakNon-PeakNon-PeakNon-PeakNon-PeakNon-PeakNon-PeakNon-PeakNon-PeakNon-PeakNon-PeakNon-PeakNon-PeakNon-PeakNon-PeakNon-PeakNon-PeakNon-PeakNon-PeakNon-PeakNon-PeakNon-PeakNon-PeakNon-PeakNon-PeakNon-PeakNon-PeakNon-PeakNon-PeakNon-PeakNon-PeakNon-PeakNon-PeakNon-PeakNon-PeakNon-PeakNon-PeakNon-PeakNon-PeakNon-PeakNon-PeakNon-PeakNon-PeakNon-PeakNon-PeakNon-PeakNon-PeakNon-PeakNon-PeakNon-PeakNon-PeakNon-PeakNon-PeakNon-PeakNon-PeakNon-PeakNon-PeakNon-PeakNon-PeakNon-PeakNon-PeakNon-PeakNon-PeakNon-PeakNon-PeakNon-PeakNon-PeakNon-PeakNon-PeakNon-PeakNon-PeakNon-PeakNon-PeakNon-PeakNon-PeakNon-PeakNon-PeakNon-PeakNon-PeakNon-PeakNon-PeakNon-PeakNon-PeakNon-PeakNon-PeakNon-PeakNon-PeakNon-PeakNon-PeakNon-PeakNon-PeakNon-PeakNon-PeakNon-PeakNon-PeakNon-PeakNon-PeakNon-PeakNon-PeakNon-PeakNon-PeakNon-PeakNon-PeakNon-PeakNon-PeakNon-PeakNon-PeakNon-PeakNon-PeakNon-PeakNon-PeakNon-PeakNon-PeakNon-PeakNon-PeakNon-PeakNon-PeakNon-PeakNon-PeakNon-PeakNon-PeakNon-PeakNon-PeakNon-PeakNon-PeakNon-PeakNon-PeakNon-PeakNon-PeakNon-PeakNon-PeakNon-PeakNon-PeakNon-PeakNon-PeakNon-PeakNon-PeakNon-PeakNon-PeakNon-PeakNon-PeakNon-PeakNon-PeakNon-PeakNon-PeakNon-PeakNon-PeakNon-PeakNon-PeakNon-PeakNon-PeakNon-PeakNon-PeakNon-PeakNon-PeakNon-PeakNon-PeakNon-PeakNon-PeakNon-PeakNon-PeakNon-PeakNon-PeakNon-PeakNon-PeakNon-PeakNon-PeakNon-PeakNon-PeakNon-PeakNon-PeakNon-PeakNon-PeakNon-PeakNon-PeakNon-PeakNon-PeakNon-PeakNon-PeakNon-PeakNon-PeakNon-PeakNon-PeakNon-PeakNon-PeakNon-PeakNon-PeakNon-PeakNon-PeakNon-PeakNon-PeakNon-PeakNon-PeakNon-PeakNon-PeakNon-PeakNon-PeakNon-PeakNon-PeakNon-PeakPeakPeakPeakPeakPeakPeakPeakPeakPeakPeakPeakPeakPeakPeakPeakPeakPeakPeakPeakPeakPeakPeakPeakPeakPeakPeakPeakPeakPeakPeakPeakPeakPeakPeakPeakPeakPeakPeakPeakPeakPeakPeakPeakPeakPeakPeakPeakPeakPeakPeakPeakPeakPeakPeakPeakPeakPeakPeakPeakPeakPeakPeakPeakPeakPeakPeakPeakPeakPeakPeakPeakPeakPeakPeakPeakPeakPeakPeakPeakPeakPeakPeakPeakPeakPeakPeakPeakPeakPeakPeakPeakPeakPeakPeakPeakPeakPeakPeakPeakPeakPeakPeakPeakPeakPeakPeakPeakPeakPeakPeakPeakPeakPeakPeakPeakPeakPeakPeakPeakPeakPeakPeakPeakPeakPeakPeakPeakPeakPeakPeakPeakPeakPeakPeakPeakPeakPeakPeakPeakPeakPeakPeakPeakPeakPeakPeakPeakPeakPeakPeakPeakPeakPeakPeakPeakPeakPeakPeakPeakPeakPeakPeakNon-PeakNon-PeakNon-PeakNon-PeakNon-PeakNon-PeakNon-PeakNon-PeakNon-PeakNon-PeakNon-PeakNon-PeakNon-PeakNon-PeakNon-PeakNon-PeakNon-PeakNon-PeakNon-PeakNon-PeakNon-PeakNon-PeakNon-PeakNon-PeakNon-PeakNon-PeakNon-PeakNon-PeakNon-PeakNon-PeakNon-PeakNon-PeakNon-PeakNon-PeakNon-PeakNon-PeakNon-PeakNon-PeakNon-PeakNon-PeakNon-PeakNon-PeakNon-PeakNon-PeakNon-PeakNon-PeakNon-PeakNon-PeakNon-PeakNon-PeakNon-PeakNon-PeakNon-PeakNon-PeakNon-PeakNon-PeakNon-PeakNon-PeakNon-PeakNon-PeakNon-PeakNon-PeakNon-PeakNon-PeakNon-PeakNon-PeakNon-PeakNon-PeakNon-PeakNon-PeakNon-PeakNon-PeakNon-PeakNon-PeakNon-PeakNon-PeakNon-PeakNon-PeakNon-PeakNon-PeakNon-PeakNon-PeakNon-PeakNon-PeakNon-PeakNon-PeakNon-PeakNon-PeakNon-PeakNon-PeakNon-PeakNon-PeakNon-PeakNon-PeakNon-PeakNon-PeakNon-PeakNon-PeakNon-PeakNon-PeakNon-PeakNon-PeakNon-PeakNon-PeakNon-PeakNon-PeakNon-PeakNon-PeakNon-PeakNon-PeakNon-PeakNon-PeakNon-PeakNon-PeakNon-PeakNon-PeakNon-PeakNon-PeakNon-PeakNon-PeakNon-PeakNon-PeakNon-PeakNon-PeakNon-PeakNon-PeakNon-PeakNon-PeakNon-PeakNon-PeakNon-PeakNon-PeakNon-PeakNon-PeakNon-PeakNon-PeakNon-PeakNon-PeakNon-PeakNon-PeakNon-PeakNon-PeakNon-PeakNon-PeakNon-PeakNon-PeakNon-PeakNon-PeakNon-PeakNon-PeakNon-PeakNon-PeakNon-PeakNon-PeakNon-PeakNon-PeakNon-PeakNon-PeakNon-PeakNon-PeakNon-PeakNon-PeakNon-PeakNon-PeakNon-PeakNon-PeakNon-PeakNon-PeakNon-PeakNon-PeakNon-PeakNon-PeakNon-PeakNon-PeakNon-PeakNon-PeakNon-PeakNon-PeakNon-PeakNon-PeakNon-PeakNon-PeakNon-PeakNon-PeakNon-PeakNon-PeakNon-PeakNon-PeakNon-PeakNon-PeakNon-PeakNon-PeakNon-PeakNon-PeakNon-PeakNon-PeakNon-PeakNon-PeakNon-PeakNon-PeakNon-PeakNon-PeakNon-PeakNon-PeakNon-PeakPeakPeakPeakPeakPeakPeakPeakPeakPeakPeakPeakPeakPeakPeakPeakPeakPeakPeakPeakPeakPeakPeakPeakPeakPeakPeakPeakPeakPeakPeakPeakPeakPeakPeakPeakPeakPeakPeakPeakPeakPeakPeakPeakPeakPeakPeakPeakPeakPeakPeakPeakPeakPeakPeakPeakPeakPeakPeakPeakPeakPeakPeakPeakPeakPeakPeakPeakPeakPeakPeakPeakPeakPeakPeakPeakPeakPeakPeakPeakPeakPeakPeakPeakPeakPeakPeakPeakPeakPeakPeakPeakPeakPeakPeakPeakPeakPeakPeakPeakPeakPeakPeakPeakPeakPeakPeakPeakPeakPeakPeakPeakPeakPeakPeakPeakPeakPeakPeakPeakPeakPeakPeakPeakPeakPeakPeakPeakPeakPeakPeakPeakPeakPeakPeakPeakPeakPeakPeakPeakPeakPeakPeakPeakPeakPeakPeakPeakPeakPeakPeakPeakPeakPeakPeakPeakPeakPeakPeakNon-PeakNon-PeakNon-PeakNon-PeakNon-PeakNon-PeakNon-PeakNon-PeakNon-PeakNon-PeakNon-PeakNon-PeakNon-PeakNon-PeakNon-PeakNon-PeakNon-PeakNon-PeakNon-PeakNon-PeakNon-PeakNon-PeakNon-PeakNon-PeakNon-PeakNon-PeakNon-PeakNon-PeakNon-PeakNon-PeakNon-PeakNon-PeakNon-PeakNon-PeakNon-PeakNon-PeakNon-PeakNon-PeakNon-PeakNon-PeakNon-PeakNon-PeakNon-PeakNon-PeakNon-PeakNon-PeakNon-PeakNon-PeakNon-PeakNon-PeakNon-PeakNon-PeakNon-PeakNon-PeakNon-PeakNon-PeakNon-PeakNon-PeakNon-PeakNon-PeakNon-PeakNon-PeakNon-PeakNon-PeakNon-PeakNon-PeakNon-PeakNon-PeakNon-PeakNon-PeakNon-PeakNon-PeakNon-PeakNon-PeakNon-PeakNon-PeakNon-PeakNon-PeakNon-PeakNon-PeakNon-PeakNon-PeakNon-PeakNon-PeakNon-PeakNon-PeakNon-PeakNon-PeakNon-PeakNon-PeakNon-PeakNon-PeakNon-PeakNon-PeakNon-PeakNon-PeakNon-PeakNon-PeakNon-PeakNon-PeakNon-PeakNon-PeakNon-PeakNon-PeakNon-PeakNon-PeakNon-PeakNon-PeakNon-PeakNon-PeakNon-PeakNon-PeakNon-PeakNon-PeakNon-PeakNon-PeakNon-PeakNon-PeakNon-PeakNon-PeakNon-PeakNon-PeakNon-PeakNon-PeakNon-PeakNon-PeakNon-PeakNon-PeakNon-PeakNon-PeakNon-PeakNon-PeakNon-PeakNon-PeakNon-PeakNon-PeakNon-PeakNon-PeakNon-PeakNon-PeakNon-PeakNon-PeakNon-PeakNon-PeakNon-PeakNon-PeakNon-PeakNon-PeakNon-PeakNon-PeakNon-PeakNon-PeakNon-PeakNon-PeakNon-PeakNon-PeakNon-PeakNon-PeakNon-PeakNon-PeakNon-PeakNon-PeakNon-PeakNon-PeakNon-PeakNon-PeakNon-PeakNon-PeakNon-PeakNon-PeakNon-PeakNon-PeakNon-PeakNon-PeakNon-PeakNon-PeakNon-PeakNon-PeakNon-PeakNon-PeakNon-PeakNon-PeakNon-PeakNon-PeakNon-PeakNon-PeakNon-PeakNon-PeakNon-PeakNon-PeakNon-PeakNon-PeakNon-PeakNon-PeakNon-PeakNon-PeakNon-PeakNon-PeakNon-PeakNon-PeakNon-PeakNon-PeakNon-PeakNon-PeakNon-PeakNon-PeakNon-PeakNon-PeakNon-PeakNon-PeakNon-PeakNon-PeakNon-PeakNon-PeakNon-PeakNon-PeakNon-PeakNon-PeakNon-PeakNon-PeakNon-PeakNon-PeakNon-PeakNon-PeakNon-PeakNon-PeakNon-PeakNon-PeakNon-PeakNon-PeakNon-PeakNon-PeakNon-PeakNon-PeakNon-PeakNon-PeakNon-PeakNon-PeakNon-PeakNon-PeakNon-PeakNon-PeakNon-PeakNon-PeakNon-PeakNon-PeakNon-PeakNon-PeakNon-PeakNon-PeakNon-PeakNon-PeakNon-PeakNon-PeakNon-PeakNon-PeakNon-PeakNon-PeakNon-PeakNon-PeakNon-PeakNon-PeakNon-PeakNon-PeakNon-PeakNon-PeakNon-PeakNon-PeakNon-PeakNon-PeakNon-PeakNon-PeakNon-PeakNon-PeakNon-PeakNon-PeakNon-PeakNon-PeakNon-PeakNon-PeakNon-PeakNon-PeakNon-PeakNon-PeakNon-PeakNon-PeakNon-PeakNon-PeakNon-PeakNon-PeakNon-PeakNon-PeakNon-PeakNon-PeakNon-PeakNon-PeakNon-PeakNon-PeakNon-PeakNon-PeakNon-PeakNon-PeakNon-PeakNon-PeakNon-PeakNon-PeakPeakPeakPeakPeakPeakPeakPeakPeakPeakPeakPeakPeakPeakPeakPeakPeakPeakPeakPeakPeakPeakPeakPeakPeakPeakPeakPeakPeakPeakPeakPeakPeakPeakPeakPeakPeakPeakPeakPeakPeakPeakPeakPeakPeakPeakPeakPeakPeakPeakPeakPeakPeakPeakPeakPeakPeakPeakPeakPeakPeakPeakPeakPeakPeakPeakPeakPeakPeakPeakPeakPeakPeakPeakPeakPeakPeakPeakPeakPeakPeakPeakPeakPeakPeakPeakPeakPeakPeakPeakPeakPeakPeakPeakPeakPeakPeakPeakPeakPeakPeakPeakPeakPeakPeakPeakPeakPeakPeakPeakPeakPeakPeakPeakPeakPeakPeakPeakPeakPeakPeakPeakPeakPeakPeakPeakPeakPeakPeakPeakPeakPeakPeakPeakPeakNon-PeakNon-PeakNon-PeakNon-PeakNon-PeakNon-PeakNon-PeakNon-PeakNon-PeakNon-PeakNon-PeakNon-PeakNon-PeakNon-PeakNon-PeakNon-PeakNon-PeakNon-PeakNon-PeakNon-PeakNon-PeakNon-PeakNon-PeakNon-PeakNon-PeakNon-PeakNon-PeakNon-PeakNon-PeakNon-PeakNon-PeakNon-PeakNon-PeakNon-PeakNon-PeakNon-PeakNon-PeakNon-PeakNon-PeakNon-PeakNon-PeakNon-PeakNon-PeakNon-PeakNon-PeakNon-PeakNon-PeakNon-PeakNon-PeakNon-PeakNon-PeakNon-PeakNon-PeakNon-PeakNon-PeakNon-PeakNon-PeakNon-PeakNon-PeakNon-PeakNon-PeakNon-PeakNon-PeakNon-PeakNon-PeakNon-PeakNon-PeakNon-PeakNon-PeakNon-PeakNon-PeakNon-PeakNon-PeakNon-PeakNon-PeakNon-PeakNon-PeakNon-PeakNon-PeakNon-PeakNon-PeakNon-PeakNon-PeakNon-PeakNon-PeakNon-PeakNon-PeakNon-PeakNon-PeakNon-PeakNon-PeakNon-PeakNon-PeakNon-PeakNon-PeakNon-PeakNon-PeakNon-PeakNon-PeakNon-PeakNon-PeakNon-PeakNon-PeakNon-PeakNon-PeakNon-PeakNon-PeakNon-PeakNon-PeakNon-PeakNon-PeakNon-PeakNon-PeakNon-PeakNon-PeakNon-PeakNon-PeakNon-PeakNon-PeakNon-PeakNon-PeakNon-PeakNon-PeakNon-PeakNon-PeakNon-PeakNon-PeakNon-PeakNon-PeakNon-PeakNon-PeakNon-PeakNon-PeakNon-PeakNon-PeakNon-PeakNon-PeakNon-PeakNon-PeakNon-PeakNon-PeakNon-PeakNon-PeakNon-PeakNon-PeakNon-PeakNon-PeakNon-PeakNon-PeakNon-PeakNon-PeakNon-PeakNon-PeakNon-PeakNon-PeakNon-PeakNon-PeakNon-PeakNon-PeakNon-PeakNon-PeakNon-PeakNon-PeakNon-PeakNon-PeakNon-PeakNon-PeakNon-PeakNon-PeakNon-PeakNon-PeakNon-PeakNon-PeakNon-PeakNon-PeakNon-PeakNon-PeakNon-PeakNon-PeakNon-PeakNon-PeakNon-PeakNon-PeakNon-PeakNon-PeakNon-PeakNon-PeakNon-PeakNon-PeakNon-PeakNon-PeakNon-PeakNon-PeakNon-PeakNon-PeakNon-PeakNon-PeakNon-PeakNon-PeakNon-PeakNon-PeakNon-PeakPeakPeakPeakPeakPeakPeakPeakPeakPeakPeakPeakPeakPeakPeakPeakPeakPeakPeakPeakPeakPeakPeakPeakPeakPeakPeakPeakPeakPeakPeakPeakPeakPeakPeakPeakPeakPeakPeakPeakPeakPeakPeakPeakPeakPeakPeakPeakPeakPeakPeakPeakPeakPeakPeakPeakPeakPeakPeakPeakPeakPeakPeakPeakPeakPeakPeakPeakPeakPeakPeakPeakPeakPeakPeakPeakPeakPeakPeakPeakPeakPeakPeakPeakPeakPeakPeakPeakPeakPeakPeakPeakPeakPeakPeakPeakPeakPeakPeakPeakPeakPeakPeakPeakPeakPeakPeakPeakPeakPeakPeakPeakPeakPeakPeakPeakPeakPeakPeakPeakPeakPeakPeakPeakPeakPeakPeakPeakPeakPeakPeakPeakPeakPeakPeakPeakPeakPeakPeakPeakPeakPeakPeakPeakPeakPeakPeakPeakPeakPeakPeakPeakPeakPeakPeakPeakPeakPeakPeakPeakPeakPeakPeakPeakPeakPeakPeakPeakPeakPeakPeakNon-PeakNon-PeakNon-PeakNon-PeakNon-PeakNon-PeakNon-PeakNon-PeakNon-PeakNon-PeakNon-PeakNon-PeakNon-PeakNon-PeakNon-PeakNon-PeakNon-PeakNon-PeakNon-PeakNon-PeakNon-PeakNon-PeakNon-PeakNon-PeakNon-PeakNon-PeakNon-PeakNon-PeakNon-PeakNon-PeakNon-PeakNon-PeakNon-PeakNon-PeakNon-PeakNon-PeakNon-PeakNon-PeakNon-PeakNon-PeakNon-PeakNon-PeakNon-PeakNon-PeakNon-PeakNon-PeakNon-PeakNon-PeakNon-PeakNon-PeakNon-PeakNon-PeakNon-PeakNon-PeakNon-PeakNon-PeakNon-PeakNon-PeakNon-PeakNon-PeakNon-PeakNon-PeakNon-PeakNon-PeakNon-PeakNon-PeakNon-PeakNon-PeakNon-PeakNon-PeakNon-PeakNon-PeakNon-PeakNon-PeakNon-PeakNon-PeakNon-PeakNon-PeakNon-PeakNon-PeakNon-PeakNon-PeakNon-PeakNon-PeakNon-PeakNon-PeakNon-PeakNon-PeakNon-PeakNon-PeakNon-PeakNon-PeakNon-PeakNon-PeakNon-PeakNon-PeakNon-PeakNon-PeakNon-PeakNon-PeakNon-PeakNon-PeakNon-PeakNon-PeakNon-PeakNon-PeakNon-PeakNon-PeakNon-PeakNon-PeakNon-PeakNon-PeakNon-PeakNon-PeakNon-PeakNon-PeakNon-PeakNon-PeakNon-PeakNon-PeakNon-PeakNon-PeakNon-PeakNon-PeakNon-PeakNon-PeakNon-PeakNon-PeakNon-PeakNon-PeakNon-PeakNon-PeakNon-PeakNon-PeakNon-PeakNon-PeakNon-PeakNon-PeakNon-PeakNon-PeakNon-PeakNon-PeakNon-PeakNon-PeakNon-PeakNon-PeakNon-PeakNon-PeakNon-PeakNon-PeakNon-PeakNon-PeakNon-PeakNon-PeakNon-PeakNon-PeakNon-PeakNon-PeakNon-PeakNon-PeakNon-PeakNon-PeakNon-PeakNon-PeakNon-PeakNon-PeakNon-PeakNon-PeakNon-PeakNon-PeakNon-PeakNon-PeakNon-PeakNon-PeakNon-PeakNon-PeakNon-PeakNon-PeakNon-PeakNon-PeakNon-PeakNon-PeakNon-PeakNon-PeakNon-PeakNon-PeakNon-PeakNon-PeakNon-PeakNon-PeakNon-PeakNon-PeakNon-PeakNon-PeakNon-PeakNon-PeakNon-PeakNon-PeakNon-PeakNon-PeakNon-PeakNon-PeakNon-PeakNon-PeakNon-PeakNon-PeakNon-PeakNon-PeakNon-PeakNon-PeakNon-PeakNon-PeakNon-PeakNon-PeakNon-PeakNon-PeakNon-PeakNon-PeakNon-PeakNon-PeakNon-PeakNon-PeakNon-PeakNon-PeakNon-PeakNon-PeakNon-PeakNon-PeakNon-PeakNon-PeakNon-PeakNon-PeakNon-PeakNon-PeakNon-PeakNon-PeakNon-PeakNon-PeakNon-PeakNon-PeakNon-PeakNon-PeakNon-PeakNon-PeakNon-PeakNon-PeakNon-PeakNon-PeakNon-PeakNon-PeakNon-PeakNon-PeakNon-PeakNon-PeakNon-PeakNon-PeakNon-PeakNon-PeakNon-PeakNon-PeakNon-PeakNon-PeakNon-PeakNon-PeakNon-PeakNon-PeakNon-PeakNon-PeakNon-PeakNon-PeakNon-PeakNon-PeakNon-PeakNon-PeakNon-PeakNon-PeakNon-PeakNon-PeakNon-PeakNon-PeakNon-PeakNon-PeakNon-PeakNon-PeakNon-PeakNon-PeakNon-PeakNon-PeakNon-PeakNon-PeakNon-PeakNon-PeakNon-PeakNon-PeakNon-PeakNon-PeakNon-PeakNon-PeakNon-PeakNon-PeakNon-PeakNon-PeakNon-PeakNon-PeakNon-PeakNon-PeakNon-PeakNon-PeakNon-PeakNon-PeakNon-PeakNon-PeakPeakPeakPeakPeakPeakPeakPeakPeakPeakPeakPeakPeakPeakPeakPeakPeakPeakPeakPeakPeakPeakPeakPeakPeakPeakPeakPeakPeakPeakPeakPeakPeakPeakPeakPeakPeakPeakPeakPeakPeakPeakPeakPeakPeakPeakPeakPeakPeakPeakPeakPeakPeakPeakPeakPeakPeakPeakPeakPeakPeakPeakPeakPeakPeakPeakPeakPeakPeakPeakPeakPeakPeakPeakPeakPeakPeakPeakPeakPeakPeakPeakPeakPeakPeakPeakPeakPeakPeakPeakPeakPeakPeakPeakPeakPeakPeakPeakPeakPeakPeakPeakPeakPeakPeakPeakPeakPeakPeakPeakPeakPeakPeakPeakPeakPeakPeakPeakPeakPeakPeakPeakPeakPeakPeakPeakPeakPeakPeakPeakPeakPeakPeakPeakPeakPeakPeakPeakPeakPeakPeakPeakPeakPeakPeakPeakPeakPeakPeakPeakPeakPeakPeakPeakPeakPeakNon-PeakNon-PeakNon-PeakNon-PeakNon-PeakNon-PeakNon-PeakNon-PeakNon-PeakNon-PeakNon-PeakNon-PeakNon-PeakNon-PeakNon-PeakNon-PeakNon-PeakNon-PeakNon-PeakNon-PeakNon-PeakNon-PeakNon-PeakNon-PeakNon-PeakNon-PeakNon-PeakNon-PeakNon-PeakNon-PeakNon-PeakNon-PeakNon-PeakNon-PeakNon-PeakNon-PeakNon-PeakNon-PeakNon-PeakNon-PeakNon-PeakNon-PeakNon-PeakNon-PeakNon-PeakNon-PeakNon-PeakNon-PeakNon-PeakNon-PeakNon-PeakNon-PeakNon-PeakNon-PeakNon-PeakNon-PeakNon-PeakNon-PeakNon-PeakNon-PeakNon-PeakNon-PeakNon-PeakNon-PeakNon-PeakNon-PeakNon-PeakNon-PeakNon-PeakNon-PeakNon-PeakNon-PeakNon-PeakNon-PeakNon-PeakNon-PeakNon-PeakNon-PeakNon-PeakNon-PeakNon-PeakNon-PeakNon-PeakNon-PeakNon-PeakNon-PeakNon-PeakNon-PeakNon-PeakNon-PeakNon-PeakNon-PeakNon-PeakNon-PeakNon-PeakNon-PeakNon-PeakNon-PeakNon-PeakNon-PeakNon-PeakNon-PeakNon-PeakNon-PeakNon-PeakNon-PeakNon-PeakNon-PeakNon-PeakNon-PeakNon-PeakNon-PeakNon-PeakNon-PeakNon-PeakNon-PeakNon-PeakNon-PeakNon-PeakNon-PeakNon-PeakNon-PeakNon-PeakNon-PeakNon-PeakNon-PeakNon-PeakNon-PeakNon-PeakNon-PeakNon-PeakNon-PeakNon-PeakNon-PeakNon-PeakNon-PeakNon-PeakNon-PeakNon-PeakNon-PeakNon-PeakNon-PeakNon-PeakNon-PeakNon-PeakNon-PeakNon-PeakNon-PeakNon-PeakNon-PeakNon-PeakNon-PeakNon-PeakNon-PeakNon-PeakNon-PeakNon-PeakNon-PeakNon-PeakNon-PeakNon-PeakNon-PeakNon-PeakNon-PeakNon-PeakNon-PeakNon-PeakNon-PeakNon-PeakNon-PeakNon-PeakNon-PeakNon-PeakNon-PeakNon-PeakNon-PeakNon-PeakNon-PeakNon-PeakNon-PeakNon-PeakNon-PeakNon-PeakNon-PeakNon-PeakNon-PeakNon-PeakNon-PeakNon-PeakNon-PeakNon-PeakNon-PeakNon-PeakNon-PeakNon-PeakNon-PeakNon-PeakNon-PeakNon-PeakNon-PeakNon-PeakNon-PeakNon-PeakNon-PeakNon-PeakNon-PeakNon-PeakNon-PeakNon-PeakNon-PeakNon-PeakNon-PeakNon-PeakNon-PeakPeakPeakPeakPeakPeakPeakPeakPeakPeakPeakPeakPeakPeakPeakPeakPeakPeakPeakPeakPeakPeakPeakPeakPeakPeakPeakPeakPeakPeakPeakPeakPeakPeakPeakPeakPeakPeakPeakPeakPeakPeakPeakPeakPeakPeakPeakPeakPeakPeakPeakPeakPeakPeakPeakPeakPeakPeakPeakPeakPeakPeakPeakPeakPeakPeakPeakPeakPeakPeakPeakPeakPeakPeakPeakPeakPeakPeakPeakPeakPeakPeakPeakPeakPeakPeakPeakPeakPeakPeakPeakPeakPeakPeakPeakPeakPeakPeakPeakPeakPeakPeakPeakPeakPeakPeakPeakPeakPeakPeakPeakPeakPeakPeakPeakPeakPeakPeakPeakPeakPeakPeakPeakPeakPeakPeakPeakPeakPeakPeakPeakPeakPeakPeakPeakPeakPeakPeakPeakPeakPeakPeakPeakPeakPeakPeakPeakPeakPeakPeakPeakPeakPeakPeakPeakPeakPeakPeakPeakPeakPeakPeakPeakPeakPeakPeakPeakPeakPeakPeakPeakPeakPeakPeakPeakPeakPeakPeakPeakPeakPeakPeakPeakPeakPeakPeakPeakPeakPeakPeakPeakPeakPeakPeakPeakPeakPeakPeakPeakPeakPeakPeakPeakPeakPeakNon-PeakNon-PeakNon-PeakNon-PeakNon-PeakNon-PeakNon-PeakNon-PeakNon-PeakNon-PeakNon-PeakNon-PeakNon-PeakNon-PeakNon-PeakNon-PeakNon-PeakNon-PeakNon-PeakNon-PeakNon-PeakNon-PeakNon-PeakNon-PeakNon-PeakNon-PeakNon-PeakNon-PeakNon-PeakNon-PeakNon-PeakNon-PeakNon-PeakNon-PeakNon-PeakNon-PeakNon-PeakNon-PeakNon-PeakNon-PeakNon-PeakNon-PeakNon-PeakNon-PeakNon-PeakNon-PeakNon-PeakNon-PeakNon-PeakNon-PeakNon-PeakNon-PeakNon-PeakNon-PeakNon-PeakNon-PeakNon-PeakNon-PeakNon-PeakNon-PeakNon-PeakNon-PeakNon-PeakNon-PeakNon-PeakNon-PeakNon-PeakNon-PeakNon-PeakNon-PeakNon-PeakNon-PeakNon-PeakNon-PeakNon-PeakNon-PeakNon-PeakNon-PeakNon-PeakNon-PeakNon-PeakNon-PeakNon-PeakNon-PeakNon-PeakNon-PeakNon-PeakNon-PeakNon-PeakNon-PeakNon-PeakNon-PeakNon-PeakNon-PeakNon-PeakNon-PeakNon-PeakNon-PeakNon-PeakNon-PeakNon-PeakNon-PeakNon-PeakNon-PeakNon-PeakNon-PeakNon-PeakNon-PeakNon-PeakNon-PeakNon-PeakNon-PeakNon-PeakNon-PeakNon-PeakNon-PeakNon-PeakNon-PeakNon-PeakNon-PeakNon-PeakNon-PeakNon-PeakNon-PeakNon-PeakNon-PeakNon-PeakNon-PeakNon-PeakNon-PeakNon-PeakNon-PeakNon-PeakNon-PeakNon-PeakNon-PeakNon-PeakNon-PeakNon-PeakNon-PeakNon-PeakNon-PeakNon-PeakNon-PeakNon-PeakNon-PeakNon-PeakNon-PeakNon-PeakNon-PeakNon-PeakNon-PeakNon-PeakNon-PeakNon-PeakNon-PeakNon-PeakNon-PeakNon-PeakNon-PeakNon-PeakNon-PeakNon-PeakNon-PeakNon-PeakNon-PeakNon-PeakNon-PeakNon-PeakNon-PeakNon-PeakNon-PeakNon-PeakNon-PeakNon-PeakNon-PeakNon-PeakNon-PeakNon-PeakNon-PeakNon-PeakNon-PeakNon-PeakNon-PeakNon-PeakNon-PeakNon-PeakNon-PeakNon-PeakNon-PeakNon-PeakNon-PeakNon-PeakNon-PeakNon-PeakNon-PeakNon-PeakNon-PeakNon-PeakNon-PeakNon-PeakNon-PeakNon-PeakNon-PeakNon-PeakNon-PeakNon-PeakNon-PeakNon-PeakNon-PeakNon-PeakNon-PeakNon-PeakNon-PeakNon-PeakNon-PeakNon-PeakNon-PeakNon-PeakNon-PeakNon-PeakNon-PeakNon-PeakNon-PeakNon-PeakNon-PeakNon-PeakNon-PeakNon-PeakNon-PeakNon-PeakNon-PeakNon-PeakNon-PeakNon-PeakNon-PeakNon-PeakNon-PeakNon-PeakNon-PeakNon-PeakNon-PeakNon-PeakNon-PeakNon-PeakNon-PeakNon-PeakNon-PeakNon-PeakNon-PeakNon-PeakNon-PeakNon-PeakNon-PeakNon-PeakNon-PeakNon-PeakNon-PeakNon-PeakNon-PeakNon-PeakNon-PeakNon-PeakNon-PeakNon-PeakNon-PeakNon-PeakNon-PeakNon-PeakNon-PeakNon-PeakNon-PeakNon-PeakNon-PeakNon-PeakNon-PeakNon-PeakNon-PeakNon-PeakNon-PeakNon-PeakNon-PeakNon-PeakNon-PeakNon-PeakNon-PeakNon-PeakNon-PeakNon-PeakNon-PeakNon-PeakNon-PeakNon-PeakNon-PeakNon-PeakNon-PeakNon-PeakNon-PeakNon-PeakNon-PeakNon-PeakNon-PeakNon-PeakNon-PeakNon-PeakNon-PeakNon-PeakNon-PeakNon-PeakNon-PeakNon-PeakNon-PeakNon-PeakNon-PeakNon-PeakNon-PeakPeakPeakPeakPeakPeakPeakPeakPeakPeakPeakPeakPeakPeakPeakPeakPeakPeakPeakPeakPeakPeakPeakPeakPeakPeakPeakPeakPeakPeakPeakPeakPeakPeakPeakPeakPeakPeakPeakPeakPeakPeakPeakPeakPeakPeakPeakPeakPeakPeakPeakPeakPeakPeakPeakPeakPeakPeakPeakPeakPeakPeakPeakPeakPeakPeakPeakPeakPeakPeakPeakPeakPeakPeakPeakPeakPeakPeakPeakPeakPeakPeakPeakPeakPeakPeakPeakPeakPeakPeakPeakPeakPeakPeakPeakPeakPeakPeakPeakPeakPeakPeakPeakPeakPeakPeakPeakPeakPeakPeakPeakPeakPeakPeakPeakPeakPeakPeakPeakPeakPeakPeakPeakPeakPeakPeakPeakPeakPeakPeakPeakPeakPeakPeakPeakPeakPeakPeakPeakPeakPeakPeakPeakPeakPeakPeakPeakNon-PeakNon-PeakNon-PeakNon-PeakNon-PeakNon-PeakNon-PeakNon-PeakNon-PeakNon-PeakNon-PeakNon-PeakNon-PeakNon-PeakNon-PeakNon-PeakNon-PeakNon-PeakNon-PeakNon-PeakNon-PeakNon-PeakNon-PeakNon-PeakNon-PeakNon-PeakNon-PeakNon-PeakNon-PeakNon-PeakNon-PeakNon-PeakNon-PeakNon-PeakNon-PeakNon-PeakNon-PeakNon-PeakNon-PeakNon-PeakNon-PeakNon-PeakNon-PeakNon-PeakNon-PeakNon-PeakNon-PeakNon-PeakNon-PeakNon-PeakNon-PeakNon-PeakNon-PeakNon-PeakNon-PeakNon-PeakNon-PeakNon-PeakNon-PeakNon-PeakNon-PeakNon-PeakNon-PeakNon-PeakNon-PeakNon-PeakNon-PeakNon-PeakNon-PeakNon-PeakNon-PeakNon-PeakNon-PeakNon-PeakNon-PeakNon-PeakNon-PeakNon-PeakNon-PeakNon-PeakNon-PeakNon-PeakNon-PeakNon-PeakNon-PeakNon-PeakNon-PeakNon-PeakNon-PeakNon-PeakNon-PeakNon-PeakNon-PeakNon-PeakNon-PeakNon-PeakNon-PeakNon-PeakNon-PeakNon-PeakNon-PeakNon-PeakNon-PeakNon-PeakNon-PeakNon-PeakNon-PeakNon-PeakNon-PeakNon-PeakNon-PeakNon-PeakNon-PeakNon-PeakNon-PeakNon-PeakNon-PeakNon-PeakNon-PeakNon-PeakNon-PeakNon-PeakNon-PeakNon-PeakNon-PeakNon-PeakNon-PeakNon-PeakNon-PeakNon-PeakNon-PeakNon-PeakNon-PeakNon-PeakNon-PeakNon-PeakNon-PeakNon-PeakNon-PeakNon-PeakNon-PeakNon-PeakNon-PeakNon-PeakNon-PeakNon-PeakNon-PeakNon-PeakNon-PeakNon-PeakNon-PeakNon-PeakNon-PeakNon-PeakNon-PeakNon-PeakNon-PeakNon-PeakNon-PeakNon-PeakNon-PeakNon-PeakNon-PeakNon-PeakNon-PeakNon-PeakNon-PeakNon-PeakNon-PeakNon-PeakNon-PeakNon-PeakNon-PeakNon-PeakNon-PeakNon-PeakNon-PeakNon-PeakNon-PeakNon-PeakNon-PeakNon-PeakNon-PeakPeakPeakPeakPeakPeakPeakPeakPeakPeakPeakPeakPeakPeakPeakPeakPeakPeakPeakPeakPeakPeakPeakPeakPeakPeakPeakPeakPeakPeakPeakPeakPeakPeakPeakPeakPeakPeakPeakPeakPeakPeakPeakPeakPeakPeakPeakPeakPeakPeakPeakPeakPeakPeakPeakPeakPeakPeakPeakPeakPeakPeakPeakPeakPeakPeakPeakPeakPeakPeakPeakPeakPeakPeakPeakPeakPeakPeakPeakPeakPeakPeakPeakPeakPeakPeakPeakPeakPeakPeakPeakPeakPeakPeakPeakPeakPeakPeakPeakPeakPeakPeakPeakPeakPeakPeakPeakPeakPeakPeakPeakPeakPeakPeakPeakPeakPeakPeakPeakPeakPeakPeakPeakPeakPeakPeakPeakPeakPeakPeakPeakPeakPeakPeakPeakPeakPeakPeakPeakPeakPeakPeakPeakPeakPeakPeakPeakPeakPeakPeakPeakPeakPeakPeakPeakPeakPeakPeakPeakPeakPeakPeakPeakPeakPeakPeakPeakPeakPeakPeakPeakPeakPeakPeakPeakPeakPeakPeakPeakPeakPeakPeakPeakPeakPeakPeakPeakPeakPeakPeakPeakPeakPeakPeakPeakPeakPeakNon-PeakNon-PeakNon-PeakNon-PeakNon-PeakNon-PeakNon-PeakNon-PeakNon-PeakNon-PeakNon-PeakNon-PeakNon-PeakNon-PeakNon-PeakNon-PeakNon-PeakNon-PeakNon-PeakNon-PeakNon-PeakNon-PeakNon-PeakNon-PeakNon-PeakNon-PeakNon-PeakNon-PeakNon-PeakNon-PeakNon-PeakNon-PeakNon-PeakNon-PeakNon-PeakNon-PeakNon-PeakNon-PeakNon-PeakNon-PeakNon-PeakNon-PeakNon-PeakNon-PeakNon-PeakNon-PeakNon-PeakNon-PeakNon-PeakNon-PeakNon-PeakNon-PeakNon-PeakNon-PeakNon-PeakNon-PeakNon-PeakNon-PeakNon-PeakNon-PeakNon-PeakNon-PeakNon-PeakNon-PeakNon-PeakNon-PeakNon-PeakNon-PeakNon-PeakNon-PeakNon-PeakNon-PeakNon-PeakNon-PeakNon-PeakNon-PeakNon-PeakNon-PeakNon-PeakNon-PeakNon-PeakNon-PeakNon-PeakNon-PeakNon-PeakNon-PeakNon-PeakNon-PeakNon-PeakNon-PeakNon-PeakNon-PeakNon-PeakNon-PeakNon-PeakNon-PeakNon-PeakNon-PeakNon-PeakNon-PeakNon-PeakNon-PeakNon-PeakNon-PeakNon-PeakNon-PeakNon-PeakNon-PeakNon-PeakNon-PeakNon-PeakNon-PeakNon-PeakNon-PeakNon-PeakNon-PeakNon-PeakNon-PeakNon-PeakNon-PeakNon-PeakNon-PeakNon-PeakNon-PeakNon-PeakNon-PeakNon-PeakNon-PeakNon-PeakNon-PeakNon-PeakNon-PeakNon-PeakNon-PeakNon-PeakNon-PeakNon-PeakNon-PeakNon-PeakNon-PeakNon-PeakNon-PeakNon-PeakNon-PeakNon-PeakNon-PeakNon-PeakNon-PeakNon-PeakNon-PeakNon-PeakNon-PeakNon-PeakNon-PeakNon-PeakNon-PeakNon-PeakNon-PeakNon-PeakNon-PeakNon-PeakNon-PeakNon-PeakNon-PeakNon-PeakNon-PeakNon-PeakNon-PeakNon-PeakNon-PeakNon-PeakNon-PeakNon-PeakNon-PeakNon-PeakNon-PeakNon-PeakNon-PeakNon-PeakNon-PeakNon-PeakNon-PeakNon-PeakNon-PeakNon-PeakNon-PeakNon-PeakNon-PeakNon-PeakNon-PeakNon-PeakNon-PeakNon-PeakNon-PeakNon-PeakNon-PeakNon-PeakNon-PeakNon-PeakNon-PeakNon-PeakNon-PeakNon-PeakNon-PeakNon-PeakNon-PeakNon-PeakNon-PeakNon-PeakNon-PeakNon-PeakNon-PeakNon-PeakNon-PeakNon-PeakNon-PeakNon-PeakNon-PeakNon-PeakNon-PeakNon-PeakNon-PeakNon-PeakNon-PeakNon-PeakNon-PeakNon-PeakNon-PeakNon-PeakNon-PeakNon-PeakNon-PeakNon-PeakNon-PeakNon-PeakNon-PeakNon-PeakNon-PeakNon-PeakNon-PeakNon-PeakNon-PeakNon-PeakNon-PeakNon-PeakNon-PeakNon-PeakNon-PeakNon-PeakNon-PeakNon-PeakNon-PeakNon-PeakNon-PeakNon-PeakNon-PeakNon-PeakNon-PeakNon-PeakNon-PeakNon-PeakNon-PeakNon-PeakNon-PeakNon-PeakNon-PeakNon-PeakNon-PeakNon-PeakNon-PeakNon-PeakNon-PeakNon-PeakNon-PeakNon-PeakNon-PeakNon-PeakNon-PeakNon-PeakNon-PeakNon-PeakNon-PeakNon-PeakNon-PeakNon-PeakNon-PeakNon-PeakNon-PeakNon-PeakNon-PeakNon-PeakNon-PeakPeakPeakPeakPeakPeakPeakPeakPeakPeakPeakPeakPeakPeakPeakPeakPeakPeakPeakPeakPeakPeakPeakPeakPeakPeakPeakPeakPeakPeakPeakPeakPeakPeakPeakPeakPeakPeakPeakPeakPeakPeakPeakPeakPeakPeakPeakPeakPeakPeakPeakPeakPeakPeakPeakPeakPeakPeakPeakPeakPeakPeakPeakPeakPeakPeakPeakPeakPeakPeakPeakPeakPeakPeakPeakPeakPeakPeakPeakPeakPeakPeakPeakPeakPeakPeakPeakPeakPeakPeakPeakPeakPeakPeakPeakPeakPeakPeakPeakPeakPeakPeakPeakPeakPeakPeakPeakPeakPeakPeakPeakPeakPeakPeakPeakPeakPeakPeakPeakPeakPeakPeakPeakPeakPeakPeakPeakPeakPeakPeakPeakPeakPeakNon-PeakNon-PeakNon-PeakNon-PeakNon-PeakNon-PeakNon-PeakNon-PeakNon-PeakNon-PeakNon-PeakNon-PeakNon-PeakNon-PeakNon-PeakNon-PeakNon-PeakNon-PeakNon-PeakNon-PeakNon-PeakNon-PeakNon-PeakNon-PeakNon-PeakNon-PeakNon-PeakNon-PeakNon-PeakNon-PeakNon-PeakNon-PeakNon-PeakNon-PeakNon-PeakNon-PeakNon-PeakNon-PeakNon-PeakNon-PeakNon-PeakNon-PeakNon-PeakNon-PeakNon-PeakNon-PeakNon-PeakNon-PeakNon-PeakNon-PeakNon-PeakNon-PeakNon-PeakNon-PeakNon-PeakNon-PeakNon-PeakNon-PeakNon-PeakNon-PeakNon-PeakNon-PeakNon-PeakNon-PeakNon-PeakNon-PeakNon-PeakNon-PeakNon-PeakNon-PeakNon-PeakNon-PeakNon-PeakNon-PeakNon-PeakNon-PeakNon-PeakNon-PeakNon-PeakNon-PeakNon-PeakNon-PeakNon-PeakNon-PeakNon-PeakNon-PeakNon-PeakNon-PeakNon-PeakNon-PeakNon-PeakNon-PeakNon-PeakNon-PeakNon-PeakNon-PeakNon-PeakNon-PeakNon-PeakNon-PeakNon-PeakNon-PeakNon-PeakNon-PeakNon-PeakNon-PeakNon-PeakNon-PeakNon-PeakNon-PeakNon-PeakNon-PeakNon-PeakNon-PeakNon-PeakNon-PeakNon-PeakNon-PeakNon-PeakNon-PeakNon-PeakNon-PeakNon-PeakNon-PeakNon-PeakNon-PeakNon-PeakNon-PeakNon-PeakNon-PeakNon-PeakNon-PeakNon-PeakNon-PeakNon-PeakNon-PeakNon-PeakNon-PeakNon-PeakNon-PeakNon-PeakNon-PeakNon-PeakNon-PeakNon-PeakNon-PeakNon-PeakNon-PeakNon-PeakNon-PeakNon-PeakNon-PeakNon-PeakNon-PeakNon-PeakNon-PeakNon-PeakNon-PeakNon-PeakNon-PeakNon-PeakNon-PeakNon-PeakNon-PeakNon-PeakNon-PeakNon-PeakNon-PeakNon-PeakNon-PeakNon-PeakNon-PeakNon-PeakNon-PeakNon-PeakNon-PeakNon-PeakNon-PeakNon-PeakNon-PeakNon-PeakNon-PeakNon-PeakNon-PeakNon-PeakNon-PeakNon-PeakNon-PeakNon-PeakNon-PeakNon-PeakNon-PeakNon-PeakNon-PeakNon-PeakNon-PeakNon-PeakNon-PeakNon-PeakNon-PeakNon-PeakNon-PeakNon-PeakNon-PeakNon-PeakNon-PeakNon-PeakNon-PeakNon-PeakNon-PeakNon-PeakNon-PeakNon-PeakNon-PeakNon-PeakNon-PeakNon-PeakNon-PeakNon-PeakNon-PeakNon-PeakNon-PeakNon-PeakNon-PeakNon-PeakNon-PeakNon-PeakNon-PeakNon-PeakNon-PeakNon-PeakNon-PeakPeakPeakPeakPeakPeakPeakPeakPeakPeakPeakPeakPeakPeakPeakPeakPeakPeakPeakPeakPeakPeakPeakPeakPeakPeakPeakPeakPeakPeakPeakPeakPeakPeakPeakPeakPeakPeakPeakPeakPeakPeakPeakPeakPeakPeakPeakPeakPeakPeakPeakPeakPeakPeakPeakPeakPeakPeakPeakPeakPeakPeakPeakPeakPeakPeakPeakPeakPeakPeakPeakPeakPeakPeakPeakPeakPeakPeakPeakPeakPeakPeakPeakPeakPeakPeakPeakPeakPeakPeakPeakPeakPeakPeakPeakPeakPeakPeakPeakPeakPeakPeakPeakPeakPeakPeakPeakPeakPeakPeakPeakPeakPeakPeakPeakPeakPeakPeakPeakPeakPeakPeakPeakPeakPeakPeakPeakPeakPeakPeakPeakPeakPeakPeakPeakPeakPeakPeakPeakPeakPeakPeakPeakPeakPeakPeakPeakPeakPeakPeakPeakPeakPeakPeakPeakPeakPeakPeakPeakPeakPeakPeakPeakPeakPeakPeakPeakPeakPeakPeakPeakPeakPeakPeakPeakPeakPeakPeakPeakPeakPeakPeakPeakPeakPeakNon-PeakNon-PeakNon-PeakNon-PeakNon-PeakNon-PeakNon-PeakNon-PeakNon-PeakNon-PeakNon-PeakNon-PeakNon-PeakNon-PeakNon-PeakNon-PeakNon-PeakNon-PeakNon-PeakNon-PeakNon-PeakNon-PeakNon-PeakNon-PeakNon-PeakNon-PeakNon-PeakNon-PeakNon-PeakNon-PeakNon-PeakNon-PeakNon-PeakNon-PeakNon-PeakNon-PeakNon-PeakNon-PeakNon-PeakNon-PeakNon-PeakNon-PeakNon-PeakNon-PeakNon-PeakNon-PeakNon-PeakNon-PeakNon-PeakNon-PeakNon-PeakNon-PeakNon-PeakNon-PeakNon-PeakNon-PeakNon-PeakNon-PeakNon-PeakNon-PeakNon-PeakNon-PeakNon-PeakNon-PeakNon-PeakNon-PeakNon-PeakNon-PeakNon-PeakNon-PeakNon-PeakNon-PeakNon-PeakNon-PeakNon-PeakNon-PeakNon-PeakNon-PeakNon-PeakNon-PeakNon-PeakNon-PeakNon-PeakNon-PeakNon-PeakNon-PeakNon-PeakNon-PeakNon-PeakNon-PeakNon-PeakNon-PeakNon-PeakNon-PeakNon-PeakNon-PeakNon-PeakNon-PeakNon-PeakNon-PeakNon-PeakNon-PeakNon-PeakNon-PeakNon-PeakNon-PeakNon-PeakNon-PeakNon-PeakNon-PeakNon-PeakNon-PeakNon-PeakNon-PeakNon-PeakNon-PeakNon-PeakNon-PeakNon-PeakNon-PeakNon-PeakNon-PeakNon-PeakNon-PeakNon-PeakNon-PeakNon-PeakNon-PeakNon-PeakNon-PeakNon-PeakNon-PeakNon-PeakNon-PeakNon-PeakNon-PeakNon-PeakNon-PeakNon-PeakNon-PeakNon-PeakNon-PeakNon-PeakNon-PeakNon-PeakNon-PeakNon-PeakNon-PeakNon-PeakNon-PeakNon-PeakNon-PeakNon-PeakNon-PeakNon-PeakNon-PeakNon-PeakNon-PeakNon-PeakNon-PeakNon-PeakNon-PeakNon-PeakNon-PeakNon-PeakNon-PeakNon-PeakNon-PeakNon-PeakNon-PeakNon-PeakNon-PeakNon-PeakNon-PeakNon-PeakNon-PeakNon-PeakNon-PeakNon-PeakNon-PeakNon-PeakNon-PeakNon-PeakNon-PeakNon-PeakNon-PeakNon-PeakNon-PeakNon-PeakNon-PeakNon-PeakNon-PeakNon-PeakNon-PeakNon-PeakNon-PeakNon-PeakNon-PeakNon-PeakNon-PeakNon-PeakNon-PeakNon-PeakNon-PeakNon-PeakNon-PeakNon-PeakNon-PeakNon-PeakNon-PeakNon-PeakNon-PeakNon-PeakNon-PeakNon-PeakNon-PeakNon-PeakNon-PeakNon-PeakNon-PeakNon-PeakNon-PeakNon-PeakNon-PeakNon-PeakNon-PeakNon-PeakNon-PeakNon-PeakNon-PeakNon-PeakNon-PeakNon-PeakNon-PeakNon-PeakNon-PeakNon-PeakNon-PeakNon-PeakNon-PeakNon-PeakNon-PeakNon-PeakNon-PeakNon-PeakNon-PeakNon-PeakNon-PeakNon-PeakNon-PeakNon-PeakNon-PeakNon-PeakNon-PeakNon-PeakNon-PeakNon-PeakNon-PeakNon-PeakNon-PeakNon-PeakNon-PeakNon-PeakNon-PeakNon-PeakNon-PeakNon-PeakNon-PeakNon-PeakNon-PeakNon-PeakNon-PeakNon-PeakNon-PeakNon-PeakNon-PeakNon-PeakNon-PeakNon-PeakNon-PeakNon-PeakNon-PeakNon-PeakNon-PeakNon-PeakNon-PeakNon-PeakNon-PeakNon-PeakNon-PeakNon-PeakNon-PeakNon-PeakNon-PeakNon-PeakNon-PeakNon-PeakNon-PeakNon-PeakNon-PeakNon-PeakNon-PeakNon-PeakNon-PeakNon-PeakNon-PeakNon-PeakNon-PeakNon-PeakNon-PeakPeakPeakPeakPeakPeakPeakPeakPeakPeakPeakPeakPeakPeakPeakPeakPeakPeakPeakPeakPeakPeakPeakPeakPeakPeakPeakPeakPeakPeakPeakPeakPeakPeakPeakPeakPeakPeakPeakPeakPeakPeakPeakPeakPeakPeakPeakPeakPeakPeakPeakPeakPeakPeakPeakPeakPeakPeakPeakPeakPeakPeakPeakPeakPeakPeakPeakPeakPeakPeakPeakPeakPeakPeakPeakPeakPeakPeakPeakPeakPeakPeakPeakPeakPeakPeakPeakPeakPeakPeakPeakPeakPeakPeakPeakPeakPeakPeakPeakPeakPeakPeakPeakPeakPeakPeakPeakPeakPeakPeakPeakPeakPeakPeakPeakNon-PeakNon-PeakNon-PeakNon-PeakNon-PeakNon-PeakNon-PeakNon-PeakNon-PeakNon-PeakNon-PeakNon-PeakNon-PeakNon-PeakNon-PeakNon-PeakNon-PeakNon-PeakNon-PeakNon-PeakNon-PeakNon-PeakNon-PeakNon-PeakNon-PeakNon-PeakNon-PeakNon-PeakNon-PeakNon-PeakNon-PeakNon-PeakNon-PeakNon-PeakNon-PeakNon-PeakNon-PeakNon-PeakNon-PeakNon-PeakNon-PeakNon-PeakNon-PeakNon-PeakNon-PeakNon-PeakNon-PeakNon-PeakNon-PeakNon-PeakNon-PeakNon-PeakNon-PeakNon-PeakNon-PeakNon-PeakNon-PeakNon-PeakNon-PeakNon-PeakNon-PeakNon-PeakNon-PeakNon-PeakNon-PeakNon-PeakNon-PeakNon-PeakNon-PeakNon-PeakNon-PeakNon-PeakNon-PeakNon-PeakNon-PeakNon-PeakNon-PeakNon-PeakNon-PeakNon-PeakNon-PeakNon-PeakNon-PeakNon-PeakNon-PeakNon-PeakNon-PeakNon-PeakNon-PeakNon-PeakNon-PeakNon-PeakNon-PeakNon-PeakNon-PeakNon-PeakNon-PeakNon-PeakNon-PeakNon-PeakNon-PeakNon-PeakNon-PeakNon-PeakNon-PeakNon-PeakNon-PeakNon-PeakNon-PeakNon-PeakNon-PeakNon-PeakNon-PeakNon-PeakNon-PeakNon-PeakNon-PeakNon-PeakNon-PeakNon-PeakNon-PeakNon-PeakNon-PeakNon-PeakNon-PeakNon-PeakNon-PeakNon-PeakNon-PeakNon-PeakNon-PeakNon-PeakNon-PeakNon-PeakNon-PeakNon-PeakNon-PeakNon-PeakNon-PeakNon-PeakNon-PeakNon-PeakNon-PeakNon-PeakNon-PeakNon-PeakNon-PeakNon-PeakNon-PeakNon-PeakNon-PeakNon-PeakNon-PeakNon-PeakNon-PeakNon-PeakNon-PeakNon-PeakNon-PeakNon-PeakNon-PeakNon-PeakNon-PeakNon-PeakNon-PeakNon-PeakNon-PeakNon-PeakNon-PeakNon-PeakNon-PeakNon-PeakNon-PeakNon-PeakNon-PeakNon-PeakNon-PeakNon-PeakNon-PeakNon-PeakNon-PeakNon-PeakNon-PeakNon-PeakNon-PeakNon-PeakNon-PeakNon-PeakNon-PeakNon-PeakNon-PeakNon-PeakNon-PeakNon-PeakNon-PeakNon-PeakNon-PeakNon-PeakNon-PeakNon-PeakNon-PeakNon-PeakNon-PeakNon-PeakNon-PeakNon-PeakNon-PeakNon-PeakNon-PeakNon-PeakNon-PeakNon-PeakNon-PeakNon-PeakNon-PeakNon-PeakNon-PeakNon-PeakNon-PeakNon-PeakPeakPeakPeakPeakPeakPeakPeakPeakPeakPeakPeakPeakPeakPeakPeakPeakPeakPeakPeakPeakPeakPeakPeakPeakPeakPeakPeakPeakPeakPeakPeakPeakPeakPeakPeakPeakPeakPeakPeakPeakPeakPeakPeakPeakPeakPeakPeakPeakPeakPeakPeakPeakPeakPeakPeakPeakPeakPeakPeakPeakPeakPeakPeakPeakPeakPeakPeakPeakPeakPeakPeakPeakPeakPeakPeakPeakPeakPeakPeakPeakPeakPeakPeakPeakPeakPeakPeakPeakPeakPeakPeakPeakPeakPeakPeakPeakPeakPeakPeakPeakPeakPeakPeakPeakPeakPeakPeakPeakPeakPeakPeakPeakPeakPeakPeakPeakPeakPeakPeakPeakPeakPeakPeakPeakPeakPeakPeakPeakPeakPeakPeakPeakPeakPeakPeakPeakPeakPeakPeakPeakPeakPeakPeakPeakPeakPeakPeakPeakPeakPeakPeakPeakPeakPeakPeakPeakPeakPeakPeakNon-PeakNon-PeakNon-PeakNon-PeakNon-PeakNon-PeakNon-PeakNon-PeakNon-PeakNon-PeakNon-PeakNon-PeakNon-PeakNon-PeakNon-PeakNon-PeakNon-PeakNon-PeakNon-PeakNon-PeakNon-PeakNon-PeakNon-PeakNon-PeakNon-PeakNon-PeakNon-PeakNon-PeakNon-PeakNon-PeakNon-PeakNon-PeakNon-PeakNon-PeakNon-PeakNon-PeakNon-PeakNon-PeakNon-PeakNon-PeakNon-PeakNon-PeakNon-PeakNon-PeakNon-PeakNon-PeakNon-PeakNon-PeakNon-PeakNon-PeakNon-PeakNon-PeakNon-PeakNon-PeakNon-PeakNon-PeakNon-PeakNon-PeakNon-PeakNon-PeakNon-PeakNon-PeakNon-PeakNon-PeakNon-PeakNon-PeakNon-PeakNon-PeakNon-PeakNon-PeakNon-PeakNon-PeakNon-PeakNon-PeakNon-PeakNon-PeakNon-PeakNon-PeakNon-PeakNon-PeakNon-PeakNon-PeakNon-PeakNon-PeakNon-PeakNon-PeakNon-PeakNon-PeakNon-PeakNon-PeakNon-PeakNon-PeakNon-PeakNon-PeakNon-PeakNon-PeakNon-PeakNon-PeakNon-PeakNon-PeakNon-PeakNon-PeakNon-PeakNon-PeakNon-PeakNon-PeakNon-PeakNon-PeakNon-PeakNon-PeakNon-PeakNon-PeakNon-PeakNon-PeakNon-PeakNon-PeakNon-PeakNon-PeakNon-PeakNon-PeakNon-PeakNon-PeakNon-PeakNon-PeakNon-PeakNon-PeakNon-PeakNon-PeakNon-PeakNon-PeakNon-PeakNon-PeakNon-PeakNon-PeakNon-PeakNon-PeakNon-PeakNon-PeakNon-PeakNon-PeakNon-PeakNon-PeakNon-PeakNon-PeakNon-PeakNon-PeakNon-PeakNon-PeakNon-PeakNon-PeakNon-PeakNon-PeakNon-PeakNon-PeakNon-PeakNon-PeakNon-PeakNon-PeakNon-PeakNon-PeakNon-PeakNon-PeakNon-PeakNon-PeakNon-PeakNon-PeakNon-PeakNon-PeakNon-PeakNon-PeakNon-PeakNon-PeakNon-PeakNon-PeakNon-PeakNon-PeakNon-PeakNon-PeakNon-PeakNon-PeakNon-PeakNon-PeakNon-PeakNon-PeakNon-PeakNon-PeakNon-PeakNon-PeakNon-PeakNon-PeakNon-PeakNon-PeakNon-PeakNon-PeakNon-PeakNon-PeakNon-PeakNon-PeakNon-PeakNon-PeakNon-PeakNon-PeakNon-PeakNon-PeakNon-PeakNon-PeakNon-PeakNon-PeakNon-PeakNon-PeakNon-PeakNon-PeakNon-PeakNon-PeakNon-PeakNon-PeakNon-PeakNon-PeakNon-PeakNon-PeakNon-PeakNon-PeakNon-PeakNon-PeakNon-PeakNon-PeakNon-PeakNon-PeakNon-PeakNon-PeakNon-PeakNon-PeakNon-PeakNon-PeakNon-PeakNon-PeakNon-PeakNon-PeakNon-PeakNon-PeakNon-PeakNon-PeakNon-PeakNon-PeakNon-PeakNon-PeakNon-PeakNon-PeakNon-PeakNon-PeakNon-PeakNon-PeakNon-PeakNon-PeakNon-PeakNon-PeakNon-PeakNon-PeakNon-PeakNon-PeakNon-PeakNon-PeakNon-PeakNon-PeakNon-PeakNon-PeakNon-PeakNon-PeakNon-PeakNon-PeakNon-PeakNon-PeakNon-PeakNon-PeakNon-PeakNon-PeakNon-PeakNon-PeakNon-PeakNon-PeakNon-PeakNon-PeakNon-PeakNon-PeakNon-PeakNon-PeakNon-PeakNon-PeakNon-PeakNon-PeakNon-PeakNon-PeakNon-PeakNon-PeakNon-PeakNon-PeakPeakPeakPeakPeakPeakPeakPeakPeakPeakPeakPeakPeakPeakPeakPeakPeakPeakPeakPeakPeakPeakPeakPeakPeakPeakPeakPeakPeakPeakPeakPeakPeakPeakPeakPeakPeakPeakPeakPeakPeakPeakPeakPeakPeakPeakPeakPeakPeakPeakPeakPeakPeakPeakPeakPeakPeakPeakPeakPeakPeakPeakPeakPeakPeakPeakPeakPeakPeakPeakPeakPeakPeakPeakPeakPeakPeakPeakPeakPeakPeakPeakPeakPeakPeakPeakPeakPeakPeakPeakPeakPeakPeakPeakPeakPeakPeakPeakPeakPeakPeakPeakPeakPeakPeakPeakPeakPeakPeakPeakPeakPeakPeakPeakPeakPeakPeakPeakPeakPeakPeakPeakPeakPeakPeakPeakPeakPeakPeakPeakPeakPeakPeakPeakPeakPeakPeakPeakPeakNon-PeakNon-PeakNon-PeakNon-PeakNon-PeakNon-PeakNon-PeakNon-PeakNon-PeakNon-PeakNon-PeakNon-PeakNon-PeakNon-PeakNon-PeakNon-PeakNon-PeakNon-PeakNon-PeakNon-PeakNon-PeakNon-PeakNon-PeakNon-PeakNon-PeakNon-PeakNon-PeakNon-PeakNon-PeakNon-PeakNon-PeakNon-PeakNon-PeakNon-PeakNon-PeakNon-PeakNon-PeakNon-PeakNon-PeakNon-PeakNon-PeakNon-PeakNon-PeakNon-PeakNon-PeakNon-PeakNon-PeakNon-PeakNon-PeakNon-PeakNon-PeakNon-PeakNon-PeakNon-PeakNon-PeakNon-PeakNon-PeakNon-PeakNon-PeakNon-PeakNon-PeakNon-PeakNon-PeakNon-PeakNon-PeakNon-PeakNon-PeakNon-PeakNon-PeakNon-PeakNon-PeakNon-PeakNon-PeakNon-PeakNon-PeakNon-PeakNon-PeakNon-PeakNon-PeakNon-PeakNon-PeakNon-PeakNon-PeakNon-PeakNon-PeakNon-PeakNon-PeakNon-PeakNon-PeakNon-PeakNon-PeakNon-PeakNon-PeakNon-PeakNon-PeakNon-PeakNon-PeakNon-PeakNon-PeakNon-PeakNon-PeakNon-PeakNon-PeakNon-PeakNon-PeakNon-PeakNon-PeakNon-PeakNon-PeakNon-PeakNon-PeakNon-PeakNon-PeakNon-PeakNon-PeakNon-PeakNon-PeakNon-PeakNon-PeakNon-PeakNon-PeakNon-PeakNon-PeakNon-PeakNon-PeakNon-PeakNon-PeakNon-PeakNon-PeakNon-PeakNon-PeakNon-PeakNon-PeakNon-PeakNon-PeakNon-PeakNon-PeakNon-PeakNon-PeakNon-PeakNon-PeakNon-PeakNon-PeakNon-PeakNon-PeakNon-PeakNon-PeakNon-PeakNon-PeakNon-PeakNon-PeakNon-PeakNon-PeakNon-PeakNon-PeakNon-PeakNon-PeakNon-PeakNon-PeakNon-PeakNon-PeakNon-PeakNon-PeakNon-PeakNon-PeakNon-PeakNon-PeakNon-PeakNon-PeakNon-PeakNon-PeakNon-PeakNon-PeakNon-PeakNon-PeakNon-PeakNon-PeakNon-PeakNon-PeakNon-PeakNon-PeakNon-PeakNon-PeakNon-PeakNon-PeakNon-PeakNon-PeakNon-PeakNon-PeakNon-PeakNon-PeakNon-PeakNon-PeakNon-PeakNon-PeakNon-PeakNon-PeakNon-PeakPeakPeakPeakPeakPeakPeakPeakPeakPeakPeakPeakPeakPeakPeakPeakPeakPeakPeakPeakPeakPeakPeakPeakPeakPeakPeakPeakPeakPeakPeakPeakPeakPeakPeakPeakPeakPeakPeakPeakPeakPeakPeakPeakPeakPeakPeakPeakPeakPeakPeakPeakPeakPeakPeakPeakPeakPeakPeakPeakPeakPeakPeakPeakPeakPeakPeakPeakPeakPeakPeakPeakPeakPeakPeakPeakPeakPeakPeakPeakPeakPeakPeakPeakPeakPeakPeakPeakPeakPeakPeakPeakPeakPeakPeakPeakPeakPeakPeakPeakPeakPeakPeakPeakPeakPeakPeakPeakPeakPeakPeakPeakPeakPeakPeakPeakPeakPeakPeakPeakPeakPeakPeakPeakPeakPeakPeakPeakPeakPeakPeakPeakPeakPeakPeakPeakPeakPeakPeakPeakPeakPeakPeakPeakPeakPeakPeakPeakPeakPeakPeakPeakPeakPeakPeakPeakPeakPeakPeakPeakPeakPeakPeakPeakPeakPeakPeakNon-PeakNon-PeakNon-PeakNon-PeakNon-PeakNon-PeakNon-PeakNon-PeakNon-PeakNon-PeakNon-PeakNon-PeakNon-PeakNon-PeakNon-PeakNon-PeakNon-PeakNon-PeakNon-PeakNon-PeakNon-PeakNon-PeakNon-PeakNon-PeakNon-PeakNon-PeakNon-PeakNon-PeakNon-PeakNon-PeakNon-PeakNon-PeakNon-PeakNon-PeakNon-PeakNon-PeakNon-PeakNon-PeakNon-PeakNon-PeakNon-PeakNon-PeakNon-PeakNon-PeakNon-PeakNon-PeakNon-PeakNon-PeakNon-PeakNon-PeakNon-PeakNon-PeakNon-PeakNon-PeakNon-PeakNon-PeakNon-PeakNon-PeakNon-PeakNon-PeakNon-PeakNon-PeakNon-PeakNon-PeakNon-PeakNon-PeakNon-PeakNon-PeakNon-PeakNon-PeakNon-PeakNon-PeakNon-PeakNon-PeakNon-PeakNon-PeakNon-PeakNon-PeakNon-PeakNon-PeakNon-PeakNon-PeakNon-PeakNon-PeakNon-PeakNon-PeakNon-PeakNon-PeakNon-PeakNon-PeakNon-PeakNon-PeakNon-PeakNon-PeakNon-PeakNon-PeakNon-PeakNon-PeakNon-PeakNon-PeakNon-PeakNon-PeakNon-PeakNon-PeakNon-PeakNon-PeakNon-PeakNon-PeakNon-PeakNon-PeakNon-PeakNon-PeakNon-PeakNon-PeakNon-PeakNon-PeakNon-PeakNon-PeakNon-PeakNon-PeakNon-PeakNon-PeakNon-PeakNon-PeakNon-PeakNon-PeakNon-PeakNon-PeakNon-PeakNon-PeakNon-PeakNon-PeakNon-PeakNon-PeakNon-PeakNon-PeakNon-PeakNon-PeakNon-PeakNon-PeakNon-PeakNon-PeakNon-PeakNon-PeakNon-PeakNon-PeakNon-PeakNon-PeakNon-PeakNon-PeakNon-PeakNon-PeakNon-PeakNon-PeakNon-PeakNon-PeakNon-PeakNon-PeakNon-PeakNon-PeakNon-PeakNon-PeakNon-PeakNon-PeakNon-PeakNon-PeakNon-PeakNon-PeakNon-PeakNon-PeakNon-PeakNon-PeakNon-PeakNon-PeakNon-PeakNon-PeakNon-PeakNon-PeakNon-PeakNon-PeakNon-PeakNon-PeakNon-PeakNon-PeakNon-PeakNon-PeakNon-PeakNon-PeakNon-PeakNon-PeakNon-PeakNon-PeakNon-PeakNon-PeakNon-PeakNon-PeakNon-PeakNon-PeakNon-PeakNon-PeakNon-PeakNon-PeakNon-PeakNon-PeakNon-PeakNon-PeakNon-PeakNon-PeakNon-PeakNon-PeakNon-PeakNon-PeakNon-PeakNon-PeakNon-PeakNon-PeakNon-PeakNon-PeakNon-PeakNon-PeakNon-PeakNon-PeakNon-PeakNon-PeakNon-PeakNon-PeakNon-PeakNon-PeakNon-PeakNon-PeakNon-PeakNon-PeakNon-PeakNon-PeakNon-PeakNon-PeakNon-PeakNon-PeakNon-PeakNon-PeakNon-PeakNon-PeakNon-PeakNon-PeakNon-PeakNon-PeakNon-PeakNon-PeakNon-PeakNon-PeakNon-PeakNon-PeakNon-PeakNon-PeakNon-PeakNon-PeakNon-PeakNon-PeakNon-PeakNon-PeakNon-PeakNon-PeakNon-PeakNon-PeakNon-PeakNon-PeakNon-PeakNon-PeakNon-PeakNon-PeakNon-PeakNon-PeakNon-PeakNon-PeakNon-PeakNon-PeakNon-PeakNon-PeakNon-PeakNon-PeakNon-PeakNon-PeakNon-PeakNon-PeakNon-PeakNon-PeakNon-PeakNon-PeakNon-PeakNon-PeakNon-PeakNon-PeakNon-PeakNon-PeakNon-PeakNon-PeakNon-PeakNon-PeakNon-PeakNon-PeakNon-PeakNon-PeakNon-PeakNon-PeakNon-PeakNon-PeakNon-PeakPeakPeakPeakPeakPeakPeakPeakPeakPeakPeakPeakPeakPeakPeakPeakPeakPeakPeakPeakPeakPeakPeakPeakPeakPeakPeakPeakPeakPeakPeakPeakPeakPeakPeakPeakPeakPeakPeakPeakPeakPeakPeakPeakPeakPeakPeakPeakPeakPeakPeakPeakPeakPeakPeakPeakPeakPeakPeakPeakPeakPeakPeakPeakPeakPeakPeakPeakPeakPeakPeakPeakPeakPeakPeakPeakPeakPeakPeakPeakPeakPeakPeakPeakPeakPeakPeakPeakPeakPeakPeakPeakPeakPeakPeakPeakPeakPeakPeakPeakPeakPeakPeakPeakPeakPeakPeakPeakPeakPeakPeakPeakPeakPeakPeakPeakPeakPeakPeakPeakPeakPeakPeakPeakPeakPeakPeakPeakPeakPeakPeakPeakPeakPeakPeakPeakPeakPeakPeakPeakPeakPeakPeakPeakPeakPeakPeakPeakNon-PeakNon-PeakNon-PeakNon-PeakNon-PeakNon-PeakNon-PeakNon-PeakNon-PeakNon-PeakNon-PeakNon-PeakNon-PeakNon-PeakNon-PeakNon-PeakNon-PeakNon-PeakNon-PeakNon-PeakNon-PeakNon-PeakNon-PeakNon-PeakNon-PeakNon-PeakNon-PeakNon-PeakNon-PeakNon-PeakNon-PeakNon-PeakNon-PeakNon-PeakNon-PeakNon-PeakNon-PeakNon-PeakNon-PeakNon-PeakNon-PeakNon-PeakNon-PeakNon-PeakNon-PeakNon-PeakNon-PeakNon-PeakNon-PeakNon-PeakNon-PeakNon-PeakNon-PeakNon-PeakNon-PeakNon-PeakNon-PeakNon-PeakNon-PeakNon-PeakNon-PeakNon-PeakNon-PeakNon-PeakNon-PeakNon-PeakNon-PeakNon-PeakNon-PeakNon-PeakNon-PeakNon-PeakNon-PeakNon-PeakNon-PeakNon-PeakNon-PeakNon-PeakNon-PeakNon-PeakNon-PeakNon-PeakNon-PeakNon-PeakNon-PeakNon-PeakNon-PeakNon-PeakNon-PeakNon-PeakNon-PeakNon-PeakNon-PeakNon-PeakNon-PeakNon-PeakNon-PeakNon-PeakNon-PeakNon-PeakNon-PeakNon-PeakNon-PeakNon-PeakNon-PeakNon-PeakNon-PeakNon-PeakNon-PeakNon-PeakNon-PeakNon-PeakNon-PeakNon-PeakNon-PeakNon-PeakNon-PeakNon-PeakNon-PeakNon-PeakNon-PeakNon-PeakNon-PeakNon-PeakNon-PeakNon-PeakNon-PeakNon-PeakNon-PeakNon-PeakNon-PeakNon-PeakNon-PeakNon-PeakNon-PeakNon-PeakNon-PeakNon-PeakNon-PeakNon-PeakNon-PeakNon-PeakNon-PeakNon-PeakNon-PeakNon-PeakNon-PeakNon-PeakNon-PeakNon-PeakNon-PeakNon-PeakNon-PeakNon-PeakNon-PeakNon-PeakNon-PeakNon-PeakNon-PeakNon-PeakNon-PeakNon-PeakNon-PeakNon-PeakNon-PeakNon-PeakNon-PeakNon-PeakNon-PeakNon-PeakNon-PeakNon-PeakNon-PeakNon-PeakNon-PeakNon-PeakNon-PeakNon-PeakNon-PeakNon-PeakNon-PeakNon-PeakNon-PeakNon-PeakNon-PeakNon-PeakNon-PeakNon-PeakNon-PeakNon-PeakNon-PeakNon-PeakNon-PeakNon-PeakNon-PeakNon-PeakNon-PeakNon-PeakNon-PeakNon-PeakNon-PeakNon-PeakNon-PeakNon-PeakNon-PeakNon-PeakNon-PeakNon-PeakNon-PeakNon-PeakNon-PeakNon-PeakPeakPeakPeakPeakPeakPeakPeakPeakPeakPeakPeakPeakPeakPeakPeakPeakPeakPeakPeakPeakPeakPeakPeakPeakPeakPeakPeakPeakPeakPeakPeakPeakPeakPeakPeakPeakPeakPeakPeakPeakPeakPeakPeakPeakPeakPeakPeakPeakPeakPeakPeakPeakPeakPeakPeakPeakPeakPeakPeakPeakPeakPeakPeakPeakPeakPeakPeakPeakPeakPeakPeakPeakPeakPeakPeakPeakPeakPeakPeakPeakPeakPeakPeakPeakPeakPeakPeakPeakPeakPeakPeakPeakPeakPeakPeakPeakPeakPeakPeakPeakPeakPeakPeakPeakPeakPeakPeakPeakPeakPeakPeakPeakPeakPeakPeakPeakPeakPeakPeakPeakPeakPeakPeakPeakPeakPeakPeakPeakPeakPeakPeakPeakPeakPeakPeakPeakPeakPeakPeakPeakPeakPeakPeakPeakPeakPeakPeakPeakPeakPeakPeakPeakPeakPeakPeakPeakPeakPeakPeakPeakPeakPeakPeakPeakPeakPeakPeakPeakPeakPeakPeakPeakPeakNon-PeakNon-PeakNon-PeakNon-PeakNon-PeakNon-PeakNon-PeakNon-PeakNon-PeakNon-PeakNon-PeakNon-PeakNon-PeakNon-PeakNon-PeakNon-PeakNon-PeakNon-PeakNon-PeakNon-PeakNon-PeakNon-PeakNon-PeakNon-PeakNon-PeakNon-PeakNon-PeakNon-PeakNon-PeakNon-PeakNon-PeakNon-PeakNon-PeakNon-PeakNon-PeakNon-PeakNon-PeakNon-PeakNon-PeakNon-PeakNon-PeakNon-PeakNon-PeakNon-PeakNon-PeakNon-PeakNon-PeakNon-PeakNon-PeakNon-PeakNon-PeakNon-PeakNon-PeakNon-PeakNon-PeakNon-PeakNon-PeakNon-PeakNon-PeakNon-PeakNon-PeakNon-PeakNon-PeakNon-PeakNon-PeakNon-PeakNon-PeakNon-PeakNon-PeakNon-PeakNon-PeakNon-PeakNon-PeakNon-PeakNon-PeakNon-PeakNon-PeakNon-PeakNon-PeakNon-PeakNon-PeakNon-PeakNon-PeakNon-PeakNon-PeakNon-PeakNon-PeakNon-PeakNon-PeakNon-PeakNon-PeakNon-PeakNon-PeakNon-PeakNon-PeakNon-PeakNon-PeakNon-PeakNon-PeakNon-PeakNon-PeakNon-PeakNon-PeakNon-PeakNon-PeakNon-PeakNon-PeakNon-PeakNon-PeakNon-PeakNon-PeakNon-PeakNon-PeakNon-PeakNon-PeakNon-PeakNon-PeakNon-PeakNon-PeakNon-PeakNon-PeakNon-PeakNon-PeakNon-PeakNon-PeakNon-PeakNon-PeakNon-PeakNon-PeakNon-PeakNon-PeakNon-PeakNon-PeakNon-PeakNon-PeakNon-PeakNon-PeakNon-PeakNon-PeakNon-PeakNon-PeakNon-PeakNon-PeakNon-PeakNon-PeakNon-PeakNon-PeakNon-PeakNon-PeakNon-PeakNon-PeakNon-PeakNon-PeakNon-PeakNon-PeakNon-PeakNon-PeakNon-PeakNon-PeakNon-PeakNon-PeakNon-PeakNon-PeakNon-PeakNon-PeakNon-PeakNon-PeakNon-PeakNon-PeakNon-PeakNon-PeakNon-PeakNon-PeakNon-PeakNon-PeakNon-PeakNon-PeakNon-PeakNon-PeakNon-PeakNon-PeakNon-PeakNon-PeakNon-PeakNon-PeakNon-PeakNon-PeakNon-PeakNon-PeakNon-PeakNon-PeakNon-PeakNon-PeakNon-PeakNon-PeakNon-PeakNon-PeakNon-PeakNon-PeakNon-PeakNon-PeakNon-PeakNon-PeakNon-PeakNon-PeakNon-PeakNon-PeakNon-PeakNon-PeakNon-PeakNon-PeakNon-PeakNon-PeakNon-PeakNon-PeakNon-PeakNon-PeakNon-PeakNon-PeakNon-PeakNon-PeakNon-PeakNon-PeakNon-PeakNon-PeakNon-PeakNon-PeakNon-PeakNon-PeakNon-PeakNon-PeakNon-PeakNon-PeakNon-PeakNon-PeakNon-PeakNon-PeakNon-PeakNon-PeakNon-PeakNon-PeakNon-PeakNon-PeakNon-PeakNon-PeakNon-PeakNon-PeakNon-PeakNon-PeakNon-PeakNon-PeakNon-PeakNon-PeakNon-PeakNon-PeakNon-PeakNon-PeakNon-PeakNon-PeakNon-PeakNon-PeakNon-PeakNon-PeakNon-PeakNon-PeakNon-PeakNon-PeakNon-PeakNon-PeakNon-PeakNon-PeakNon-PeakNon-PeakNon-PeakNon-PeakNon-PeakNon-PeakNon-PeakNon-PeakNon-PeakNon-PeakNon-PeakNon-PeakNon-PeakNon-PeakNon-PeakNon-PeakNon-PeakNon-PeakNon-PeakNon-PeakNon-PeakNon-PeakNon-PeakNon-PeakNon-PeakNon-PeakNon-PeakNon-PeakNon-PeakNon-PeakNon-PeakPeakPeakPeakPeakPeakPeakPeakPeakPeakPeakPeakPeakPeakPeakPeakPeakPeakPeakPeakPeakPeakPeakPeakPeakPeakPeakPeakPeakPeakPeakPeakPeakPeakPeakPeakPeakPeakPeakPeakPeakPeakPeakPeakPeakPeakPeakPeakPeakPeakPeakPeakPeakPeakPeakPeakPeakPeakPeakPeakPeakPeakPeakPeakPeakPeakPeakPeakPeakPeakPeakPeakPeakPeakPeakPeakPeakPeakPeakPeakPeakPeakPeakPeakPeakPeakPeakPeakPeakPeakPeakPeakPeakPeakPeakPeakPeakPeakPeakPeakPeakPeakPeakPeakPeakPeakPeakPeakPeakPeakPeakPeakPeakPeakPeakPeakPeakPeakPeakPeakPeakPeakPeakPeakPeakPeakPeakPeakPeakPeakPeakPeakPeakPeakPeakPeakPeakPeakPeakPeakPeakPeakPeakPeakPeakPeakPeakPeakPeakNon-PeakNon-PeakNon-PeakNon-PeakNon-PeakNon-PeakNon-PeakNon-PeakNon-PeakNon-PeakNon-PeakNon-PeakNon-PeakNon-PeakNon-PeakNon-PeakNon-PeakNon-PeakNon-PeakNon-PeakNon-PeakNon-PeakNon-PeakNon-PeakNon-PeakNon-PeakNon-PeakNon-PeakNon-PeakNon-PeakNon-PeakNon-PeakNon-PeakNon-PeakNon-PeakNon-PeakNon-PeakNon-PeakNon-PeakNon-PeakNon-PeakNon-PeakNon-PeakNon-PeakNon-PeakNon-PeakNon-PeakNon-PeakNon-PeakNon-PeakNon-PeakNon-PeakNon-PeakNon-PeakNon-PeakNon-PeakNon-PeakNon-PeakNon-PeakNon-PeakNon-PeakNon-PeakNon-PeakNon-PeakNon-PeakNon-PeakNon-PeakNon-PeakNon-PeakNon-PeakNon-PeakNon-PeakNon-PeakNon-PeakNon-PeakNon-PeakNon-PeakNon-PeakNon-PeakNon-PeakNon-PeakNon-PeakNon-PeakNon-PeakNon-PeakNon-PeakNon-PeakNon-PeakNon-PeakNon-PeakNon-PeakNon-PeakNon-PeakNon-PeakNon-PeakNon-PeakNon-PeakNon-PeakNon-PeakNon-PeakNon-PeakNon-PeakNon-PeakNon-PeakNon-PeakNon-PeakNon-PeakNon-PeakNon-PeakNon-PeakNon-PeakNon-PeakNon-PeakNon-PeakNon-PeakNon-PeakNon-PeakNon-PeakNon-PeakNon-PeakNon-PeakNon-PeakNon-PeakNon-PeakNon-PeakNon-PeakNon-PeakNon-PeakNon-PeakNon-PeakNon-PeakNon-PeakNon-PeakNon-PeakNon-PeakNon-PeakNon-PeakNon-PeakNon-PeakNon-PeakNon-PeakNon-PeakNon-PeakNon-PeakNon-PeakNon-PeakNon-PeakNon-PeakNon-PeakNon-PeakNon-PeakNon-PeakNon-PeakNon-PeakNon-PeakNon-PeakNon-PeakNon-PeakNon-PeakNon-PeakNon-PeakNon-PeakNon-PeakNon-PeakNon-PeakNon-PeakNon-PeakNon-PeakNon-PeakNon-PeakNon-PeakNon-PeakNon-PeakNon-PeakNon-PeakNon-PeakNon-PeakNon-PeakNon-PeakNon-PeakNon-PeakNon-PeakNon-PeakNon-PeakNon-PeakNon-PeakNon-PeakNon-PeakNon-PeakNon-PeakNon-PeakNon-PeakNon-PeakNon-PeakNon-PeakNon-PeakNon-PeakNon-PeakNon-PeakNon-PeakNon-PeakNon-PeakNon-PeakNon-PeakPeakPeakPeakPeakPeakPeakPeakPeakPeakPeakPeakPeakPeakPeakPeakPeakPeakPeakPeakPeakPeakPeakPeakPeakPeakPeakPeakPeakPeakPeakPeakPeakPeakPeakPeakPeakPeakPeakPeakPeakPeakPeakPeakPeakPeakPeakPeakPeakPeakPeakPeakPeakPeakPeakPeakPeakPeakPeakPeakPeakPeakPeakPeakPeakPeakPeakPeakPeakPeakPeakPeakPeakPeakPeakPeakPeakPeakPeakPeakPeakPeakPeakPeakPeakPeakPeakPeakPeakPeakPeakPeakPeakPeakPeakPeakPeakPeakPeakPeakPeakPeakPeakPeakPeakPeakPeakPeakPeakPeakPeakPeakPeakPeakPeakPeakPeakPeakPeakPeakPeakPeakPeakPeakPeakPeakPeakPeakPeakPeakPeakPeakPeakPeakPeakPeakPeakPeakPeakPeakPeakPeakPeakPeakPeakPeakPeakPeakPeakPeakPeakPeakPeakPeakPeakPeakPeakPeakPeakPeakPeakPeakPeakNon-PeakNon-PeakNon-PeakNon-PeakNon-PeakNon-PeakNon-PeakNon-PeakNon-PeakNon-PeakNon-PeakNon-PeakNon-PeakNon-PeakNon-PeakNon-PeakNon-PeakNon-PeakNon-PeakNon-PeakNon-PeakNon-PeakNon-PeakNon-PeakNon-PeakNon-PeakNon-PeakNon-PeakNon-PeakNon-PeakNon-PeakNon-PeakNon-PeakNon-PeakNon-PeakNon-PeakNon-PeakNon-PeakNon-PeakNon-PeakNon-PeakNon-PeakNon-PeakNon-PeakNon-PeakNon-PeakNon-PeakNon-PeakNon-PeakNon-PeakNon-PeakNon-PeakNon-PeakNon-PeakNon-PeakNon-PeakNon-PeakNon-PeakNon-PeakNon-PeakNon-PeakNon-PeakNon-PeakNon-PeakNon-PeakNon-PeakNon-PeakNon-PeakNon-PeakNon-PeakNon-PeakNon-PeakNon-PeakNon-PeakNon-PeakNon-PeakNon-PeakNon-PeakNon-PeakNon-PeakNon-PeakNon-PeakNon-PeakNon-PeakNon-PeakNon-PeakNon-PeakNon-PeakNon-PeakNon-PeakNon-PeakNon-PeakNon-PeakNon-PeakNon-PeakNon-PeakNon-PeakNon-PeakNon-PeakNon-PeakNon-PeakNon-PeakNon-PeakNon-PeakNon-PeakNon-PeakNon-PeakNon-PeakNon-PeakNon-PeakNon-PeakNon-PeakNon-PeakNon-PeakNon-PeakNon-PeakNon-PeakNon-PeakNon-PeakNon-PeakNon-PeakNon-PeakNon-PeakNon-PeakNon-PeakNon-PeakNon-PeakNon-PeakNon-PeakNon-PeakNon-PeakNon-PeakNon-PeakNon-PeakNon-PeakNon-PeakNon-PeakNon-PeakNon-PeakNon-PeakNon-PeakNon-PeakNon-PeakNon-PeakNon-PeakNon-PeakNon-PeakNon-PeakNon-PeakNon-PeakNon-PeakNon-PeakNon-PeakNon-PeakNon-PeakNon-PeakNon-PeakNon-PeakNon-PeakNon-PeakNon-PeakNon-PeakNon-PeakNon-PeakNon-PeakNon-PeakNon-PeakNon-PeakNon-PeakNon-PeakNon-PeakNon-PeakNon-PeakNon-PeakNon-PeakNon-PeakNon-PeakNon-PeakNon-PeakNon-PeakNon-PeakNon-PeakNon-PeakNon-PeakNon-PeakNon-PeakNon-PeakNon-PeakNon-PeakNon-PeakNon-PeakNon-PeakNon-PeakNon-PeakNon-PeakNon-PeakNon-PeakNon-PeakNon-PeakNon-PeakNon-PeakNon-PeakNon-PeakNon-PeakNon-PeakNon-PeakNon-PeakNon-PeakNon-PeakNon-PeakNon-PeakNon-PeakNon-PeakNon-PeakNon-PeakNon-PeakNon-PeakNon-PeakNon-PeakNon-PeakNon-PeakNon-PeakNon-PeakNon-PeakNon-PeakNon-PeakNon-PeakNon-PeakNon-PeakNon-PeakNon-PeakNon-PeakNon-PeakNon-PeakNon-PeakNon-PeakNon-PeakNon-PeakNon-PeakNon-PeakNon-PeakNon-PeakNon-PeakNon-PeakNon-PeakNon-PeakNon-PeakNon-PeakNon-PeakNon-PeakNon-PeakNon-PeakNon-PeakNon-PeakNon-PeakNon-PeakNon-PeakNon-PeakNon-PeakNon-PeakNon-PeakNon-PeakNon-PeakNon-PeakNon-PeakNon-PeakNon-PeakNon-PeakNon-PeakNon-PeakNon-PeakNon-PeakNon-PeakNon-PeakNon-PeakNon-PeakNon-PeakNon-PeakNon-PeakNon-PeakNon-PeakNon-PeakNon-PeakNon-PeakNon-PeakNon-PeakNon-PeakNon-PeakNon-PeakNon-PeakNon-PeakNon-PeakNon-PeakNon-PeakNon-PeakNon-PeakNon-PeakNon-PeakNon-PeakNon-PeakNon-PeakNon-PeakNon-PeakNon-PeakNon-PeakNon-PeakNon-PeakNon-PeakNon-PeakNon-PeakNon-PeakNon-PeakNon-PeakNon-PeakNon-PeakNon-PeakNon-PeakNon-PeakNon-PeakNon-PeakNon-PeakNon-PeakNon-PeakNon-PeakNon-PeakNon-PeakNon-PeakNon-PeakPeakPeakPeakPeakPeakPeakPeakPeakPeakPeakPeakPeakPeakPeakPeakPeakPeakPeakPeakPeakPeakPeakPeakPeakPeakPeakPeakPeakPeakPeakPeakPeakPeakPeakPeakPeakPeakPeakPeakPeakPeakPeakPeakPeakPeakPeakPeakPeakPeakPeakPeakPeakPeakPeakPeakPeakPeakPeakPeakPeakPeakPeakPeakPeakPeakPeakPeakPeakPeakPeakPeakPeakPeakPeakPeakPeakPeakPeakPeakPeakPeakPeakPeakPeakPeakPeakPeakPeakPeakPeakPeakPeakPeakPeakPeakPeakPeakPeakPeakPeakPeakPeakPeakPeakPeakPeakPeakPeakPeakPeakPeakPeakPeakPeakPeakPeakPeakPeakPeakPeakPeakPeakPeakPeakPeakPeakPeakPeakPeakPeakPeakPeakPeakPeakPeakPeakPeakPeakPeakPeakPeakPeakPeakPeakPeakPeakPeakPeakNon-PeakNon-PeakNon-PeakNon-PeakNon-PeakNon-PeakNon-PeakNon-PeakNon-PeakNon-PeakNon-PeakNon-PeakNon-PeakNon-PeakNon-PeakNon-PeakNon-PeakNon-PeakNon-PeakNon-PeakNon-PeakNon-PeakNon-PeakNon-PeakNon-PeakNon-PeakNon-PeakNon-PeakNon-PeakNon-PeakNon-PeakNon-PeakNon-PeakNon-PeakNon-PeakNon-PeakNon-PeakNon-PeakNon-PeakNon-PeakNon-PeakNon-PeakNon-PeakNon-PeakNon-PeakNon-PeakNon-PeakNon-PeakNon-PeakNon-PeakNon-PeakNon-PeakNon-PeakNon-PeakNon-PeakNon-PeakNon-PeakNon-PeakNon-PeakNon-PeakNon-PeakNon-PeakNon-PeakNon-PeakNon-PeakNon-PeakNon-PeakNon-PeakNon-PeakNon-PeakNon-PeakNon-PeakNon-PeakNon-PeakNon-PeakNon-PeakNon-PeakNon-PeakNon-PeakNon-PeakNon-PeakNon-PeakNon-PeakNon-PeakNon-PeakNon-PeakNon-PeakNon-PeakNon-PeakNon-PeakNon-PeakNon-PeakNon-PeakNon-PeakNon-PeakNon-PeakNon-PeakNon-PeakNon-PeakNon-PeakNon-PeakNon-PeakNon-PeakNon-PeakNon-PeakNon-PeakNon-PeakNon-PeakNon-PeakNon-PeakNon-PeakNon-PeakNon-PeakNon-PeakNon-PeakNon-PeakNon-PeakNon-PeakNon-PeakNon-PeakNon-PeakNon-PeakNon-PeakNon-PeakNon-PeakNon-PeakNon-PeakNon-PeakNon-PeakNon-PeakNon-PeakNon-PeakNon-PeakNon-PeakNon-PeakNon-PeakNon-PeakNon-PeakNon-PeakNon-PeakNon-PeakNon-PeakNon-PeakNon-PeakNon-PeakNon-PeakNon-PeakNon-PeakNon-PeakNon-PeakNon-PeakNon-PeakNon-PeakNon-PeakNon-PeakNon-PeakNon-PeakNon-PeakNon-PeakNon-PeakNon-PeakNon-PeakNon-PeakNon-PeakNon-PeakNon-PeakNon-PeakNon-PeakNon-PeakNon-PeakNon-PeakNon-PeakNon-PeakNon-PeakNon-PeakNon-PeakNon-PeakNon-PeakNon-PeakNon-PeakNon-PeakNon-PeakNon-PeakNon-PeakNon-PeakNon-PeakNon-PeakNon-PeakNon-PeakNon-PeakNon-PeakNon-PeakNon-PeakNon-PeakNon-PeakNon-PeakNon-PeakNon-PeakNon-PeakNon-PeakNon-PeakNon-PeakNon-PeakNon-PeakNon-PeakNon-PeakNon-PeakNon-PeakNon-PeakNon-PeakNon-PeakNon-PeakNon-PeakNon-PeakNon-PeakPeakPeakPeakPeakPeakPeakPeakPeakPeakPeakPeakPeakPeakPeakPeakPeakPeakPeakPeakPeakPeakPeakPeakPeakPeakPeakPeakPeakPeakPeakPeakPeakPeakPeakPeakPeakPeakPeakPeakPeakPeakPeakPeakPeakPeakPeakPeakPeakPeakPeakPeakPeakPeakPeakPeakPeakPeakPeakPeakPeakPeakPeakPeakPeakPeakPeakPeakPeakPeakPeakPeakPeakPeakPeakPeakPeakPeakPeakPeakPeakPeakPeakPeakPeakPeakPeakPeakPeakPeakPeakPeakPeakPeakPeakPeakPeakPeakPeakPeakPeakPeakPeakPeakPeakPeakPeakPeakPeakPeakPeakPeakPeakPeakPeakPeakPeakPeakPeakPeakPeakPeakPeakPeakPeakPeakPeakPeakPeakPeakPeakPeakPeakPeakPeakPeakPeakPeakPeakPeakPeakPeakPeakPeakPeakPeakPeakPeakPeakPeakPeakPeakPeakPeakPeakPeakPeakPeakPeakPeakPeakPeakPeakPeakPeakPeakPeakPeakNon-PeakNon-PeakNon-PeakNon-PeakNon-PeakNon-PeakNon-PeakNon-PeakNon-PeakNon-PeakNon-PeakNon-PeakNon-PeakNon-PeakNon-PeakNon-PeakNon-PeakNon-PeakNon-PeakNon-PeakNon-PeakNon-PeakNon-PeakNon-PeakNon-PeakNon-PeakNon-PeakNon-PeakNon-PeakNon-PeakNon-PeakNon-PeakNon-PeakNon-PeakNon-PeakNon-PeakNon-PeakNon-PeakNon-PeakNon-PeakNon-PeakNon-PeakNon-PeakNon-PeakNon-PeakNon-PeakNon-PeakNon-PeakNon-PeakNon-PeakNon-PeakNon-PeakNon-PeakNon-PeakNon-PeakNon-PeakNon-PeakNon-PeakNon-PeakNon-PeakNon-PeakNon-PeakNon-PeakNon-PeakNon-PeakNon-PeakNon-PeakNon-PeakNon-PeakNon-PeakNon-PeakNon-PeakNon-PeakNon-PeakNon-PeakNon-PeakNon-PeakNon-PeakNon-PeakNon-PeakNon-PeakNon-PeakNon-PeakNon-PeakNon-PeakNon-PeakNon-PeakNon-PeakNon-PeakNon-PeakNon-PeakNon-PeakNon-PeakNon-PeakNon-PeakNon-PeakNon-PeakNon-PeakNon-PeakNon-PeakNon-PeakNon-PeakNon-PeakNon-PeakNon-PeakNon-PeakNon-PeakNon-PeakNon-PeakNon-PeakNon-PeakNon-PeakNon-PeakNon-PeakNon-PeakNon-PeakNon-PeakNon-PeakNon-PeakNon-PeakNon-PeakNon-PeakNon-PeakNon-PeakNon-PeakNon-PeakNon-PeakNon-PeakNon-PeakNon-PeakNon-PeakNon-PeakNon-PeakNon-PeakNon-PeakNon-PeakNon-PeakNon-PeakNon-PeakNon-PeakNon-PeakNon-PeakNon-PeakNon-PeakNon-PeakNon-PeakNon-PeakNon-PeakNon-PeakNon-PeakNon-PeakNon-PeakNon-PeakNon-PeakNon-PeakNon-PeakNon-PeakNon-PeakNon-PeakNon-PeakNon-PeakNon-PeakNon-PeakNon-PeakNon-PeakNon-PeakNon-PeakNon-PeakNon-PeakNon-PeakNon-PeakNon-PeakNon-PeakNon-PeakNon-PeakNon-PeakNon-PeakNon-PeakNon-PeakNon-PeakNon-PeakNon-PeakNon-PeakNon-PeakNon-PeakNon-PeakNon-PeakNon-PeakNon-PeakNon-PeakNon-PeakNon-PeakNon-PeakNon-PeakNon-PeakNon-PeakNon-PeakNon-PeakNon-PeakNon-PeakNon-PeakNon-PeakNon-PeakNon-PeakNon-PeakNon-PeakNon-PeakNon-PeakNon-PeakNon-PeakNon-PeakNon-PeakNon-PeakNon-PeakNon-PeakNon-PeakNon-PeakNon-PeakNon-PeakNon-PeakNon-PeakNon-PeakNon-PeakNon-PeakNon-PeakNon-PeakNon-PeakNon-PeakNon-PeakNon-PeakNon-PeakNon-PeakNon-PeakNon-PeakNon-PeakNon-PeakNon-PeakNon-PeakNon-PeakNon-PeakNon-PeakNon-PeakNon-PeakNon-PeakNon-PeakNon-PeakNon-PeakNon-PeakNon-PeakNon-PeakNon-PeakNon-PeakNon-PeakNon-PeakNon-PeakNon-PeakNon-PeakNon-PeakNon-PeakNon-PeakNon-PeakNon-PeakNon-PeakNon-PeakNon-PeakNon-PeakNon-PeakNon-PeakNon-PeakNon-PeakNon-PeakNon-PeakNon-PeakNon-PeakNon-PeakNon-PeakNon-PeakNon-PeakNon-PeakNon-PeakNon-PeakNon-PeakNon-PeakNon-PeakNon-PeakNon-PeakNon-PeakNon-PeakNon-PeakPeakPeakPeakPeakPeakPeakPeakPeakPeakPeakPeakPeakPeakPeakPeakPeakPeakPeakPeakPeakPeakPeakPeakPeakPeakPeakPeakPeakPeakPeakPeakPeakPeakPeakPeakPeakPeakPeakPeakPeakPeakPeakPeakPeakPeakPeakPeakPeakPeakPeakPeakPeakPeakPeakPeakPeakPeakPeakPeakPeakPeakPeakPeakPeakPeakPeakPeakPeakPeakPeakPeakPeakPeakPeakPeakPeakPeakPeakPeakPeakPeakPeakPeakPeakPeakPeakPeakPeakPeakPeakPeakPeakPeakPeakPeakPeakPeakPeakPeakPeakPeakPeakPeakPeakPeakPeakPeakPeakPeakPeakPeakPeakPeakPeakPeakPeakPeakPeakPeakPeakPeakPeakPeakPeakPeakPeakPeakPeakPeakPeakPeakPeakPeakPeakPeakPeakPeakPeakPeakPeakPeakPeakPeakPeakPeakPeakPeakPeakPeakPeakPeakPeakPeakPeakPeakPeakPeakPeakNon-PeakNon-PeakNon-PeakNon-PeakNon-PeakNon-PeakNon-PeakNon-PeakNon-PeakNon-PeakNon-PeakNon-PeakNon-PeakNon-PeakNon-PeakNon-PeakNon-PeakNon-PeakNon-PeakNon-PeakNon-PeakNon-PeakNon-PeakNon-PeakNon-PeakNon-PeakNon-PeakNon-PeakNon-PeakNon-PeakNon-PeakNon-PeakNon-PeakNon-PeakNon-PeakNon-PeakNon-PeakNon-PeakNon-PeakNon-PeakNon-PeakNon-PeakNon-PeakNon-PeakNon-PeakNon-PeakNon-PeakNon-PeakNon-PeakNon-PeakNon-PeakNon-PeakNon-PeakNon-PeakNon-PeakNon-PeakNon-PeakNon-PeakNon-PeakNon-PeakNon-PeakNon-PeakNon-PeakNon-PeakNon-PeakNon-PeakNon-PeakNon-PeakNon-PeakNon-PeakNon-PeakNon-PeakNon-PeakNon-PeakNon-PeakNon-PeakNon-PeakNon-PeakNon-PeakNon-PeakNon-PeakNon-PeakNon-PeakNon-PeakNon-PeakNon-PeakNon-PeakNon-PeakNon-PeakNon-PeakNon-PeakNon-PeakNon-PeakNon-PeakNon-PeakNon-PeakNon-PeakNon-PeakNon-PeakNon-PeakNon-PeakNon-PeakNon-PeakNon-PeakNon-PeakNon-PeakNon-PeakNon-PeakNon-PeakNon-PeakNon-PeakNon-PeakNon-PeakNon-PeakNon-PeakNon-PeakNon-PeakNon-PeakNon-PeakNon-PeakNon-PeakNon-PeakNon-PeakNon-PeakNon-PeakNon-PeakNon-PeakNon-PeakNon-PeakNon-PeakNon-PeakNon-PeakNon-PeakNon-PeakNon-PeakNon-PeakNon-PeakNon-PeakNon-PeakNon-PeakNon-PeakNon-PeakNon-PeakNon-PeakNon-PeakNon-PeakNon-PeakNon-PeakNon-PeakNon-PeakNon-PeakNon-PeakNon-PeakNon-PeakNon-PeakNon-PeakNon-PeakNon-PeakNon-PeakNon-PeakNon-PeakNon-PeakNon-PeakNon-PeakNon-PeakNon-PeakNon-PeakNon-PeakNon-PeakNon-PeakNon-PeakNon-PeakNon-PeakNon-PeakNon-PeakNon-PeakNon-PeakNon-PeakNon-PeakNon-PeakNon-PeakNon-PeakNon-PeakNon-PeakNon-PeakNon-PeakNon-PeakNon-PeakNon-PeakNon-PeakNon-PeakNon-PeakNon-PeakNon-PeakNon-PeakNon-PeakNon-PeakNon-PeakNon-PeakNon-PeakNon-PeakNon-PeakPeakPeakPeakPeakPeakPeakPeakPeakPeakPeakPeakPeakPeakPeakPeakPeakPeakPeakPeakPeakPeakPeakPeakPeakPeakPeakPeakPeakPeakPeakPeakPeakPeakPeakPeakPeakPeakPeakPeakPeakPeakPeakPeakPeakPeakPeakPeakPeakPeakPeakPeakPeakPeakPeakPeakPeakPeakPeakPeakPeakPeakPeakPeakPeakPeakPeakPeakPeakPeakPeakPeakPeakPeakPeakPeakPeakPeakPeakPeakPeakPeakPeakPeakPeakPeakPeakPeakPeakPeakPeakPeakPeakPeakPeakPeakPeakPeakPeakPeakPeakPeakPeakPeakPeakPeakPeakPeakPeakPeakPeakPeakPeakPeakPeakPeakPeakPeakPeakPeakPeakPeakPeakPeakPeakPeakPeakPeakPeakPeakPeakPeakPeakPeakPeakPeakPeakPeakPeakPeakPeakPeakPeakPeakPeakPeakPeakPeakPeakPeakPeakPeakPeakPeakPeakPeakPeakPeakPeakPeakPeakPeakNon-PeakNon-PeakNon-PeakNon-PeakNon-PeakNon-PeakNon-PeakNon-PeakNon-PeakNon-PeakNon-PeakNon-PeakNon-PeakNon-PeakNon-PeakNon-PeakNon-PeakNon-PeakNon-PeakNon-PeakNon-PeakNon-PeakNon-PeakNon-PeakNon-PeakNon-PeakNon-PeakNon-PeakNon-PeakNon-PeakNon-PeakNon-PeakNon-PeakNon-PeakNon-PeakNon-PeakNon-PeakNon-PeakNon-PeakNon-PeakNon-PeakNon-PeakNon-PeakNon-PeakNon-PeakNon-PeakNon-PeakNon-PeakNon-PeakNon-PeakNon-PeakNon-PeakNon-PeakNon-PeakNon-PeakNon-PeakNon-PeakNon-PeakNon-PeakNon-PeakNon-PeakNon-PeakNon-PeakNon-PeakNon-PeakNon-PeakNon-PeakNon-PeakNon-PeakNon-PeakNon-PeakNon-PeakNon-PeakNon-PeakNon-PeakNon-PeakNon-PeakNon-PeakNon-PeakNon-PeakNon-PeakNon-PeakNon-PeakNon-PeakNon-PeakNon-PeakNon-PeakNon-PeakNon-PeakNon-PeakNon-PeakNon-PeakNon-PeakNon-PeakNon-PeakNon-PeakNon-PeakNon-PeakNon-PeakNon-PeakNon-PeakNon-PeakNon-PeakNon-PeakNon-PeakNon-PeakNon-PeakNon-PeakNon-PeakNon-PeakNon-PeakNon-PeakNon-PeakNon-PeakNon-PeakNon-PeakNon-PeakNon-PeakNon-PeakNon-PeakNon-PeakNon-PeakNon-PeakNon-PeakNon-PeakNon-PeakNon-PeakNon-PeakNon-PeakNon-PeakNon-PeakNon-PeakNon-PeakNon-PeakNon-PeakNon-PeakNon-PeakNon-PeakNon-PeakNon-PeakNon-PeakNon-PeakNon-PeakNon-PeakNon-PeakNon-PeakNon-PeakNon-PeakNon-PeakNon-PeakNon-PeakNon-PeakNon-PeakNon-PeakNon-PeakNon-PeakNon-PeakNon-PeakNon-PeakNon-PeakNon-PeakNon-PeakNon-PeakNon-PeakNon-PeakNon-PeakNon-PeakNon-PeakNon-PeakNon-PeakNon-PeakNon-PeakNon-PeakNon-PeakNon-PeakNon-PeakNon-PeakNon-PeakNon-PeakNon-PeakNon-PeakNon-PeakNon-PeakNon-PeakNon-PeakNon-PeakNon-PeakNon-PeakNon-PeakNon-PeakNon-PeakNon-PeakNon-PeakNon-PeakNon-PeakNon-PeakNon-PeakNon-PeakNon-PeakNon-PeakNon-PeakNon-PeakNon-PeakNon-PeakNon-PeakNon-PeakNon-PeakNon-PeakNon-PeakNon-PeakNon-PeakNon-PeakNon-PeakNon-PeakNon-PeakNon-PeakNon-PeakNon-PeakNon-PeakNon-PeakNon-PeakNon-PeakNon-PeakNon-PeakNon-PeakNon-PeakNon-PeakNon-PeakNon-PeakNon-PeakNon-PeakNon-PeakNon-PeakNon-PeakNon-PeakNon-PeakNon-PeakNon-PeakNon-PeakNon-PeakNon-PeakNon-PeakNon-PeakNon-PeakNon-PeakNon-PeakNon-PeakNon-PeakNon-PeakNon-PeakNon-PeakNon-PeakNon-PeakNon-PeakNon-PeakNon-PeakNon-PeakNon-PeakNon-PeakNon-PeakNon-PeakNon-PeakNon-PeakNon-PeakNon-PeakNon-PeakNon-PeakNon-PeakNon-PeakNon-PeakNon-PeakNon-PeakNon-PeakNon-PeakNon-PeakNon-PeakNon-PeakNon-PeakPeakPeakPeakPeakPeakPeakPeakPeakPeakPeakPeakPeakPeakPeakPeakPeakPeakPeakPeakPeakPeakPeakPeakPeakPeakPeakPeakPeakPeakPeakPeakPeakPeakPeakPeakPeakPeakPeakPeakPeakPeakPeakPeakPeakPeakPeakPeakPeakPeakPeakPeakPeakPeakPeakPeakPeakPeakPeakPeakPeakPeakPeakPeakPeakPeakPeakPeakPeakPeakPeakPeakPeakPeakPeakPeakPeakPeakPeakPeakPeakPeakPeakPeakPeakPeakPeakPeakPeakPeakPeakPeakPeakPeakPeakPeakPeakPeakPeakPeakPeakPeakPeakPeakPeakPeakPeakPeakPeakPeakPeakPeakPeakPeakPeakPeakPeakPeakPeakPeakPeakPeakPeakPeakPeakPeakPeakPeakPeakPeakPeakPeakPeakPeakPeakPeakPeakPeakPeakPeakPeakPeakPeakPeakPeakPeakPeakPeakPeakPeakPeakPeakNon-PeakNon-PeakNon-PeakNon-PeakNon-PeakNon-PeakNon-PeakNon-PeakNon-PeakNon-PeakNon-PeakNon-PeakNon-PeakNon-PeakNon-PeakNon-PeakNon-PeakNon-PeakNon-PeakNon-PeakNon-PeakNon-PeakNon-PeakNon-PeakNon-PeakNon-PeakNon-PeakNon-PeakNon-PeakNon-PeakNon-PeakNon-PeakNon-PeakNon-PeakNon-PeakNon-PeakNon-PeakNon-PeakNon-PeakNon-PeakNon-PeakNon-PeakNon-PeakNon-PeakNon-PeakNon-PeakNon-PeakNon-PeakNon-PeakNon-PeakNon-PeakNon-PeakNon-PeakNon-PeakNon-PeakNon-PeakNon-PeakNon-PeakNon-PeakNon-PeakNon-PeakNon-PeakNon-PeakNon-PeakNon-PeakNon-PeakNon-PeakNon-PeakNon-PeakNon-PeakNon-PeakNon-PeakNon-PeakNon-PeakNon-PeakNon-PeakNon-PeakNon-PeakNon-PeakNon-PeakNon-PeakNon-PeakNon-PeakNon-PeakNon-PeakNon-PeakNon-PeakNon-PeakNon-PeakNon-PeakNon-PeakNon-PeakNon-PeakNon-PeakNon-PeakNon-PeakNon-PeakNon-PeakNon-PeakNon-PeakNon-PeakNon-PeakNon-PeakNon-PeakNon-PeakNon-PeakNon-PeakNon-PeakNon-PeakNon-PeakNon-PeakNon-PeakNon-PeakNon-PeakNon-PeakNon-PeakNon-PeakNon-PeakNon-PeakNon-PeakNon-PeakNon-PeakNon-PeakNon-PeakNon-PeakNon-PeakNon-PeakNon-PeakNon-PeakNon-PeakNon-PeakNon-PeakNon-PeakNon-PeakNon-PeakNon-PeakNon-PeakNon-PeakNon-PeakNon-PeakNon-PeakNon-PeakNon-PeakNon-PeakNon-PeakNon-PeakNon-PeakNon-PeakNon-PeakNon-PeakNon-PeakNon-PeakNon-PeakNon-PeakNon-PeakNon-PeakNon-PeakNon-PeakNon-PeakNon-PeakNon-PeakNon-PeakNon-PeakNon-PeakNon-PeakNon-PeakNon-PeakNon-PeakNon-PeakNon-PeakNon-PeakNon-PeakNon-PeakNon-PeakNon-PeakNon-PeakNon-PeakNon-PeakNon-PeakNon-PeakNon-PeakNon-PeakNon-PeakNon-PeakNon-PeakNon-PeakNon-PeakNon-PeakNon-PeakNon-PeakNon-PeakNon-PeakNon-PeakNon-PeakNon-PeakNon-PeakNon-PeakNon-PeakNon-PeakNon-PeakNon-PeakNon-PeakNon-PeakNon-PeakNon-PeakNon-PeakNon-PeakNon-PeakNon-PeakNon-PeakNon-PeakNon-PeakNon-PeakNon-PeakNon-PeakNon-PeakNon-PeakNon-PeakNon-PeakNon-PeakNon-PeakNon-PeakNon-PeakNon-PeakNon-PeakNon-PeakNon-PeakNon-PeakPeakPeakPeakPeakPeakPeakPeakPeakPeakPeakPeakPeakPeakPeakPeakPeakPeakPeakPeakPeakPeakPeakPeakPeakPeakPeakPeakPeakPeakPeakPeakPeakPeakPeakPeakPeakPeakPeakPeakPeakPeakPeakPeakPeakPeakPeakPeakPeakPeakPeakPeakPeakPeakPeakPeakPeakPeakPeakPeakPeakPeakPeakPeakPeakPeakPeakPeakPeakPeakPeakPeakPeakPeakPeakPeakPeakPeakPeakPeakPeakPeakPeakPeakPeakPeakPeakPeakPeakPeakPeakPeakPeakPeakPeakPeakPeakPeakPeakPeakPeakPeakPeakPeakPeakPeakPeakPeakPeakPeakPeakPeakPeakPeakPeakPeakPeakPeakPeakPeakPeakPeakPeakPeakPeakPeakPeakPeakPeakPeakPeakPeakPeakPeakPeakPeakPeakPeakPeakPeakPeakPeakPeakPeakPeakPeakPeakPeakPeakPeakNon-PeakNon-PeakNon-PeakNon-PeakNon-PeakNon-PeakNon-PeakNon-PeakNon-PeakNon-PeakNon-PeakNon-PeakNon-PeakNon-PeakNon-PeakNon-PeakNon-PeakNon-PeakNon-PeakNon-PeakNon-PeakNon-PeakNon-PeakNon-PeakNon-PeakNon-PeakNon-PeakNon-PeakNon-PeakNon-PeakNon-PeakNon-PeakNon-PeakNon-PeakNon-PeakNon-PeakNon-PeakNon-PeakNon-PeakNon-PeakNon-PeakNon-PeakNon-PeakNon-PeakNon-PeakNon-PeakNon-PeakNon-PeakNon-PeakNon-PeakNon-PeakNon-PeakNon-PeakNon-PeakNon-PeakNon-PeakNon-PeakNon-PeakNon-PeakNon-PeakNon-PeakNon-PeakNon-PeakNon-PeakNon-PeakNon-PeakNon-PeakNon-PeakNon-PeakNon-PeakNon-PeakNon-PeakNon-PeakNon-PeakNon-PeakNon-PeakNon-PeakNon-PeakNon-PeakNon-PeakNon-PeakNon-PeakNon-PeakNon-PeakNon-PeakNon-PeakNon-PeakNon-PeakNon-PeakNon-PeakNon-PeakNon-PeakNon-PeakNon-PeakNon-PeakNon-PeakNon-PeakNon-PeakNon-PeakNon-PeakNon-PeakNon-PeakNon-PeakNon-PeakNon-PeakNon-PeakNon-PeakNon-PeakNon-PeakNon-PeakNon-PeakNon-PeakNon-PeakNon-PeakNon-PeakNon-PeakNon-PeakNon-PeakNon-PeakNon-PeakNon-PeakNon-PeakNon-PeakNon-PeakNon-PeakNon-PeakNon-PeakNon-PeakNon-PeakNon-PeakNon-PeakNon-PeakNon-PeakNon-PeakNon-PeakNon-PeakNon-PeakNon-PeakNon-PeakNon-PeakNon-PeakNon-PeakNon-PeakNon-PeakNon-PeakNon-PeakNon-PeakNon-PeakNon-PeakNon-PeakNon-PeakNon-PeakNon-PeakNon-PeakNon-PeakNon-PeakNon-PeakNon-PeakNon-PeakNon-PeakNon-PeakNon-PeakNon-PeakNon-PeakNon-PeakNon-PeakNon-PeakNon-PeakNon-PeakNon-PeakNon-PeakNon-PeakNon-PeakNon-PeakNon-PeakNon-PeakNon-PeakNon-PeakNon-PeakNon-PeakNon-PeakNon-PeakNon-PeakNon-PeakNon-PeakNon-PeakNon-PeakNon-PeakNon-PeakNon-PeakNon-PeakNon-PeakNon-PeakNon-PeakNon-PeakNon-PeakNon-PeakNon-PeakNon-PeakNon-PeakNon-PeakNon-PeakNon-PeakNon-PeakNon-PeakNon-PeakNon-PeakNon-PeakNon-PeakNon-PeakNon-PeakNon-PeakNon-PeakNon-PeakNon-PeakNon-PeakNon-PeakNon-PeakNon-PeakNon-PeakNon-PeakNon-PeakNon-PeakNon-PeakNon-PeakNon-PeakNon-PeakNon-PeakNon-PeakNon-PeakNon-PeakNon-PeakNon-PeakNon-PeakNon-PeakNon-PeakNon-PeakNon-PeakNon-PeakNon-PeakNon-PeakNon-PeakNon-PeakNon-PeakNon-PeakNon-PeakNon-PeakNon-PeakNon-PeakNon-PeakNon-PeakNon-PeakNon-PeakNon-PeakNon-PeakNon-PeakNon-PeakNon-PeakNon-PeakNon-PeakNon-PeakNon-PeakNon-PeakNon-PeakNon-PeakNon-PeakNon-PeakNon-PeakNon-PeakNon-PeakNon-PeakNon-PeakNon-PeakNon-PeakNon-PeakNon-PeakNon-PeakNon-PeakNon-PeakNon-PeakNon-PeakNon-PeakNon-PeakNon-PeakNon-PeakNon-PeakNon-PeakNon-PeakNon-PeakNon-PeakNon-PeakNon-PeakNon-PeakNon-PeakNon-PeakNon-PeakPeakPeakPeakPeakPeakPeakPeakPeakPeakPeakPeakPeakPeakPeakPeakPeakPeakPeakPeakPeakPeakPeakPeakPeakPeakPeakPeakPeakPeakPeakPeakPeakPeakPeakPeakPeakPeakPeakPeakPeakPeakPeakPeakPeakPeakPeakPeakPeakPeakPeakPeakPeakPeakPeakPeakPeakPeakPeakPeakPeakPeakPeakPeakPeakPeakPeakPeakPeakPeakPeakPeakPeakPeakPeakPeakPeakPeakPeakPeakPeakPeakPeakPeakPeakPeakPeakPeakPeakPeakPeakPeakPeakPeakPeakPeakPeakPeakPeakPeakPeakPeakPeakPeakPeakPeakPeakPeakPeakPeakPeakPeakPeakPeakPeakPeakPeakPeakPeakPeakPeakPeakPeakPeakPeakPeakPeakPeakPeakPeakPeakPeakPeakPeakPeakPeakPeakPeakNon-PeakNon-PeakNon-PeakNon-PeakNon-PeakNon-PeakNon-PeakNon-PeakNon-PeakNon-PeakNon-PeakNon-PeakNon-PeakNon-PeakNon-PeakNon-PeakNon-PeakNon-PeakNon-PeakNon-PeakNon-PeakNon-PeakNon-PeakNon-PeakNon-PeakNon-PeakNon-PeakNon-PeakNon-PeakNon-PeakNon-PeakNon-PeakNon-PeakNon-PeakNon-PeakNon-PeakNon-PeakNon-PeakNon-PeakNon-PeakNon-PeakNon-PeakNon-PeakNon-PeakNon-PeakNon-PeakNon-PeakNon-PeakNon-PeakNon-PeakNon-PeakNon-PeakNon-PeakNon-PeakNon-PeakNon-PeakNon-PeakNon-PeakNon-PeakNon-PeakNon-PeakNon-PeakNon-PeakNon-PeakNon-PeakNon-PeakNon-PeakNon-PeakNon-PeakNon-PeakNon-PeakNon-PeakNon-PeakNon-PeakNon-PeakNon-PeakNon-PeakNon-PeakNon-PeakNon-PeakNon-PeakNon-PeakNon-PeakNon-PeakNon-PeakNon-PeakNon-PeakNon-PeakNon-PeakNon-PeakNon-PeakNon-PeakNon-PeakNon-PeakNon-PeakNon-PeakNon-PeakNon-PeakNon-PeakNon-PeakNon-PeakNon-PeakNon-PeakNon-PeakNon-PeakNon-PeakNon-PeakNon-PeakNon-PeakNon-PeakNon-PeakNon-PeakNon-PeakNon-PeakNon-PeakNon-PeakNon-PeakNon-PeakNon-PeakNon-PeakNon-PeakNon-PeakNon-PeakNon-PeakNon-PeakNon-PeakNon-PeakNon-PeakNon-PeakNon-PeakNon-PeakNon-PeakNon-PeakNon-PeakNon-PeakNon-PeakNon-PeakNon-PeakNon-PeakNon-PeakNon-PeakNon-PeakNon-PeakNon-PeakNon-PeakNon-PeakNon-PeakNon-PeakNon-PeakNon-PeakNon-PeakNon-PeakNon-PeakNon-PeakNon-PeakNon-PeakNon-PeakNon-PeakNon-PeakNon-PeakNon-PeakNon-PeakNon-PeakNon-PeakNon-PeakNon-PeakNon-PeakNon-PeakNon-PeakNon-PeakNon-PeakNon-PeakNon-PeakNon-PeakNon-PeakNon-PeakNon-PeakNon-PeakNon-PeakNon-PeakNon-PeakNon-PeakNon-PeakNon-PeakNon-PeakNon-PeakNon-PeakNon-PeakNon-PeakNon-PeakNon-PeakNon-PeakNon-PeakNon-PeakNon-PeakNon-PeakNon-PeakNon-PeakNon-PeakNon-PeakNon-PeakNon-PeakNon-PeakNon-PeakNon-PeakNon-PeakNon-PeakNon-PeakNon-PeakNon-PeakNon-PeakNon-PeakNon-PeakPeakPeakPeakPeakPeakPeakPeakPeakPeakPeakPeakPeakPeakPeakPeakPeakPeakPeakPeakPeakPeakPeakPeakPeakPeakPeakPeakPeakPeakPeakPeakPeakPeakPeakPeakPeakPeakPeakPeakPeakPeakPeakPeakPeakPeakPeakPeakPeakPeakPeakPeakPeakPeakPeakPeakPeakPeakPeakPeakPeakPeakPeakPeakPeakPeakPeakPeakPeakPeakPeakPeakPeakPeakPeakPeakPeakPeakPeakPeakPeakPeakPeakPeakPeakPeakPeakPeakPeakPeakPeakPeakPeakPeakPeakPeakPeakPeakPeakPeakPeakPeakPeakPeakPeakPeakPeakPeakPeakPeakPeakPeakPeakPeakPeakPeakPeakPeakPeakPeakPeakPeakPeakPeakPeakPeakPeakPeakPeakPeakPeakPeakPeakPeakPeakPeakPeakPeakPeakPeakPeakPeakPeakPeakPeakPeakPeakPeakPeakPeakPeakPeakPeakPeakPeakPeakPeakPeakPeakPeakPeakPeakPeakPeakPeakPeakPeakPeakPeakNon-PeakNon-PeakNon-PeakNon-PeakNon-PeakNon-PeakNon-PeakNon-PeakNon-PeakNon-PeakNon-PeakNon-PeakNon-PeakNon-PeakNon-PeakNon-PeakNon-PeakNon-PeakNon-PeakNon-PeakNon-PeakNon-PeakNon-PeakNon-PeakNon-PeakNon-PeakNon-PeakNon-PeakNon-PeakNon-PeakNon-PeakNon-PeakNon-PeakNon-PeakNon-PeakNon-PeakNon-PeakNon-PeakNon-PeakNon-PeakNon-PeakNon-PeakNon-PeakNon-PeakNon-PeakNon-PeakNon-PeakNon-PeakNon-PeakNon-PeakNon-PeakNon-PeakNon-PeakNon-PeakNon-PeakNon-PeakNon-PeakNon-PeakNon-PeakNon-PeakNon-PeakNon-PeakNon-PeakNon-PeakNon-PeakNon-PeakNon-PeakNon-PeakNon-PeakNon-PeakNon-PeakNon-PeakNon-PeakNon-PeakNon-PeakNon-PeakNon-PeakNon-PeakNon-PeakNon-PeakNon-PeakNon-PeakNon-PeakNon-PeakNon-PeakNon-PeakNon-PeakNon-PeakNon-PeakNon-PeakNon-PeakNon-PeakNon-PeakNon-PeakNon-PeakNon-PeakNon-PeakNon-PeakNon-PeakNon-PeakNon-PeakNon-PeakNon-PeakNon-PeakNon-PeakNon-PeakNon-PeakNon-PeakNon-PeakNon-PeakNon-PeakNon-PeakNon-PeakNon-PeakNon-PeakNon-PeakNon-PeakNon-PeakNon-PeakNon-PeakNon-PeakNon-PeakNon-PeakNon-PeakNon-PeakNon-PeakNon-PeakNon-PeakNon-PeakNon-PeakNon-PeakNon-PeakNon-PeakNon-PeakNon-PeakNon-PeakNon-PeakNon-PeakNon-PeakNon-PeakNon-PeakNon-PeakNon-PeakNon-PeakNon-PeakNon-PeakNon-PeakNon-PeakNon-PeakNon-PeakNon-PeakNon-PeakNon-PeakNon-PeakNon-PeakNon-PeakNon-PeakNon-PeakNon-PeakNon-PeakNon-PeakNon-PeakNon-PeakNon-PeakNon-PeakNon-PeakNon-PeakNon-PeakNon-PeakNon-PeakNon-PeakNon-PeakNon-PeakNon-PeakNon-PeakNon-PeakNon-PeakNon-PeakNon-PeakNon-PeakNon-PeakNon-PeakNon-PeakNon-PeakNon-PeakNon-PeakNon-PeakNon-PeakNon-PeakNon-PeakNon-PeakNon-PeakNon-PeakNon-PeakNon-PeakNon-PeakNon-PeakNon-PeakNon-PeakNon-PeakNon-PeakNon-PeakNon-PeakNon-PeakNon-PeakNon-PeakNon-PeakNon-PeakNon-PeakNon-PeakNon-PeakNon-PeakNon-PeakNon-PeakNon-PeakNon-PeakNon-PeakNon-PeakNon-PeakNon-PeakNon-PeakNon-PeakNon-PeakNon-PeakNon-PeakNon-PeakNon-PeakNon-PeakNon-PeakNon-PeakNon-PeakNon-PeakNon-PeakNon-PeakNon-PeakNon-PeakNon-PeakNon-PeakNon-PeakNon-PeakNon-PeakNon-PeakNon-PeakNon-PeakNon-PeakNon-PeakNon-PeakNon-PeakNon-PeakNon-PeakNon-PeakNon-PeakNon-PeakNon-PeakNon-PeakNon-PeakNon-PeakNon-PeakNon-PeakNon-PeakNon-PeakNon-PeakNon-PeakNon-PeakNon-PeakNon-PeakNon-PeakNon-PeakNon-PeakNon-PeakNon-PeakNon-PeakNon-PeakNon-PeakNon-PeakNon-PeakNon-PeakNon-PeakNon-PeakNon-PeakNon-PeakNon-PeakNon-PeakNon-PeakNon-PeakNon-PeakNon-PeakNon-PeakNon-PeakNon-PeakNon-PeakNon-PeakNon-PeakNon-PeakNon-PeakNon-PeakNon-PeakNon-PeakNon-PeakNon-PeakNon-PeakNon-PeakNon-PeakNon-PeakNon-PeakNon-PeakPeakPeakPeakPeakPeakPeakPeakPeakPeakPeakPeakPeakPeakPeakPeakPeakPeakPeakPeakPeakPeakPeakPeakPeakPeakPeakPeakPeakPeakPeakPeakPeakPeakPeakPeakPeakPeakPeakPeakPeakPeakPeakPeakPeakPeakPeakPeakPeakPeakPeakPeakPeakPeakPeakPeakPeakPeakPeakPeakPeakPeakPeakPeakPeakPeakPeakPeakPeakPeakPeakPeakPeakPeakPeakPeakPeakPeakPeakPeakPeakPeakPeakPeakPeakPeakPeakPeakPeakPeakPeakPeakPeakPeakPeakPeakPeakPeakPeakPeakPeakPeakPeakPeakPeakPeakPeakPeakPeakPeakPeakPeakPeakPeakPeakPeakPeakPeakPeakPeakPeakPeakPeakPeakPeakPeakPeakPeakPeakPeakPeakPeakPeakPeakPeakPeakPeakPeakPeakPeakPeakNon-PeakNon-PeakNon-PeakNon-PeakNon-PeakNon-PeakNon-PeakNon-PeakNon-PeakNon-PeakNon-PeakNon-PeakNon-PeakNon-PeakNon-PeakNon-PeakNon-PeakNon-PeakNon-PeakNon-PeakNon-PeakNon-PeakNon-PeakNon-PeakNon-PeakNon-PeakNon-PeakNon-PeakNon-PeakNon-PeakNon-PeakNon-PeakNon-PeakNon-PeakNon-PeakNon-PeakNon-PeakNon-PeakNon-PeakNon-PeakNon-PeakNon-PeakNon-PeakNon-PeakNon-PeakNon-PeakNon-PeakNon-PeakNon-PeakNon-PeakNon-PeakNon-PeakNon-PeakNon-PeakNon-PeakNon-PeakNon-PeakNon-PeakNon-PeakNon-PeakNon-PeakNon-PeakNon-PeakNon-PeakNon-PeakNon-PeakNon-PeakNon-PeakNon-PeakNon-PeakNon-PeakNon-PeakNon-PeakNon-PeakNon-PeakNon-PeakNon-PeakNon-PeakNon-PeakNon-PeakNon-PeakNon-PeakNon-PeakNon-PeakNon-PeakNon-PeakNon-PeakNon-PeakNon-PeakNon-PeakNon-PeakNon-PeakNon-PeakNon-PeakNon-PeakNon-PeakNon-PeakNon-PeakNon-PeakNon-PeakNon-PeakNon-PeakNon-PeakNon-PeakNon-PeakNon-PeakNon-PeakNon-PeakNon-PeakNon-PeakNon-PeakNon-PeakNon-PeakNon-PeakNon-PeakNon-PeakNon-PeakNon-PeakNon-PeakNon-PeakNon-PeakNon-PeakNon-PeakNon-PeakNon-PeakNon-PeakNon-PeakNon-PeakNon-PeakNon-PeakNon-PeakNon-PeakNon-PeakNon-PeakNon-PeakNon-PeakNon-PeakNon-PeakNon-PeakNon-PeakNon-PeakNon-PeakNon-PeakNon-PeakNon-PeakNon-PeakNon-PeakNon-PeakNon-PeakNon-PeakNon-PeakNon-PeakNon-PeakNon-PeakNon-PeakNon-PeakNon-PeakNon-PeakNon-PeakNon-PeakNon-PeakNon-PeakNon-PeakNon-PeakNon-PeakNon-PeakNon-PeakNon-PeakNon-PeakNon-PeakNon-PeakNon-PeakNon-PeakNon-PeakNon-PeakNon-PeakNon-PeakNon-PeakNon-PeakNon-PeakNon-PeakNon-PeakNon-PeakNon-PeakNon-PeakNon-PeakNon-PeakNon-PeakNon-PeakNon-PeakNon-PeakNon-PeakNon-PeakNon-PeakNon-PeakNon-PeakNon-PeakNon-PeakNon-PeakNon-PeakNon-PeakNon-PeakNon-PeakNon-PeakNon-PeakNon-PeakNon-PeakNon-PeakNon-PeakNon-PeakNon-PeakPeakPeakPeakPeakPeakPeakPeakPeakPeakPeakPeakPeakPeakPeakPeakPeakPeakPeakPeakPeakPeakPeakPeakPeakPeakPeakPeakPeakPeakPeakPeakPeakPeakPeakPeakPeakPeakPeakPeakPeakPeakPeakPeakPeakPeakPeakPeakPeakPeakPeakPeakPeakPeakPeakPeakPeakPeakPeakPeakPeakPeakPeakPeakPeakPeakPeakPeakPeakPeakPeakPeakPeakPeakPeakPeakPeakPeakPeakPeakPeakPeakPeakPeakPeakPeakPeakPeakPeakPeakPeakPeakPeakPeakPeakPeakPeakPeakPeakPeakPeakPeakPeakPeakPeakPeakPeakPeakPeakPeakPeakPeakPeakPeakPeakPeakPeakPeakPeakPeakPeakPeakPeakPeakPeakPeakPeakPeakPeakPeakPeakPeakPeakPeakPeakPeakPeakPeakPeakPeakPeakPeakPeakPeakPeakPeakPeakPeakPeakPeakPeakPeakPeakPeakPeakPeakPeakPeakPeakPeakPeakPeakPeakPeakPeakPeakPeakPeakPeakPeakPeakPeakPeakPeakPeakNon-PeakNon-PeakNon-PeakNon-PeakNon-PeakNon-PeakNon-PeakNon-PeakNon-PeakNon-PeakNon-PeakNon-PeakNon-PeakNon-PeakNon-PeakNon-PeakNon-PeakNon-PeakNon-PeakNon-PeakNon-PeakNon-PeakNon-PeakNon-PeakNon-PeakNon-PeakNon-PeakNon-PeakNon-PeakNon-PeakNon-PeakNon-PeakNon-PeakNon-PeakNon-PeakNon-PeakNon-PeakNon-PeakNon-PeakNon-PeakNon-PeakNon-PeakNon-PeakNon-PeakNon-PeakNon-PeakNon-PeakNon-PeakNon-PeakNon-PeakNon-PeakNon-PeakNon-PeakNon-PeakNon-PeakNon-PeakNon-PeakNon-PeakNon-PeakNon-PeakNon-PeakNon-PeakNon-PeakNon-PeakNon-PeakNon-PeakNon-PeakNon-PeakNon-PeakNon-PeakNon-PeakNon-PeakNon-PeakNon-PeakNon-PeakNon-PeakNon-PeakNon-PeakNon-PeakNon-PeakNon-PeakNon-PeakNon-PeakNon-PeakNon-PeakNon-PeakNon-PeakNon-PeakNon-PeakNon-PeakNon-PeakNon-PeakNon-PeakNon-PeakNon-PeakNon-PeakNon-PeakNon-PeakNon-PeakNon-PeakNon-PeakNon-PeakNon-PeakNon-PeakNon-PeakNon-PeakNon-PeakNon-PeakNon-PeakNon-PeakNon-PeakNon-PeakNon-PeakNon-PeakNon-PeakNon-PeakNon-PeakNon-PeakNon-PeakNon-PeakNon-PeakNon-PeakNon-PeakNon-PeakNon-PeakNon-PeakNon-PeakNon-PeakNon-PeakNon-PeakNon-PeakNon-PeakNon-PeakNon-PeakNon-PeakNon-PeakNon-PeakNon-PeakNon-PeakNon-PeakNon-PeakNon-PeakNon-PeakNon-PeakNon-PeakNon-PeakNon-PeakNon-PeakNon-PeakNon-PeakNon-PeakNon-PeakNon-PeakNon-PeakNon-PeakNon-PeakNon-PeakNon-PeakNon-PeakNon-PeakNon-PeakNon-PeakNon-PeakNon-PeakNon-PeakNon-PeakNon-PeakNon-PeakNon-PeakNon-PeakNon-PeakNon-PeakNon-PeakNon-PeakNon-PeakNon-PeakNon-PeakNon-PeakNon-PeakNon-PeakNon-PeakNon-PeakNon-PeakNon-PeakNon-PeakNon-PeakNon-PeakNon-PeakNon-PeakNon-PeakNon-PeakNon-PeakNon-PeakNon-PeakNon-PeakNon-PeakNon-PeakNon-PeakNon-PeakNon-PeakNon-PeakNon-PeakNon-PeakNon-PeakNon-PeakNon-PeakNon-PeakNon-PeakNon-PeakNon-PeakNon-PeakNon-PeakNon-PeakNon-PeakNon-PeakNon-PeakNon-PeakNon-PeakNon-PeakNon-PeakNon-PeakNon-PeakNon-PeakNon-PeakNon-PeakNon-PeakNon-PeakNon-PeakNon-PeakNon-PeakNon-PeakNon-PeakNon-PeakNon-PeakNon-PeakNon-PeakNon-PeakNon-PeakNon-PeakNon-PeakNon-PeakNon-PeakNon-PeakNon-PeakNon-PeakNon-PeakNon-PeakNon-PeakNon-PeakNon-PeakNon-PeakNon-PeakNon-PeakNon-PeakNon-PeakNon-PeakNon-PeakNon-PeakNon-PeakNon-PeakNon-PeakNon-PeakNon-PeakNon-PeakNon-PeakNon-PeakNon-PeakNon-PeakNon-PeakNon-PeakNon-PeakNon-PeakNon-PeakNon-PeakNon-PeakNon-PeakNon-PeakNon-PeakNon-PeakNon-PeakNon-PeakNon-PeakNon-PeakNon-PeakNon-PeakNon-PeakNon-PeakNon-PeakNon-PeakNon-PeakNon-PeakNon-PeakNon-PeakNon-PeakNon-PeakNon-PeakNon-PeakNon-PeakNon-PeakNon-PeakNon-PeakNon-PeakNon-PeakNon-PeakNon-PeakNon-PeakNon-PeakNon-PeakNon-PeakNon-PeakNon-PeakNon-PeakNon-PeakNon-PeakNon-PeakNon-PeakNon-PeakPeakPeakPeakPeakPeakPeakPeakPeakPeakPeakPeakPeakPeakPeakPeakPeakPeakPeakPeakPeakPeakPeakPeakPeakPeakPeakPeakPeakPeakPeakPeakPeakPeakPeakPeakPeakPeakPeakPeakPeakPeakPeakPeakPeakPeakPeakPeakPeakPeakPeakPeakPeakPeakPeakPeakPeakPeakPeakPeakPeakPeakPeakPeakPeakPeakPeakPeakPeakPeakPeakPeakPeakPeakPeakPeakPeakPeakPeakPeakPeakPeakPeakPeakPeakPeakPeakPeakPeakPeakPeakPeakPeakPeakPeakPeakPeakPeakPeakPeakPeakPeakPeakPeakPeakPeakPeakPeakPeakPeakPeakPeakPeakPeakPeakPeakPeakPeakPeakPeakPeakPeakPeakPeakPeakPeakPeakPeakPeakPeakPeakPeakNon-PeakNon-PeakNon-PeakNon-PeakNon-PeakNon-PeakNon-PeakNon-PeakNon-PeakNon-PeakNon-PeakNon-PeakNon-PeakNon-PeakNon-PeakNon-PeakNon-PeakNon-PeakNon-PeakNon-PeakNon-PeakNon-PeakNon-PeakNon-PeakNon-PeakNon-PeakNon-PeakNon-PeakNon-PeakNon-PeakNon-PeakNon-PeakNon-PeakNon-PeakNon-PeakNon-PeakNon-PeakNon-PeakNon-PeakNon-PeakNon-PeakNon-PeakNon-PeakNon-PeakNon-PeakNon-PeakNon-PeakNon-PeakNon-PeakNon-PeakNon-PeakNon-PeakNon-PeakNon-PeakNon-PeakNon-PeakNon-PeakNon-PeakNon-PeakNon-PeakNon-PeakNon-PeakNon-PeakNon-PeakNon-PeakNon-PeakNon-PeakNon-PeakNon-PeakNon-PeakNon-PeakNon-PeakNon-PeakNon-PeakNon-PeakNon-PeakNon-PeakNon-PeakNon-PeakNon-PeakNon-PeakNon-PeakNon-PeakNon-PeakNon-PeakNon-PeakNon-PeakNon-PeakNon-PeakNon-PeakNon-PeakNon-PeakNon-PeakNon-PeakNon-PeakNon-PeakNon-PeakNon-PeakNon-PeakNon-PeakNon-PeakNon-PeakNon-PeakNon-PeakNon-PeakNon-PeakNon-PeakNon-PeakNon-PeakNon-PeakNon-PeakNon-PeakNon-PeakNon-PeakNon-PeakNon-PeakNon-PeakNon-PeakNon-PeakNon-PeakNon-PeakNon-PeakNon-PeakNon-PeakNon-PeakNon-PeakNon-PeakNon-PeakNon-PeakNon-PeakNon-PeakNon-PeakNon-PeakNon-PeakNon-PeakNon-PeakNon-PeakNon-PeakNon-PeakNon-PeakNon-PeakNon-PeakNon-PeakNon-PeakNon-PeakNon-PeakNon-PeakNon-PeakNon-PeakNon-PeakNon-PeakNon-PeakNon-PeakNon-PeakNon-PeakNon-PeakNon-PeakNon-PeakNon-PeakNon-PeakNon-PeakNon-PeakNon-PeakNon-PeakNon-PeakNon-PeakNon-PeakNon-PeakNon-PeakNon-PeakNon-PeakNon-PeakNon-PeakNon-PeakNon-PeakNon-PeakNon-PeakNon-PeakNon-PeakNon-PeakNon-PeakNon-PeakNon-PeakNon-PeakNon-PeakNon-PeakNon-PeakNon-PeakNon-PeakNon-PeakNon-PeakNon-PeakNon-PeakNon-PeakNon-PeakNon-PeakNon-PeakNon-PeakNon-PeakNon-PeakNon-PeakNon-PeakNon-PeakNon-PeakNon-PeakNon-PeakNon-PeakPeakPeakPeakPeakPeakPeakPeakPeakPeakPeakPeakPeakPeakPeakPeakPeakPeakPeakPeakPeakPeakPeakPeakPeakPeakPeakPeakPeakPeakPeakPeakPeakPeakPeakPeakPeakPeakPeakPeakPeakPeakPeakPeakPeakPeakPeakPeakPeakPeakPeakPeakPeakPeakPeakPeakPeakPeakPeakPeakPeakPeakPeakPeakPeakPeakPeakPeakPeakPeakPeakPeakPeakPeakPeakPeakPeakPeakPeakPeakPeakPeakPeakPeakPeakPeakPeakPeakPeakPeakPeakPeakPeakPeakPeakPeakPeakPeakPeakPeakPeakPeakPeakPeakPeakPeakPeakPeakPeakPeakPeakPeakPeakPeakPeakPeakPeakPeakPeakPeakPeakPeakPeakPeakPeakPeakPeakPeakPeakPeakPeakPeakPeakPeakPeakPeakPeakPeakPeakPeakPeakPeakPeakPeakPeakPeakPeakPeakPeakPeakPeakPeakPeakPeakPeakPeakPeakPeakPeakPeakPeakPeakPeakPeakPeakPeakPeakPeakPeakPeakNon-PeakNon-PeakNon-PeakNon-PeakNon-PeakNon-PeakNon-PeakNon-PeakNon-PeakNon-PeakNon-PeakNon-PeakNon-PeakNon-PeakNon-PeakNon-PeakNon-PeakNon-PeakNon-PeakNon-PeakNon-PeakNon-PeakNon-PeakNon-PeakNon-PeakNon-PeakNon-PeakNon-PeakNon-PeakNon-PeakNon-PeakNon-PeakNon-PeakNon-PeakNon-PeakNon-PeakNon-PeakNon-PeakNon-PeakNon-PeakNon-PeakNon-PeakNon-PeakNon-PeakNon-PeakNon-PeakNon-PeakNon-PeakNon-PeakNon-PeakNon-PeakNon-PeakNon-PeakNon-PeakNon-PeakNon-PeakNon-PeakNon-PeakNon-PeakNon-PeakNon-PeakNon-PeakNon-PeakNon-PeakNon-PeakNon-PeakNon-PeakNon-PeakNon-PeakNon-PeakNon-PeakNon-PeakNon-PeakNon-PeakNon-PeakNon-PeakNon-PeakNon-PeakNon-PeakNon-PeakNon-PeakNon-PeakNon-PeakNon-PeakNon-PeakNon-PeakNon-PeakNon-PeakNon-PeakNon-PeakNon-PeakNon-PeakNon-PeakNon-PeakNon-PeakNon-PeakNon-PeakNon-PeakNon-PeakNon-PeakNon-PeakNon-PeakNon-PeakNon-PeakNon-PeakNon-PeakNon-PeakNon-PeakNon-PeakNon-PeakNon-PeakNon-PeakNon-PeakNon-PeakNon-PeakNon-PeakNon-PeakNon-PeakNon-PeakNon-PeakNon-PeakNon-PeakNon-PeakNon-PeakNon-PeakNon-PeakNon-PeakNon-PeakNon-PeakNon-PeakNon-PeakNon-PeakNon-PeakNon-PeakNon-PeakNon-PeakNon-PeakNon-PeakNon-PeakNon-PeakNon-PeakNon-PeakNon-PeakNon-PeakNon-PeakNon-PeakNon-PeakNon-PeakNon-PeakNon-PeakNon-PeakNon-PeakNon-PeakNon-PeakNon-PeakNon-PeakNon-PeakNon-PeakNon-PeakNon-PeakNon-PeakNon-PeakNon-PeakNon-PeakNon-PeakNon-PeakNon-PeakNon-PeakNon-PeakNon-PeakNon-PeakNon-PeakNon-PeakNon-PeakNon-PeakNon-PeakNon-PeakNon-PeakNon-PeakNon-PeakNon-PeakNon-PeakNon-PeakNon-PeakNon-PeakNon-PeakNon-PeakNon-PeakNon-PeakNon-PeakNon-PeakNon-PeakNon-PeakNon-PeakNon-PeakNon-PeakNon-PeakNon-PeakNon-PeakNon-PeakNon-PeakNon-PeakNon-PeakNon-PeakNon-PeakNon-PeakNon-PeakNon-PeakNon-PeakNon-PeakNon-PeakNon-PeakNon-PeakNon-PeakNon-PeakNon-PeakNon-PeakNon-PeakNon-PeakNon-PeakNon-PeakNon-PeakNon-PeakNon-PeakNon-PeakNon-PeakNon-PeakNon-PeakNon-PeakNon-PeakNon-PeakNon-PeakNon-PeakNon-PeakNon-PeakNon-PeakNon-PeakNon-PeakNon-PeakNon-PeakNon-PeakNon-PeakNon-PeakNon-PeakNon-PeakNon-PeakNon-PeakNon-PeakNon-PeakNon-PeakNon-PeakNon-PeakNon-PeakNon-PeakNon-PeakNon-PeakNon-PeakNon-PeakNon-PeakNon-PeakNon-PeakNon-PeakNon-PeakNon-PeakNon-PeakNon-PeakNon-PeakNon-PeakNon-PeakNon-PeakNon-PeakNon-PeakNon-PeakNon-PeakNon-PeakNon-PeakNon-PeakNon-PeakNon-PeakNon-PeakNon-PeakNon-PeakNon-PeakNon-PeakNon-PeakNon-PeakNon-PeakPeakPeakPeakPeakPeakPeakPeakPeakPeakPeakPeakPeakPeakPeakPeakPeakPeakPeakPeakPeakPeakPeakPeakPeakPeakPeakPeakPeakPeakPeakPeakPeakPeakPeakPeakPeakPeakPeakPeakPeakPeakPeakPeakPeakPeakPeakPeakPeakPeakPeakPeakPeakPeakPeakPeakPeakPeakPeakPeakPeakPeakPeakPeakPeakPeakPeakPeakPeakPeakPeakPeakPeakPeakPeakPeakPeakPeakPeakPeakPeakPeakPeakPeakPeakPeakPeakPeakPeakPeakPeakPeakPeakPeakPeakPeakPeakPeakPeakPeakPeakPeakPeakPeakPeakPeakPeakPeakPeakPeakPeakPeakPeakPeakPeakPeakPeakPeakPeakPeakPeakPeakPeakPeakPeakPeakPeakPeakPeakPeakPeakPeakPeakPeakNon-PeakNon-PeakNon-PeakNon-PeakNon-PeakNon-PeakNon-PeakNon-PeakNon-PeakNon-PeakNon-PeakNon-PeakNon-PeakNon-PeakNon-PeakNon-PeakNon-PeakNon-PeakNon-PeakNon-PeakNon-PeakNon-PeakNon-PeakNon-PeakNon-PeakNon-PeakNon-PeakNon-PeakNon-PeakNon-PeakNon-PeakNon-PeakNon-PeakNon-PeakNon-PeakNon-PeakNon-PeakNon-PeakNon-PeakNon-PeakNon-PeakNon-PeakNon-PeakNon-PeakNon-PeakNon-PeakNon-PeakNon-PeakNon-PeakNon-PeakNon-PeakNon-PeakNon-PeakNon-PeakNon-PeakNon-PeakNon-PeakNon-PeakNon-PeakNon-PeakNon-PeakNon-PeakNon-PeakNon-PeakNon-PeakNon-PeakNon-PeakNon-PeakNon-PeakNon-PeakNon-PeakNon-PeakNon-PeakNon-PeakNon-PeakNon-PeakNon-PeakNon-PeakNon-PeakNon-PeakNon-PeakNon-PeakNon-PeakNon-PeakNon-PeakNon-PeakNon-PeakNon-PeakNon-PeakNon-PeakNon-PeakNon-PeakNon-PeakNon-PeakNon-PeakNon-PeakNon-PeakNon-PeakNon-PeakNon-PeakNon-PeakNon-PeakNon-PeakNon-PeakNon-PeakNon-PeakNon-PeakNon-PeakNon-PeakNon-PeakNon-PeakNon-PeakNon-PeakNon-PeakNon-PeakNon-PeakNon-PeakNon-PeakNon-PeakNon-PeakNon-PeakNon-PeakNon-PeakNon-PeakNon-PeakNon-PeakNon-PeakNon-PeakNon-PeakNon-PeakNon-PeakNon-PeakNon-PeakNon-PeakNon-PeakNon-PeakNon-PeakNon-PeakNon-PeakNon-PeakNon-PeakNon-PeakNon-PeakNon-PeakNon-PeakNon-PeakNon-PeakNon-PeakNon-PeakNon-PeakNon-PeakNon-PeakNon-PeakNon-PeakNon-PeakNon-PeakNon-PeakNon-PeakNon-PeakNon-PeakNon-PeakNon-PeakNon-PeakNon-PeakNon-PeakNon-PeakNon-PeakNon-PeakNon-PeakNon-PeakNon-PeakNon-PeakNon-PeakNon-PeakNon-PeakNon-PeakNon-PeakNon-PeakNon-PeakNon-PeakNon-PeakNon-PeakNon-PeakNon-PeakNon-PeakNon-PeakNon-PeakNon-PeakNon-PeakNon-PeakNon-PeakNon-PeakNon-PeakNon-PeakNon-PeakNon-PeakNon-PeakNon-PeakPeakPeakPeakPeakPeakPeakPeakPeakPeakPeakPeakPeakPeakPeakPeakPeakPeakPeakPeakPeakPeakPeakPeakPeakPeakPeakPeakPeakPeakPeakPeakPeakPeakPeakPeakPeakPeakPeakPeakPeakPeakPeakPeakPeakPeakPeakPeakPeakPeakPeakPeakPeakPeakPeakPeakPeakPeakPeakPeakPeakPeakPeakPeakPeakPeakPeakPeakPeakPeakPeakPeakPeakPeakPeakPeakPeakPeakPeakPeakPeakPeakPeakPeakPeakPeakPeakPeakPeakPeakPeakPeakPeakPeakPeakPeakPeakPeakPeakPeakPeakPeakPeakPeakPeakPeakPeakPeakPeakPeakPeakPeakPeakPeakPeakPeakPeakPeakPeakPeakPeakPeakPeakPeakPeakPeakPeakPeakPeakPeakPeakPeakPeakPeakPeakPeakPeakPeakPeakPeakPeakPeakPeakPeakPeakPeakPeakPeakPeakPeakPeakPeakPeakPeakPeakPeakPeakPeakPeakPeakPeakPeakPeakPeakNon-PeakNon-PeakNon-PeakNon-PeakNon-PeakNon-PeakNon-PeakNon-PeakNon-PeakNon-PeakNon-PeakNon-PeakNon-PeakNon-PeakNon-PeakNon-PeakNon-PeakNon-PeakNon-PeakNon-PeakNon-PeakNon-PeakNon-PeakNon-PeakNon-PeakNon-PeakNon-PeakNon-PeakNon-PeakNon-PeakNon-PeakNon-PeakNon-PeakNon-PeakNon-PeakNon-PeakNon-PeakNon-PeakNon-PeakNon-PeakNon-PeakNon-PeakNon-PeakNon-PeakNon-PeakNon-PeakNon-PeakNon-PeakNon-PeakNon-PeakNon-PeakNon-PeakNon-PeakNon-PeakNon-PeakNon-PeakNon-PeakNon-PeakNon-Peak
Weekend Rides,13124
Unique Pickup Locations,12982
Unique Destination Locations,12977
Ride Services,5
Payment Methods,5
